ticker,report_date,company,sector,business_description,security_count,principal_usd_millions,amortized_cost_usd_millions,fair_value_usd_millions,portfolio_fair_value_pct
ARCC,2026-06-30,"Ivy Hill Asset Management, L.P.",Financial Services,Asset management services,2,946.0,2646.5,2842.8,9.686091320747002
ARCC,2026-06-30,"Senior Direct Lending Program, LLC",Investment Funds and Vehicles,Co-investment vehicle,2,1153.7,1140.4,1153.7,3.9309285059609596
ARCC,2026-06-30,"High Street Buyer, Inc. and High Street Holdco LLC",Insurance,Insurance brokerage platform,10,45.400000000000006,353.9,384.3,1.3094009056434053
ARCC,2026-06-30,"Denali Intermediate Holdings, Inc. and Denali Parent Holdings, L.P.",Commercial and Professional Services,Provider of business decisioning data and analytics,3,384.1,389.90000000000003,372.0,1.267491899295724
ARCC,2026-06-30,Reddy Ice LLC,Consumer Distribution and Retail,Packaged ice manufacturer and distributor,5,343.6,343.6,343.6,1.1707263887043302
ARCC,2026-06-30,"AthenaHealth Group Inc., Minerva Holdco, Inc. and BCPE Co-Invest (A), LP",Health Care Equipment and Services,Revenue cycle management provider to the physician practices and acute care hospitals,3,0.1,328.3,332.00000000000006,1.1312024477585498
ARCC,2026-06-30,"Digicert, Inc., Dcert Buyer, Inc., DCert Preferred Holdings, Inc. and Destiny Digital Holdings, L.P.",Software and Services,Provider of internet security tools and solutions,4,146.9,375.6,327.9,1.117232778975989
ARCC,2026-06-30,"Symplr Software Inc. and Symplr Software Intermediate Holdings, Inc.",Health Care Equipment and Services,SaaS based healthcare compliance platform provider,9,187.7,421.90000000000003,276.8,0.9431230046372484
ARCC,2026-06-30,"FEH Group, LLC.","Sports, Media and Entertainment",Professional sports team and entertainment complex,3,0.0,187.1,276.2,0.9410786628641908
ARCC,2026-06-30,"Banyan Software Holdings, LLC and Banyan Software Intermediate, Inc.",Software and Services,Vertical software businesses holding company,5,166.8,272.7,272.7,0.9291533358546881
ARCC,2026-06-30,"Himalaya TopCo LLC and BCPE Hyperlink Holdings, LP",Health Care Equipment and Services,Provider of software solutions to healthcare payors,4,263.7,266.1,260.8,0.8886072240223787
ARCC,2026-06-30,"Centralsquare Technologies, LLC and Supermoose Newco, Inc.",Software and Services,Provider of mission-critical software solutions for the public sector,3,144.0,259.3,259.5,0.8841778168474205
ARCC,2026-06-30,Adonis Bidco Inc.,Software and Services,Provider of intellectual property management lifecycle software,2,268.6,268.6,255.2,0.8695267008071741
ARCC,2026-06-30,Plaskolite PPC Intermediate II LLC and Plaskolite PPC Blocker LLC,Materials,Manufacturer of specialized acrylic and polycarbonate sheets,5,273.0,274.00000000000006,254.5,0.8671416354052737
ARCC,2026-06-30,"LHS Borrower, LLC, LH Equity Investors, L.P., Leaf Home, LLC and GC Fund IV Blocker LLC",Consumer Services,A direct-to-consumer home solutions and residential improvements platform,3,174.1,241.39999999999998,241.79999999999998,0.8238697345422206
ARCC,2026-06-30,"Auctane, Inc.",Software and Services,Provider of mailing and shipping solutions,1,245.3,245.3,241.6,0.8231882872845347
ARCC,2026-06-30,"Cornerstone OnDemand, Inc. and Sunshine Software Holdings, Inc.",Software and Services,"Provider of a cloud-based, SaaS platform for talent management",5,163.7,364.6,232.29999999999998,0.7915009898021417
ARCC,2026-06-30,"Apex Clean Energy TopCo, LLC",Independent Power and Renewable Electricity Producers,"Developer, builder and owner of utility-scale wind and solar power facilities",2,0.0,146.0,230.5,0.7853679644829689
ARCC,2026-06-30,eCapital Finance Corp.,Financial Services,Consolidator of commercial finance businesses,8,223.6,221.6,221.3,0.7540213906294186
ARCC,2026-06-30,"CoreLogic, Inc. and T-VIII Celestial Co-Invest LP",Software and Services,"Provider of information, insight, analytics, software and other outsourced services primarily to the mortgage, real estate and insurance sectors",3,168.29999999999998,228.0,218.4,0.7441404053929735
ARCC,2026-06-30,"Apex Service Partners, LLC and Apex Service Partners Holdings, LLC",Consumer Services,"Provider of residential HVAC, plumbing, and electrical maintenance and repair services",3,202.9,209.89999999999998,214.9,0.7322150783834708
ARCC,2026-06-30,"Creek Parent, Inc. and Creek Feeder, L.P.","Pharmaceuticals, Biotechnology and Life Sciences","Provider of delivery technologies, development, drug manufacturing, biologics, gene therapies and consumer health products",3,206.1,213.0,214.4,0.7305114602392561
ARCC,2026-06-30,"Retained Vantage Data Centers Intermediate Holdco, LP and Retained Vantage Data Centers Assets, LP",Data Centers,Global data center developer and operator,1,195.9,195.9,195.9,0.6674775889033129
ARCC,2026-06-30,"SageSure Holdings, LLC and SageSure LLC",Insurance,Insurance service provider,3,58.199999999999996,128.2,187.29999999999998,0.6381753568228202
ARCC,2026-06-30,Miami Beckham United LLC,"Sports, Media and Entertainment",American professional soccer club,2,0.0,187.2,187.2,0.6378346331939773
ARCC,2026-06-30,Silk Holdings III LLC and Silk Holdings I Corp.,Household and Personal Products,Producer of personal care products,4,144.60000000000002,162.70000000000002,186.1,0.634086673276705
ARCC,2026-06-30,"Invited, Inc. and KSL Longdrive Co-Invest, L.P.",Consumer Services,A manager of golf & country clubs throughout the United States,2,181.3,185.8,184.0,0.6269314770710034
ARCC,2026-06-30,"Huskies Parent, Inc., GI Insurity Parent LLC and GI Insurity TopCo LP",Software and Services,Insurance software provider,5,205.89999999999998,214.70000000000002,183.2,0.6242056880402598
ARCC,2026-06-30,Essential Services Holding Corporation and OMERS Mahomes Investment Holdings LLC,Consumer Services,Provider of plumbing and HVAC services,4,160.79999999999998,194.39999999999998,170.4,0.5805930635483639
ARCC,2026-06-30,"Covert HoldCo, LP",Commercial and Professional Services,Environmentally sustainable North American waste-management platform,1,168.6,168.6,165.2,0.5628754348485312
ARCC,2026-06-30,Pike Corporation,Capital Goods,"Provider of a full suite of outsourced construction, repair and engineering services",1,162.2,162.2,160.6,0.5472021479217561
ARCC,2026-06-30,"U.S. Anesthesia Partners, Inc. & U.S. Anesthesia Partners Holdings, Inc.",Health Care Equipment and Services,Anesthesiology service provider,2,147.8,160.70000000000002,159.9,0.5448170825198556
ARCC,2026-06-30,"Datix Bidco Limited and RL Datix Holdings (USA), Inc.",Software and Services,Global healthcare software company that provides software solutions for patient safety and risk management,2,160.8,157.7,159.2,0.5424320171179551
ARCC,2026-06-30,"Cobalt Buyer Sub, Inc., Cobalt Holdings I, LP, and Cobalt Intermediate I, Inc.","Pharmaceuticals, Biotechnology and Life Sciences",Provider of biological products to life science and pharmaceutical companies,7,55.8,175.7,157.3,0.5359582681699393
ARCC,2026-06-30,"HighPeak Energy, Inc.",Energy,Oil and gas exploration and production company,1,156.7,155.8,156.7,0.5339139263968816
ARCC,2026-06-30,"ID.me, LLC and ID.me, Inc.",Software and Services,Provider of remote digital identity verification solutions,3,132.1,150.4,155.1,0.5284623483353946
ARCC,2026-06-30,"Severin Acquisition, LLC",Software and Services,Provider of student information system software solutions to the K-12 education market in North America,2,159.6,159.5,154.7,0.5270994538200229
ARCC,2026-06-30,"Truck-Lite Co., LLC, ECCO Holdings Corp., and Clarity Technologies Holdings, LP",Automobiles and Components,Provider of global transportation safety and productivity applications,3,143.6,149.1,148.9,0.5073374833471326
ARCC,2026-06-30,"Cardinal Parent, Inc. and Packers Software Intermediate Holdings, Inc.",Software and Services,Provider of software and technology-enabled content and analytical solutions to insurance brokers,5,88.1,169.4,147.9,0.5039302470587033
ARCC,2026-06-30,"AQ Sunshine, Inc. and BayPine Regal Co-Invest, LP",Insurance,Specialized insurance broker,2,140.3,145.3,143.9,0.4903013019049858
ARCC,2026-06-30,Flexera Software LLC,Software and Services,"Provider of IT asset management, SaaS management and cloud optimization software products to enterprises",3,145.60000000000002,145.8,142.7,0.4862126183588705
ARCC,2026-06-30,"WorkWave Intermediate II, LLC",Software and Services,Provider of cloud-based field services and fleet management solutions,2,145.3,145.3,142.4,0.48519044747234175
ARCC,2026-06-30,"DecoPac, Inc. and KCAKE Holdings Inc.",Consumer Distribution and Retail,Supplier of cake decorating solutions and products to in-store bakeries,2,129.6,137.0,142.2,0.4845090002146558
ARCC,2026-06-30,"IRI Group Holdings, Inc. and Circana, LLC",Commercial and Professional Services,Market research company focused on the consumer packaged goods industry,2,139.9,139.8,139.9,0.4766723567512683
ARCC,2026-06-30,"Microstar Logistics LLC, Microstar Global Asset Management LLC, MStar Holding Corporation and Kegstar USA Inc.",Commercial and Professional Services,Keg management solutions provider,1,134.1,134.1,134.1,0.456910386278378
ARCC,2026-06-30,"Inszone Mid, LLC and INSZ Holdings, LLC",Insurance,Insurance brokerage firm,5,112.3,122.5,133.7,0.4555474917630062
ARCC,2026-06-30,Carrera Bidco Limited,Consumer Distribution and Retail,Fuel and convenience retailer,1,133.3,135.4,133.3,0.4541845972476345
ARCC,2026-06-30,"NAMSA Holdco, LLC, North American Science Associates, LLC and Cardinal Topco Holdings L.P.","Pharmaceuticals, Biotechnology and Life Sciences",Contract research organization providing research and development and testing of medical devices,3,93.0,114.1,130.2,0.4436221647535034
ARCC,2026-06-30,"Clearwater Analytics, LLC and Clearwater Analytics Holdings, Inc.",Software and Services,"Provider of integrated cloud-based investment portfolio management, accounting, reporting and analytics software",1,130.7,130.7,130.0,0.44294071749581754
ARCC,2026-06-30,People Corporation,Insurance,"Provider of group benefits, group retirement and human resources services",5,128.1,136.2,128.1,0.4364669685478018
ARCC,2026-06-30,"BVI Medical, Inc. and BVI Group Limited",Health Care Equipment and Services,"Developer, manufacturer, and distributor of diverse ophthalmic surgical products",4,150.29999999999998,155.29999999999998,128.0,0.43612624491895885
ARCC,2026-06-30,"Capstone Acquisition Holdings, Inc., Capstone Logistics Holdings, Inc. and Capstone Parent Holdings, LP",Commercial and Professional Services,Outsourced supply chain solutions provider to operators of distribution centers,4,99.2,106.5,125.5,0.42760815419788545
ARCC,2026-06-30,Nexus Buyer LLC,Financial Services,Provider of FDIC-insured deposit placement services,1,124.9,123.9,121.0,0.41227559089995325
ARCC,2026-06-30,"Sunrun Luna Holdco 2021, LLC",Independent Power and Renewable Electricity Producers,Residential solar energy provider,3,122.5,122.5,118.7,0.4044389474365658
ARCC,2026-06-30,"Valcourt Holdings II, LLC and Jobs Holdings, Inc.",Commercial and Professional Services,Provider of window cleaning and building facade maintenance and restoration services,1,117.6,117.6,117.6,0.4006909875192934
ARCC,2026-06-30,FTAI Infrastructure Inc. and FIP RR Holdings LLC,Transportation,Platform acquiring and developing infrastructure assets,2,118.1,117.89999999999999,117.5,0.4003502638904505
ARCC,2026-06-30,Accommodations Plus Technologies LLC,Commercial and Professional Services,Provider of outsourced crew accommodations and logistics management solutions to the airline industry,2,116.9,116.9,116.9,0.39830592211739285
ARCC,2026-06-30,"PracticeTek Purchaser, LLC, PracticeTek MidCo, LLC and GSV PracticeTek Holdings, LLC",Software and Services,Software provider for medical practitioners,4,94.0,123.2,116.8,0.39796519848854994
ARCC,2026-06-30,"Elemica, Inc. and EZ Elemica Holdings, Inc.",Software and Services,SaaS based supply chain management software provider focused on chemical markets,3,113.9,117.60000000000001,116.69999999999999,0.397624474859707
ARCC,2026-06-30,"PetVet Care Centers, LLC",Health Care Equipment and Services,Veterinary hospital operator,2,137.6,137.6,115.5,0.3935357913135918
ARCC,2026-06-30,"Quirch Foods Holdings, LLC",Consumer Distribution and Retail,Specialty food distributor,1,114.4,114.4,114.4,0.3897878313963195
ARCC,2026-06-30,Neptune Bidco US Inc. and Elliott Metron Co-Investor Aggregator L.P.,Commercial and Professional Services,"Provider of audience insights, data and analytics to entertainment industry",4,102.8,106.2,110.6,0.37684033350028784
ARCC,2026-06-30,"Moderna, Inc.","Pharmaceuticals, Biotechnology and Life Sciences",Biotechnology company,1,111.6,111.6,109.9,0.37445526809838736
ARCC,2026-06-30,Werner Finco LP,Capital Goods,"Provider of safety access and secure storage products across access equipment, ladders, and truck & van solutions.",1,109.2,109.2,109.2,0.3720702026964868
ARCC,2026-06-30,"SOC Telemed, Inc. and PSC Spark Holdings, LP",Health Care Equipment and Services,Provider of acute care telemedicine,3,110.6,119.1,109.1,0.3717294790676438
ARCC,2026-06-30,"Hyland Software, Inc.",Software and Services,Enterprise content management software provider,1,108.6,107.7,108.6,0.3700258609234291
ARCC,2026-06-30,Aston Bidco (Holding) Limited,Software and Services,Provider of enterprise software solutions,1,108.5,108.2,108.5,0.36968513729458624
ARCC,2026-06-30,GHX Ultimate Parent Corporation and Nexus TopCo LP,Health Care Equipment and Services,On-demand supply chain automation solutions provider to the healthcare industry,3,109.2,109.2,108.0,0.3679815191503715
ARCC,2026-06-30,Phoenix Operating LLC,Energy,Oil and gas investment company,3,107.0,104.9,105.4,0.3591227048004552
ARCC,2026-06-30,"Imaging Business Machines, L.L.C. and Scanner Holdings Corporation",Capital Goods,Provider of high-speed intelligent document scanning hardware and software,2,20.5,35.1,105.0,0.3577598102850834
ARCC,2026-06-30,"Proofpoint, Inc.",Software and Services,Cybersecurity solutions provider,3,105.2,105.1,101.9,0.34719737779095244
ARCC,2026-06-30,"Foundation Risk Partners, Corp.",Insurance,Full service independent insurance agency,4,101.3,101.3,101.3,0.34515303601789477
ARCC,2026-06-30,WSHP FC Acquisition LLC and WSHP FC Holdings LLC,Health Care Equipment and Services,Provider of biospecimen products for pharma research,5,102.7,105.10000000000001,100.0,0.3407236288429366
ARCC,2026-06-30,"Project Potter Buyer, LLC and Project Potter Parent, L.P.",Software and Services,Software solutions provider to the ready-mix concrete industry,7,96.8,96.8,99.5,0.33902001069872195
ARCC,2026-06-30,NMN Holdings III Corp. and NMN Holdings LP,Health Care Equipment and Services,Provider of complex rehabilitation technology solutions for patients with mobility loss,5,89.9,93.30000000000001,99.4,0.338679287069879
ARCC,2026-06-30,"Blazing Star Parent, LLC",Consumer Distribution and Retail,"Healthcare, pharmacy and retail provider",1,98.9,98.9,98.9,0.33697566892566433
ARCC,2026-06-30,"ISQ Hawkeye Holdco, Inc. and ISQ Hawkeye Holdings, L.P.",Commercial and Professional Services,Provider of commercial and industrial waste processing and disposal services,3,70.39999999999999,84.9,98.2,0.33459060352376374
ARCC,2026-06-30,"HPCC Parent, Inc. and Patriot Container Corp.",Capital Goods,Manufacturer of waste handling and recycling equipment,3,91.1,96.0,95.89999999999999,0.32675396006037616
ARCC,2026-06-30,HuFriedy Group Acquisition LLC,Health Care Equipment and Services,Manufacturer of surgical dental equipment and sterile instruments,3,91.5,91.5,91.5,0.311762120391287
ARCC,2026-06-30,"Sunrun Xanadu Issuer 2019-1, LLC and Sunrun Xanadu Holdings 2019-1, LLC",Independent Power and Renewable Electricity Producers,Residential solar energy provider,2,89.7,89.7,89.7,0.3056290950721141
ARCC,2026-06-30,"ML Holdco, Inc.",Software and Services,"Cloud-based, SaaS lending solutions provider to financial institutions",1,89.6,89.6,87.8,0.2991553461240983
ARCC,2026-06-30,"Centric Brands LLC, Centric Brands TopCo, LLC, and Centric Brands L.P.",Consumer Durables and Apparel,"Designer, marketer and distributor of licensed and owned apparel",4,73.6,72.2,86.3,0.29404449169145425
ARCC,2026-06-30,"Pritchard Industries, LLC and LJ Pritchard TopCo Holdings, LLC",Commercial and Professional Services,Provider of janitorial and facilities management services,3,84.7,93.7,85.2,0.29029653177418197
ARCC,2026-06-30,"Ferrellgas, L.P. and Ferrellgas Partners, L.P.",Gas Utilities,Distributor of propane and related accessories,2,0.0,79.60000000000001,84.80000000000001,0.28893363725881027
ARCC,2026-06-30,"Production Resource Group, L.L.C. and PRG III, LLC","Sports, Media and Entertainment","Provider of rental equipment, labor, production management, scenery, and other products to various entertainment end-markets",5,81.3,94.5,84.4,0.2875707427434385
ARCC,2026-06-30,"ATI Restoration, LLC",Commercial and Professional Services,Provider of disaster recovery services,5,95.8,95.8,84.4,0.2875707427434385
ARCC,2026-06-30,Doxim Inc.,Software and Services,Enterprise content management provider,2,84.3,84.3,84.3,0.28723001911459556
ARCC,2026-06-30,"Mimecast Borrowerco, Inc. and Magnesium Co- Invest SCSp",Software and Services,Cybersecurity solutions provider,3,33.7,71.9,83.9,0.28586712459922387
ARCC,2026-06-30,"EdgeConneX MCN US Finance Co 1, LLC",Data Centers,Global data center developer and operator,1,85.4,85.4,83.7,0.28518567734153794
ARCC,2026-06-30,"Sun Acquirer Corp. and Sun TopCo, LP",Automobiles and Components,Automotive parts and repair services retailer,5,73.3,81.19999999999999,83.4,0.28416350645500915
ARCC,2026-06-30,"Goose Borrower, L.P.",Software and Services,Energy equipment manufacturing and services company,1,83.9,83.9,83.1,0.2831413355684803
ARCC,2026-06-30,"Edition Holdings, Inc. and Enverus, Inc.",Software and Services,SaaS based business analytics company focused on oil and gas industry,2,81.10000000000001,81.10000000000001,79.4,0.2705345613012917
ARCC,2026-06-30,"Implus Footcare, LLC, Implus Holdings, LLC, and Implus Topco, LLC",Consumer Durables and Apparel,Provider of footwear and other accessories,3,45.1,87.0,78.80000000000001,0.2684902195282341
ARCC,2026-06-30,"Global Music Rights, LLC","Sports, Media and Entertainment",Music right management company,2,78.0,78.0,78.8,0.268490219528234
ARCC,2026-06-30,"DRS Holdings III, Inc. and DRS Holdings I, Inc.",Consumer Durables and Apparel,Footwear and orthopedic foot-care brand,3,70.2,78.7,78.6,0.2678087722705481
ARCC,2026-06-30,"Triple JJJ Lube, Corp. and TCC Buyer Holdco, LLC",Consumer Services,Automotive repair services retailer,2,34.3,66.4,77.5,0.2640608123532759
ARCC,2026-06-30,Spruce Bidco II Inc.,Health Care Equipment and Services,Provider of medical devices relating to dialysis treatments and services for kidney disease,4,77.4,78.3,77.4,0.2637200887244329
ARCC,2026-06-30,"LeanTaaS Holdings, Inc.",Software and Services,Provider of SaaS tools to optimize healthcare asset utilization,2,78.4,78.4,76.89999999999999,0.2620164705802182
ARCC,2026-06-30,"Nelipak Holding Company, Nelipak European Holdings Cooperatief U.A., KNPAK Holdings, LP and PAKNK Netherlands Treasury B.V.",Materials,Manufacturer of thermoformed packaging for medical devices,5,66.8,71.9,75.89999999999999,0.25860923429178884
ARCC,2026-06-30,"TopGolf International, LLC and TopGolf Topco, LLC",Consumer Services,Golf focused entertainment complex,3,57.7,76.1,75.5,0.2572463397764171
ARCC,2026-06-30,15484880 Canada Inc. and 15484910 Canada Inc.,Insurance,Independent insurance broker,6,60.3,74.5,75.1,0.2558834452610454
ARCC,2026-06-30,"Spaceship Purchaser, Inc.",Software and Services,SaaS based website builder and hosting platform,2,74.4,74.4,74.4,0.25349837985914486
ARCC,2026-06-30,PLZ Corp.,Materials,Manufacturer of specialty aerosol and liquid products,1,76.4,76.4,74.1,0.25247620897261597
ARCC,2026-06-30,22 HoldCo Limited,"Sports, Media and Entertainment",Sports and entertainment platform,1,72.1,69.6,72.1,0.24566173639575728
ARCC,2026-06-30,"Cards-Live Oak Holdings, Inc.",Commercial and Professional Services,"Provider of solid waste collection services for residential, commercial, and industrial customers",4,71.7,71.7,71.7,0.24429884188038553
ARCC,2026-06-30,"Balrog Acquisition, Inc., Balrog Topco, Inc. and Balrog Parent, L.P.",Consumer Distribution and Retail,Manufacturer and distributor of specialty bakery ingredients,5,50.3,94.3,71.6,0.24395811825154257
ARCC,2026-06-30,"Legends Hospitality Holding Company, LLC, ASM Buyer, Inc., Legends ASM Holdco I, LLC, and Stadium Coinvest (B)-III, L.P.","Sports, Media and Entertainment",Hospitality platform provider of premium experiential services,4,64.9,71.6,70.5,0.24021015833427029
ARCC,2026-06-30,"Sunvair Aerospace Group, Inc. and GB Helios Holdings, L.P.",Capital Goods,"Provider of aircraft component maintenance, repair, and overhaul services",4,68.1,69.1,70.2,0.2391879874477415
ARCC,2026-06-30,"HH-Stella, Inc. and Bedrock Parent Holdings, LP",Commercial and Professional Services,Provider of municipal solid waste transfer management services,6,66.8,70.1,68.6,0.23373640938625448
ARCC,2026-06-30,"365RM Holdco, LLC",Technology Hardware and Equipment,Developer and manufacturer of self-checkout kiosks,2,68.5,68.5,67.69999999999999,0.23066989672666802
ARCC,2026-06-30,"Visual Edge Technology, Inc., VEIT, LLC, and VEIT Topco, LLC",Commercial and Professional Services,Provider of outsourced office solutions with a focus on printer and copier equipment and other parts and supplies,7,60.2,77.1,66.9,0.2279441076959246
ARCC,2026-06-30,Endurance PT Technology Buyer Corporation and Endurance PT Technology Holdings LLC,Capital Goods,Manufacturer of industrial chain and complementary power transmission products for industrial applications,4,57.8,67.0,66.89999999999999,0.22794410769592455
ARCC,2026-06-30,"ZocDoc, Inc.",Health Care Equipment and Services,Healthcare marketplace connecting patients and providers,2,66.5,66.5,66.5,0.22658121318055283
ARCC,2026-06-30,"Zenith AcquisitionCo, LLC",Capital Goods,A family of precision aerospace and defense component companies,1,67.0,67.0,66.3,0.22589976592286695
ARCC,2026-06-30,"CVP Holdco, Inc. and OMERS Wildcats Investment Holdings LLC",Health Care Equipment and Services,Veterinary hospital operator,3,41.8,58.9,65.9,0.22453687140749526
ARCC,2026-06-30,"Tamarack Intermediate, L.L.C. and Tamarack Parent, L.L.C.",Software and Services,"Provider of environment, health, safety, and sustainability software",5,57.800000000000004,62.9,64.9,0.2211296351190659
ARCC,2026-06-30,"GAPCO AIV Interholdco (CP), L.P.",Financial Services,Wealth management and financial planning firm,2,64.9,64.9,64.9,0.2211296351190659
ARCC,2026-06-30,"Shur-Co Acquisition, Inc. and Shur-Co Holdco, Inc.",Consumer Distribution and Retail,"Provider of tarp systems and accessories for trucks, trailers, carts, and specialty equipment used in the agriculture, construction and flatbed markets",6,64.4,64.4,64.4,0.2194260169748512
ARCC,2026-06-30,"WebPT, Inc. and WPT Intermediate Holdco, Inc.",Software and Services,Electronic medical record software provider,2,79.5,79.5,64.39999999999999,0.21942601697485112
ARCC,2026-06-30,"Expereo USA, Inc. and Ristretto Bidco B.V.",Telecommunication Services,Global internet managed service provider,3,66.2,66.2,63.5,0.2163595043152647
ARCC,2026-06-30,Signant Finance One Limited and Bracket Intermediate Holding Corp.,Health Care Equipment and Services,Provider of eClinical software solutions for clinical trial management,3,64.7,64.1,63.4,0.21601878068642177
ARCC,2026-06-30,"AHR Funding Holdings, Inc. and AHR Parent Holdings, LP",Health Care Equipment and Services,Provider of revenue cycle management solutions to hospitals,3,0.0,71.3,62.8,0.21397443891336418
ARCC,2026-06-30,"Teasdale Foods, Inc. and Familia Group Holdings Inc.",Food and Beverage,"Provider of beans, sauces and hominy to the retail, foodservice and wholesale channels",1,83.2,76.3,62.4,0.21261154439799246
ARCC,2026-06-30,"Activate Holdings (US) Corp. and CrossPoint Capital AS SPV, LP",Software and Services,"Provider of software services that support the management and security of computing devices, applications, data, and networks",3,48.699999999999996,59.0,61.89999999999999,0.21090792625377774
ARCC,2026-06-30,"Cascade Parent Inc., Cascade Intermediate II, Inc., and Haveli Cascade Co-Invest I, L.P.",Software and Services,Provider of database management services,4,55.900000000000006,61.2,61.0,0.20784141359419134
ARCC,2026-06-30,"PSC Parent, Inc.",Commercial and Professional Services,Provider of operational services for US petrochemical and refining companies,3,61.0,61.0,61.0,0.20784141359419134
ARCC,2026-06-30,"Cority Software Inc., Cority Software (USA) Inc., and Cority Parent, Inc.",Software and Services,"Provider of environmental, health and safety software to track compliance data",3,61.7,62.1,60.5,0.20613779544997662
ARCC,2026-06-30,"Pelican Products, Inc.",Consumer Durables and Apparel,Flashlights manufacturer,2,62.3,62.3,60.400000000000006,0.20579707182113374
ARCC,2026-06-30,"Archduke Buyer, Inc.",Software and Services,Developer and operator of Java runtime solutions for enterprises applications,1,61.0,61.0,60.4,0.2057970718211337
ARCC,2026-06-30,"Netsmart, Inc. and Netsmart Technologies, Inc.",Software and Services,Developer and operator of health care software and technology solutions,2,61.6,61.6,60.4,0.2057970718211337
ARCC,2026-06-30,"AeriTek Global US Acquisition Inc., AeriTek Global Holdings LLC, and Minus Forty QBD Corp.",Capital Goods,Manufacturer of commercial refrigeration and foodservice equipment,4,59.6,59.6,59.6,0.20307128279039022
ARCC,2026-06-30,"IFH Franchisee Holdings, LLC",Consumer Services,Operator of fitness centers,2,58.8,58.8,58.8,0.2003454937596467
ARCC,2026-06-30,"FlyWheel Acquireco, Inc.",Commercial and Professional Services,"Professional employer organization offering human resources, compliance and risk management services",2,58.6,58.6,58.6,0.19966404650196085
ARCC,2026-06-30,Pathway Vet Alliance LLC and Jedi Group Holdings LLC,Health Care Equipment and Services,Veterinary hospital operator,3,88.4,81.5,57.5,0.1959160865846885
ARCC,2026-06-30,"Arxis, Inc. (fka Qnnect, LLC and Connector TopCo, LP)",Capital Goods,Manufacturer of highly engineered hermetic packaging products,1,0.0,9.9,57.5,0.1959160865846885
ARCC,2026-06-30,"Unifi Aviation North America LLC and Unifi Aviation Canada, Inc.",Commercial and Professional Services,"Provider of outsourced security guard services, outsourced facilities management and outsourced aviation services",2,57.2,57.2,57.2,0.19489391569815975
ARCC,2026-06-30,"HS Purchaser, LLC, and Help/Systems Holdings, Inc.",Software and Services,Provider of IT operations management and cybersecurity software,1,63.6,63.6,56.0,0.1908052321520445
ARCC,2026-06-30,"Flinn Scientific, Inc. and WCI-Quantum Holdings, Inc.",Consumer Services,"Distributor of instructional products, services and resources",7,56.1,56.8,55.199999999999996,0.18807944312130098
ARCC,2026-06-30,"Osmose Utilities Services, Inc. and Pine Intermediate Holding LLC",Capital Goods,Provider of structural integrity management services to transmission and distribution infrastructure,1,55.3,55.3,54.7,0.18637582497708632
ARCC,2026-06-30,"Apple Bidco Holdings, Inc.",Software and Services,Provider of SaaS-based safety and security software to the K-12 school market,2,55.900000000000006,55.900000000000006,54.2,0.18467220683287164
ARCC,2026-06-30,"Bells Parent, Inc.",Capital Goods,"A consulting, engineering, surveying, construction, and environmental services firm",2,54.8,54.8,54.1,0.1843314832040287
ARCC,2026-06-30,TCP Hawker Intermediate LLC,Software and Services,Workforce management solutions provider,3,55.6,55.6,53.8,0.18330931231749986
ARCC,2026-06-30,"Benecon Midco II LLC and Benecon Holdings, LLC",Insurance,Employee benefits provider for small and mid-size employers,2,17.9,45.0,53.6,0.18262786505981402
ARCC,2026-06-30,"Victors Purchaser, LLC and WP Victors Co-Investment, L.P.",Software and Services,Third-party maintenance provider for hardware and data center infrastructure,5,47.3,52.199999999999996,53.50000000000001,0.1822871414309711
ARCC,2026-06-30,MC Accelerate Co-Invest Feeder LP and MC CIF Wealth Management (UK) Ltd.,Financial Services,Global wealth management firm,4,0.0,52.5,52.7,0.1795613524002276
ARCC,2026-06-30,"Amerivet Partners Management, Inc. and AVE Holdings LP",Health Care Equipment and Services,Veterinary practice management platform,3,84.6,81.3,52.4,0.17853918151369877
ARCC,2026-06-30,"Mavis Tire Express Services Topco Corp., Metis HoldCo, Inc., and Metis TopCo, LP",Consumer Distribution and Retail,Auto parts retailer,2,0.0,24.6,52.2,0.1778577342560129
ARCC,2026-06-30,Laboratories Bidco LLC and Laboratories Topco LLC,Commercial and Professional Services,Lab testing services for nicotine containing products,8,67.4,69.8,51.8,0.17649483974064115
ARCC,2026-06-30,"Equinox Holdings, Inc.",Consumer Services,"Operator of luxury, full-service health fitness clubs",2,51.4,50.8,51.4,0.17513194522526943
ARCC,2026-06-30,"VRS Buyer, Inc.",Commercial and Professional Services,Provider of on-site mobile and rail re-fueling solutions,1,51.7,51.7,51.1,0.1741097743387406
ARCC,2026-06-30,"Waverly Advisors, LLC and WAAM Topco, LLC",Financial Services,Wealth management and financial planning firm,5,44.9,47.199999999999996,51.099999999999994,0.17410977433874056
ARCC,2026-06-30,"Helios Service Partners, LLC and Astra Service Partners, LLC",Consumer Services,"Critical HVAC, refrigeration, and plumbing services for commercial businesses",1,50.9,50.9,50.9,0.1734283270810547
ARCC,2026-06-30,"ZenDesk, Inc., Zoro TopCo, Inc. and Zoro TopCo, LP",Software and Services,Provider of cloud-based customer support solutions,4,39.7,52.8,50.9,0.1734283270810547
ARCC,2026-06-30,"FS Squared Holding Corp. and FS Squared, LLC",Consumer Distribution and Retail,Provider of on-site vending and micro market solutions,2,50.7,50.7,50.7,0.17274687982336887
ARCC,2026-06-30,Galway Borrower LLC,Insurance,Insurance service provider,3,51.3,51.3,50.7,0.17274687982336887
ARCC,2026-06-30,Pegasus Aggregator Parent LLC,Health Care Equipment and Services,Emergency air medical services provider,1,0.0,43.2,50.2,0.17104326167915418
ARCC,2026-06-30,"Fever Labs, Inc.","Sports, Media and Entertainment",Technology led marketing and ticketing platform for live events,7,37.300000000000004,47.3,49.7,0.1693396435349395
ARCC,2026-06-30,Burgess Point Purchaser Corporation,Capital Goods,"Remanufacturer of mission-critical and non-discretionary aftermarket vehicle, industrial, energy storage, and solar replacement parts",2,53.0,52.3,49.5,0.16865819627725362
ARCC,2026-06-30,"Computer Services, Inc.",Software and Services,Infrastructure software provider to community banks,1,50.2,50.2,49.2,0.1676360253907248
ARCC,2026-06-30,Slaine Holdings LLC,Insurance,Holding company of insurance service providers,1,49.2,49.2,49.2,0.1676360253907248
ARCC,2026-06-30,"Kellermeyer Bergensons Services, LLC and KBS TopCo, LLC",Commercial and Professional Services,Provider of janitorial and facilities management services,4,64.4,69.3,48.5,0.16525095998882425
ARCC,2026-06-30,Priority Waste Holdings LLC and Priority Waste Holdings Indiana LLC,Commercial and Professional Services,Solid waste services provider,2,48.0,48.0,48.0,0.16354734184460956
ARCC,2026-06-30,"VPP Intermediate Holdings, LLC and VPP Group Holdings, L.P.",Health Care Equipment and Services,Veterinary hospital operator,7,38.4,46.0,47.9,0.16320661821576662
ARCC,2026-06-30,"PDI TA Holdings, Inc., Peachtree Parent, Inc. and Insight PDI Holdings, LLC",Software and Services,Provider of enterprise management software for the convenience retail and petroleum wholesale market,4,11.3,48.9,47.400000000000006,0.16150300007155197
ARCC,2026-06-30,"LJ Perimeter Buyer, Inc. and LJ Perimeter Co-Invest, L.P.",Consumer Distribution and Retail,Distributor of specialty foods,2,38.9,50.5,46.8,0.15945865829849432
ARCC,2026-06-30,Aventine Intermediate LLC & Aventine Holdings II LLC,"Sports, Media and Entertainment",Media and production company,2,62.199999999999996,61.599999999999994,46.599999999999994,0.1587772110408084
ARCC,2026-06-30,"QF Holdings, Inc.",Software and Services,SaaS based electronic health record software provider,2,47.3,47.3,46.4,0.15809576378312257
ARCC,2026-06-30,St Athena Global LLC and St Athena Global Holdings Limited,Consumer Durables and Apparel,Designer and manufacturer of branded premium-quality tableware,3,47.8,46.9,46.3,0.15775504015427963
ARCC,2026-06-30,"Einstein Parent, Inc.",Software and Services,Provider of SaaS based collaborative work management software,1,45.9,45.9,45.9,0.15639214563890788
ARCC,2026-06-30,"GMF Parent, Inc. and GMF Group Holdings, LP",Consumer Distribution and Retail,Distributor of Mediterranean food and beverages,3,41.199999999999996,48.199999999999996,45.300000000000004,0.15434780386585029
ARCC,2026-06-30,"Diligent Corporation and Diligent Preferred Issuer, Inc.",Software and Services,Provider of secure SaaS solutions for board and leadership team documents,4,24.400000000000002,45.900000000000006,44.4,0.15128129120626385
ARCC,2026-06-30,Sport Maska Inc.,Consumer Durables and Apparel,Manufacturer of hockey equipment and related accessories,3,43.900000000000006,44.0,44.300000000000004,0.15094056757742091
ARCC,2026-06-30,Bamboo US BidCo LLC,"Pharmaceuticals, Biotechnology and Life Sciences",Biopharmaceutical company,3,44.8,44.8,44.3,0.15094056757742091
ARCC,2026-06-30,"Astra Energy Group Limited, GNZ Energy Bidco Limited, and Galileo Co-investment Trust I",Energy,Independent fuel provider in New Zealand,2,27.6,35.6,44.3,0.15094056757742091
ARCC,2026-06-30,"Eclipse Topco, Inc., Eclipse Investor Parent, L.P. and Eclipse Buyer, Inc.",Software and Services,Payment processing solution provider,3,35.2,44.0,43.599999999999994,0.14855550217552033
ARCC,2026-06-30,"Surescripts, LLC",Health Care Equipment and Services,"Healthcare network for e-prescription routing, patient eligibility checks, and secure exchange of medical records",2,43.0,43.0,43.0,0.14651116040246273
ARCC,2026-06-30,"Absolute Dental Group LLC and Absolute Dental Equity, LLC",Health Care Equipment and Services,Dental services provider,4,71.6,88.4,43.0,0.14651116040246273
ARCC,2026-06-30,"Extrahop Networks, Inc.",Software and Services,Provider of real-time wire data analytics solutions for application and infrastructure monitoring,3,43.1,43.1,42.7,0.14548898951593395
ARCC,2026-06-30,"The Arcticom Group, LLC and AMCP Mechanical Holdings, LP",Consumer Services,"Refrigeration, heating, ventilation and air conditioning services provider",9,31.9,40.9,42.2,0.14378537137171926
ARCC,2026-06-30,Goodlife Fitness Centers Inc. and AP Rainbow Co-Invest L.P.,Consumer Services,Operator of fitness centers,3,35.3,43.4,42.199999999999996,0.14378537137171923
ARCC,2026-06-30,Oak Funding LLC,Financial Services,Provider of wealth management services,1,41.9,41.9,41.9,0.14276320048519042
ARCC,2026-06-30,"Ministry Brands Holdings, LLC and RCP MB Investments B, L.P.",Software and Services,Software and payment services provider to faith-based institutions,3,38.4,48.0,41.9,0.14276320048519042
ARCC,2026-06-30,"North Haven Fairway Buyer, LLC and Fairway Lawns, LLC",Consumer Services,Provider of lawncare services,5,41.699999999999996,41.699999999999996,41.699999999999996,0.14208175322750455
ARCC,2026-06-30,"Alcami Corporation and ACM Note Holdings, LLC","Pharmaceuticals, Biotechnology and Life Sciences",Outsourced drug development services provider,3,43.0,43.0,41.5,0.14140030596981867
ARCC,2026-06-30,"BCC Blueprint Holdings I, LLC and BCC Blueprint Investments, LLC",Financial Services,Provider of comprehensive suite of investment management and wealth planning solutions,4,23.2,30.4,41.4,0.14105958234097574
ARCC,2026-06-30,Premise Health Holding Corp. and OMERS Bluejay Investment Holdings LP,Health Care Equipment and Services,Provider of employer-sponsored onsite health and wellness clinics and pharmacies,4,22.5,27.9,41.4,0.14105958234097574
ARCC,2026-06-30,"CrossCountry Mortgage, LLC and CrossCountry Holdco, LLC",Financial Services,Mortgage company originating loans in the retail and consumer direct channels,2,0.0,28.0,41.4,0.14105958234097574
ARCC,2026-06-30,"Runway Bidco, LLC",Software and Services,Provider of workload automation software,1,42.3,42.0,41.4,0.14105958234097574
ARCC,2026-06-30,"THG Acquisition, LLC",Insurance,Multi-line insurance broker,2,41.0,41.0,41.0,0.13969668782560402
ARCC,2026-06-30,"OPH NEP Investment, LLC",Capital Goods,"Provider of energy services for multi-family property owners, developers, and managers",3,38.2,38.7,40.9,0.13935596419676105
ARCC,2026-06-30,"Northwinds Holding, Inc. and Northwinds Services Group LLC",Consumer Services,Provider of HVAC and plumbing services,4,35.400000000000006,39.400000000000006,40.400000000000006,0.1376523460525464
ARCC,2026-06-30,"Steward Partners Global Advisory, LLC, Steward Partners Investment Advisory, LLC, Steward Partners Intermediate II, LLC, and Steward Partners New Holdings, LLC",Financial Services,Wealth management platform,4,39.4,39.3,39.7,0.13526728065064586
ARCC,2026-06-30,"Display Holding Company, Inc., Saldon Holdings, Inc. and Fastsigns Holdings Inc.",Consumer Distribution and Retail,Provider of visual communications solutions,6,38.3,38.9,39.5,0.13458583339295996
ARCC,2026-06-30,Internet Truckstop Group LLC,Software and Services,Provider of freight-moving lifecycle software,1,39.5,39.4,39.5,0.13458583339295996
ARCC,2026-06-30,"Florida Food Products, LLC",Food and Beverage,Provider of plant extracts and juices,7,75.5,44.1,38.6,0.13151932073337352
ARCC,2026-06-30,"Reef Lifestyle, LLC",Consumer Durables and Apparel,Apparel retailer,5,38.599999999999994,38.599999999999994,38.599999999999994,0.13151932073337352
ARCC,2026-06-30,"Forza Insurance Holdings, LLC",Insurance,Operator of insurance brands and platforms,1,38.5,38.5,38.5,0.1311785971045306
ARCC,2026-06-30,"NCP-MSI Buyer, Inc. and NCP MSI Co-Invest, LP",Materials,Manufacturing and packaging company for major brands,4,37.5,38.4,38.1,0.12981570258915884
ARCC,2026-06-30,Artemis BidCo 2 LLC,"Pharmaceuticals, Biotechnology and Life Sciences",Developer and manufacturer of in vitro diagnostic immunoassays,1,38.1,38.0,38.1,0.12981570258915884
ARCC,2026-06-30,"NMC Skincare Intermediate Holdings II, LLC","Pharmaceuticals, Biotechnology and Life Sciences","Developer, manufacturer and marketer of skincare products",4,40.1,40.1,37.2,0.12674918992957243
ARCC,2026-06-30,Titan BW Borrower L.P.,Capital Goods,Provider of aftermarket and OEM solutions to the commercial and military aerospace industry,1,37.3,37.1,36.9,0.1257270190430436
ARCC,2026-06-30,"IH Elevate Buyer, Inc. and Integrum Elevate Co-Invest LP",Financial Services,"Provider of investment, financial and retirement planning services",2,34.7,37.300000000000004,36.800000000000004,0.12538629541420068
ARCC,2026-06-30,"UFS, LLC and BV-UFS Aggregator, LLC",Software and Services,Managed IT services and banking solutions provider to community banks,2,36.1,36.6,36.7,0.12504557178535775
ARCC,2026-06-30,"KNPC HoldCo, LLC",Food and Beverage,Producer of trail mix and mixed nut snack products,4,36.7,36.7,36.7,0.12504557178535775
ARCC,2026-06-30,"LJP Purchaser, Inc. and LJP Topco, LP",Commercial and Professional Services,Provider of non-hazardous solid waste and recycling services,4,29.099999999999998,37.099999999999994,36.699999999999996,0.12504557178535772
ARCC,2026-06-30,"Infinity Home Services Holdco, Inc., D'Angelo & Sons Construction Limited and IHS Parent Holdings, L.P.",Consumer Services,Provider of residential roofing and exterior repair and replacement services,8,27.1,36.6,36.5,0.12436412452767186
ARCC,2026-06-30,"Create Music Holdings, LLC","Sports, Media and Entertainment",Music rights management company,2,29.2,36.3,35.8,0.12197905912577128
ARCC,2026-06-30,"Churchill OpCo Holdings LLC and Victory Topco, LP",Automobiles and Components,Operator of collision repair centers,4,29.400000000000002,31.400000000000002,35.1,0.11959399372387075
ARCC,2026-06-30,"EP Purchaser, LLC and TPG VIII EP Co-Invest II, L.P.",Software and Services,Provider of entertainment workforce and production management solutions,2,49.7,52.5,34.4,0.11720892832197019
ARCC,2026-06-30,"CMG HoldCo, LLC and CMG Buyer Holdings, Inc.",Consumer Services,Provider of commercial HVAC equipment maintenance and repair services,5,31.7,34.8,34.0,0.11584603380659843
ARCC,2026-06-30,"Fitness Ventures Holdings, Inc. and Meaningful Partners Fitness Ventures Co-Investment LP",Consumer Services,Crunch Fitness franchisee,4,16.1,28.1,33.400000000000006,0.11380169203354085
ARCC,2026-06-30,"Precision Concepts Parent Inc., Precision Concepts International LLC, and Precision Concepts Canada Corporation",Materials,Manufacturer of diversified packaging solutions and plastic injection molded products,4,33.5,33.5,33.2,0.11312024477585496
ARCC,2026-06-30,"Forward Keystone Holdings, LP",Food and Beverage,Provider of better-for-you breakfast and snacking brand,2,28.6,32.5,33.2,0.11312024477585496
ARCC,2026-06-30,"Merit Software Finance Holdings, LLC",Software and Services,Vertical software businesses holding company,2,33.0,33.0,33.0,0.11243879751816907
ARCC,2026-06-30,"Leviathan Intermediate Holdco, LLC and Leviathan Holdings, L.P.",Consumer Services,Franchising platform offering adolescent development programs,3,31.2,33.3,32.9,0.11209807388932613
ARCC,2026-06-30,"Bayou Intermediate II, LLC",Health Care Equipment and Services,Developer and manufacturer of vascular medical devices,2,33.1,33.1,32.8,0.11175735026048318
ARCC,2026-06-30,"LifeStyles Bidco Ltd., Lifestyles US Holdco, Inc. and LifeStyles Parent, L.P.",Household and Personal Products,Provider of intimate wellness products,4,27.0,30.8,32.6,0.11107590300279734
ARCC,2026-06-30,"Sundance Group Holdings, Inc.",Software and Services,Provider of cloud-based document management and collaboration solutions,3,32.9,32.9,32.6,0.11107590300279734
ARCC,2026-06-30,"Meyer Laboratory, LLC and Meyer Parent, LLC",Materials,Provider of industrial and institutional cleaning chemicals and application systems,4,33.4,33.8,32.4,0.11039445574511145
ARCC,2026-06-30,"Wealth Enhancement Group, LLC",Financial Services,Wealth management and financial planning firm,5,32.5,32.5,32.2,0.1097130084874256
ARCC,2026-06-30,"Vista Higher Learning, LLC",Consumer Services,Developer of print and digital language learning solutions for K–12 and higher education institutions,1,32.8,32.8,32.1,0.10937228485858265
ARCC,2026-06-30,Excelitas Technologies Corp.,Technology Hardware and Equipment,Provider of photonic solutions,1,31.9,31.8,31.9,0.10869083760089676
ARCC,2026-06-30,"AP Adhesives Holdings, LLC",Materials,Distributor of industrial adhesives and equipment,1,32.1,32.1,31.8,0.10835011397205385
ARCC,2026-06-30,"Triwizard Holdings, Inc. and Triwizard Parent, LP",Consumer Services,Parking management and hospitality services provider,5,26.1,29.1,31.7,0.10800939034321089
ARCC,2026-06-30,"Mustang Prospects Purchaser, LLC, Senske Acquisition, Inc., and Mustang Prospects Holdco, LLC",Consumer Services,"Provider of lawn care, tree care and pest control services",6,30.7,31.7,31.7,0.10800939034321089
ARCC,2026-06-30,"ADG, LLC, GEDC Equity, LLC and RC IV GEDC Investor LLC",Health Care Equipment and Services,Dental services provider,3,73.9,99.4,31.5,0.10732794308552503
ARCC,2026-06-30,"Modigent, LLC and OMERS PMC Investment Holdings LLC",Consumer Services,Provider of commercial HVAC services,4,18.4,29.099999999999998,30.5,0.10392070679709567
ARCC,2026-06-30,"TVG-MGT Upper Intermediate Holdings, LLC and Vistria Blocked MGT Investor, LP",Commercial and Professional Services,"Management consulting firm servicing education, technology and public sectors",2,27.9,32.0,30.5,0.10392070679709567
ARCC,2026-06-30,"Cloud Software Group, Inc., Picard Parent, Inc., Cloud Software Group Holdings, Inc., Picard HoldCo, LLC and Elliott Alto Co-Investor Aggregator L.P.",Software and Services,"Provider of server, application and desktop virtualization, networking, software as a service, and cloud computing technologies",1,0.0,12.3,30.5,0.10392070679709567
ARCC,2026-06-30,"Premier Specialties, Inc. and RMCF V CIV XLIV, L.P.",Household and Personal Products,Manufacturer and supplier of natural fragrance materials and cosmeceuticals,3,29.9,34.9,30.5,0.10392070679709567
ARCC,2026-06-30,"Sapphire Software Buyer, Inc.",Software and Services,Provider of application security testing solutions,1,31.3,31.3,30.4,0.1035799831682527
ARCC,2026-06-30,"Spark Purchaser, Inc.",Software and Services,Software platform for Medicare application process,1,30.3,30.3,30.3,0.1032392595394098
ARCC,2026-06-30,"Pave America Holding, LLC",Capital Goods,Provider of high-quality asphalt and concrete services for commercial properties,2,30.2,30.2,30.2,0.10289853591056684
ARCC,2026-06-30,"JSG II, Inc. and Checkers USA, Inc.",Capital Goods,Manufacturer and supplier of non-PPE safety solutions for compliance-driven end markets,1,29.9,29.7,29.9,0.10187636502403805
ARCC,2026-06-30,"South Florida Motorsports, LLC","Sports, Media and Entertainment",Professional sporting event,1,0.0,5.5,29.9,0.10187636502403805
ARCC,2026-06-30,WRE Sports Investments LLC,"Sports, Media and Entertainment",Professional sports club,1,29.8,29.8,29.8,0.10153564139519511
ARCC,2026-06-30,"Rawlings Sporting Goods Company, Inc. and SEP Diamond Fund, L.P.",Consumer Durables and Apparel,Sports equipment manufacturing company,5,9.1,20.2,29.1,0.09915057599329455
ARCC,2026-06-30,"SGM Acquisition Sub, LLC and Schill Holdings, LP",Commercial and Professional Services,"Provider of landscape design and planning, and snow removal services",3,27.6,29.1,28.900000000000002,0.09846912873560869
ARCC,2026-06-30,"Rialto Management Group, LLC",Financial Services,Investment and asset management platform focused on real estate,3,28.799999999999997,28.700000000000003,28.799999999999997,0.09812840510676572
ARCC,2026-06-30,Convera International Holdings Limited and Convera International Financial S.A R.L.,Financial Services,Provider of B2B international payment and FX risk management solutions,2,28.5,28.5,28.5,0.09710623422023693
ARCC,2026-06-30,"Blue Raven Solutions, LLC, Triman Industries, Inc., and Crestwood Technology Group, LLC",Capital Goods,"Provider of distribution, supply chain, and repair management services for the military aftermarket",1,29.1,29.1,28.5,0.09710623422023693
ARCC,2026-06-30,"Modernizing Medicine, Inc. and ModMed Software Midco Holdings, Inc.",Software and Services,"Provider of practice management, EHR, and RCM software to medical specialists",1,0.0,28.4,28.4,0.09676551059139399
ARCC,2026-06-30,"Arrow Borrower 2025, Inc.",Software and Services,Provider of accounts payable automation software and payment solutions,1,28.3,28.3,28.0,0.09540261607602225
ARCC,2026-06-30,"Lido Advisors, LLC and LAL Group Holdings, LLC",Financial Services,Wealth management and financial planning firm,5,13.3,28.9,28.0,0.09540261607602225
ARCC,2026-06-30,"Flint OpCo, LLC",Consumer Services,Provider of residential HVAC and plumbing services,4,27.9,27.9,27.9,0.0950618924471793
ARCC,2026-06-30,"DP Flores Holdings, LLC",Commercial and Professional Services,Benefits administrator of tax-advantaged reimbursement plans,1,28.1,28.1,27.8,0.09472116881833638
ARCC,2026-06-30,"Quick Quack Car Wash Holdings, LLC and KKR Game Changer Co-Invest Feeder II L.P.",Consumer Services,Car wash operator,3,16.5,27.7,27.7,0.09438044518949344
ARCC,2026-06-30,"Maravai Intermediate Holdings, LLC","Pharmaceuticals, Biotechnology and Life Sciences",Life sciences tools platform,1,28.1,28.1,27.7,0.09438044518949344
ARCC,2026-06-30,"Businessolver.com, Inc.",Software and Services,Provider of SaaS-based benefits solutions for employers and employees,1,28.0,28.0,27.7,0.09438044518949344
ARCC,2026-06-30,"Revival Animal Health, LLC",Health Care Equipment and Services,B2B distributor of animal health products,3,30.400000000000002,30.400000000000002,27.6,0.0940397215606505
ARCC,2026-06-30,"Royal Borrower, LLC and Royal Parent, LP",Consumer Distribution and Retail,Distributor of fresh produce and dairy products,3,25.2,27.9,27.599999999999998,0.09403972156065049
ARCC,2026-06-30,"Telle Tire & Auto Service, LLC, Telle Tire Holdco, LLC, and Next Horizon Capital TireCo SPV, LP",Automobiles and Components,Provider of automobile parts and auto repair services,6,27.1,27.400000000000002,27.5,0.09369899793180757
ARCC,2026-06-30,Adonis Acquisition Holdings LLC and Adonis Acquisition Holdings Parent LLC,Materials,Producer and filler of aluminum beverage cans,3,19.5,37.1,27.2,0.09267682704527876
ARCC,2026-06-30,Johnnie-O Inc. and Johnnie-O Holdings Inc.,Consumer Durables and Apparel,Apparel retailer,3,17.5,23.099999999999998,27.2,0.09267682704527876
ARCC,2026-06-30,Moonraker AcquisitionCo LLC and Moonraker HoldCo LLC,Software and Services,Leading technology solution provider for casing and auditioning to the entertainment industry,2,23.4,29.5,26.9,0.09165465615874993
ARCC,2026-06-30,Medlar Bidco Limited,Financial Services,Provider of fund and corporate services to alternative assets industry,1,26.8,26.9,26.8,0.09131393252990701
ARCC,2026-06-30,"Crown CT Parent Inc., Crown CT HoldCo Inc. and Crown CT Management LLC",Health Care Equipment and Services,Provider of medical devices and services for the treatment of positional plagiocephaly,4,23.8,26.0,26.7,0.09097320890106407
ARCC,2026-06-30,"Aledade, Inc.",Health Care Equipment and Services,Network of independent primary care groups to serve patients through value-based care,1,26.6,26.6,26.6,0.09063248527222115
ARCC,2026-06-30,"Novipax Buyer, L.L.C. and Novipax Parent Holding Company, L.L.C.",Materials,Developer and manufacturer of absorbent pads for food products,4,22.7,27.299999999999997,26.5,0.0902917616433782
ARCC,2026-06-30,"Horizon Avionics Buyer, LLC and Horizon CTS Buyer, LLC",Capital Goods,"Manufacturer of mission critical, IP-driven avionics products and provider of an integrated suite of pilot training solutions",3,26.4,26.4,26.4,0.08995103801453526
ARCC,2026-06-30,"Elevation Services Parent Holdings, LLC",Commercial and Professional Services,Elevator service platform,4,26.1,26.1,26.1,0.08892886712800645
ARCC,2026-06-30,"MSIS Holdings, Inc. and MS Precision Parent, LP",Commercial and Professional Services,Provider of heavy industrial machinery maintenance and repair services,3,24.4,25.599999999999998,25.9,0.08824741987032057
ARCC,2026-06-30,"Saber Parent Holdings Corp. and MSHC, Inc.",Consumer Services,"Provider of aftermarket maintenance, repair, and replacement services for commercial HVAC equipments",3,26.1,26.1,25.700000000000003,0.08756597261263471
ARCC,2026-06-30,"Spindrift Beverage Co., Inc. and SBC Aggregator LP",Food and Beverage,Premium flavored sparkling water brand,3,12.9,21.6,25.5,0.08688452535494882
ARCC,2026-06-30,Kaseya Inc. and Knockout Intermediate Holdings I Inc.,Software and Services,Provider of cloud-based software and technology solutions for small and medium sized businesses,1,0.0,36.6,25.2,0.08586235446842001
ARCC,2026-06-30,Kairos Bidco Limited,Software and Services,Provider of financial data analytics software,2,25.1,25.1,25.1,0.08552163083957709
ARCC,2026-06-30,"Mr. Greens Intermediate, LLC, Florida Veg Investments LLC, MRG Texas, LLC and Restaurant Produce and Services Blocker, LLC",Consumer Distribution and Retail,Produce distribution platform,5,15.6,25.799999999999997,25.1,0.08552163083957709
ARCC,2026-06-30,"Koala Investment Holdings, Inc.",Insurance,Insurance brokerage platform,2,25.4,25.4,24.8,0.08449945995304828
ARCC,2026-06-30,"W.S. Connelly & Co., LLC and WSC Ultimate Holdings, LLC",Commercial and Professional Services,"Provider of agronomics products for landscapers, contractors and golf course end users",4,23.4,24.5,24.8,0.08449945995304828
ARCC,2026-06-30,GS SEER Group Borrower LLC and GS SEER Group Holdings LLC,Consumer Services,"Provider of commercial and residential HVAC, electrical, and plumbing services",3,26.599999999999998,31.0,24.700000000000003,0.08415873632420535
ARCC,2026-06-30,"Avalign Holdings, Inc. and Avalign Technologies, Inc.",Health Care Equipment and Services,Full-service contract manufacturer of medical device components for the orthopedic OEM industry,2,44.1,43.7,24.7,0.08415873632420534
ARCC,2026-06-30,"Continental Acquisition Holdings, Inc. and Continental Group Holdings, L.P.",Automobiles and Components,"Distributor of aftermarket batteries to the electric utility vehicle, automotive, commercial, marine and industrial markets",3,51.2,42.5,24.599999999999998,0.08381801269536239
ARCC,2026-06-30,"Safe Home Security, Inc., Security Systems Inc., Safe Home Monitoring, Inc., National Protective Services, Inc., Bright Integrations LLC and Medguard Alert, Inc.",Consumer Services,Provider of safety systems for business and residential customers,1,25.0,25.0,24.5,0.08347728906651947
ARCC,2026-06-30,"Paris US Holdco, Inc. and Trimaster Manufacturing Inc.",Capital Goods,Manufacturer of high-tolerance precision machined components and assemblies for the aerospace and defense industry,3,24.1,24.1,24.1,0.08211439455114773
ARCC,2026-06-30,"Hills Distribution, Inc., Hills Intermediate FT Holdings, LLC and GMP Hills, LP",Consumer Distribution and Retail,"Distributor of HVAC, plumbing, and water heater equipment, parts, supplies and fixtures",4,14.7,20.6,24.0,0.08177367092230478
ARCC,2026-06-30,"Shoes For Crews Global, LLC and Shoes For Crews Holdings, LLC",Consumer Durables and Apparel,Manufacturer and distributor of slip resistant footwear,4,11.4,21.9,24.0,0.08177367092230478
ARCC,2026-06-30,"Thermostat Purchaser III, Inc.",Commercial and Professional Services,Provider of commercial HVAC equipment maintenance and repair services,2,24.1,24.1,23.900000000000002,0.08143294729346186
ARCC,2026-06-30,"Frontline Road Safety Operations, LLC",Commercial and Professional Services,Provider of pavement marking services to roadways,4,24.200000000000003,24.200000000000003,23.9,0.08143294729346183
ARCC,2026-06-30,"Bolt Newco Holdings, L.P. and Bolt Purchaser, LLC",Automobiles and Components,Automotive repair services retailer,2,18.4,24.099999999999998,23.9,0.08143294729346183
ARCC,2026-06-30,"HBH Buyer, LLC",Food and Beverage,Food retailer specializing in fully cooked hams and catering services,1,23.7,23.7,23.7,0.08075150003577597
ARCC,2026-06-30,Talon Buyer Inc. and Talon Holdings SCSP,Commercial and Professional Services,Provider of fire safety and life safety services,2,16.1,22.5,23.7,0.08075150003577597
ARCC,2026-06-30,"DriveCentric Holdings, LLC",Software and Services,Provider of CRM software to the automotive dealership industry,2,23.7,23.7,23.7,0.08075150003577597
ARCC,2026-06-30,RD Holdco Inc.,Household and Personal Products,Manufacturer and marketer of carpet cleaning machines,4,0.0,31.5,23.7,0.08075150003577597
ARCC,2026-06-30,"CMI Parent, Inc.",Health Care Equipment and Services,Developer and manufacturer of regenerative medical devices and implants,1,23.6,23.6,23.4,0.07972932914924716
ARCC,2026-06-30,"Merit Financial Group, LLC and CWC Fund I (MFA) LP",Financial Services,Registered investment adviser platform,2,17.7,22.799999999999997,23.4,0.07972932914924716
ARCC,2026-06-30,"Ardonagh Midco 3 Limited, Ardonagh Group Finco Pty Limited, Ardonagh Finco LLC, Ardonagh Finco B.V., and MDCP Co-Investors (Jade I), L.P.",Insurance,Insurance broker and underwriting servicer,1,0.0,24.1,23.2,0.07904788189156128
ARCC,2026-06-30,LEG Purchaser Inc.,Capital Goods,Manufacturer of refuse collection vehicles and related parts,2,22.5,22.400000000000002,23.1,0.07870715826271836
ARCC,2026-06-30,"United Digestive MSO Parent, LLC and Koln Co-Invest Unblocked, LP",Health Care Equipment and Services,Gastroenterology physician group,3,14.8,19.4,23.1,0.07870715826271836
ARCC,2026-06-30,"Birdie Bidco, Inc.",Consumer Services,Golf club owner and operator,1,22.9,22.9,22.9,0.07802571100503247
ARCC,2026-06-30,"Petvisor Holdings, LLC",Software and Services,Provider of veterinarian-focused SaaS solutions,3,23.1,23.1,22.700000000000003,0.07734426374734663
ARCC,2026-06-30,"Airx Climate Solutions, Inc.",Capital Goods,Provider of commercial HVAC equipment and services,3,22.6,22.6,22.5,0.07666281648966074
ARCC,2026-06-30,"UKG Inc. and H&F Unite Partners, L.P.",Software and Services,Provider of cloud based HCM solutions for businesses,1,0.0,12.6,22.4,0.07632209286081779
ARCC,2026-06-30,"Sunk Rock Foundry Partners LP, Hatteras Electrical Manufacturing Holding Company and Sigma Electric Manufacturing Corporation",Capital Goods,"Manufacturer of metal castings, precision machined components and sub-assemblies in the electrical products, power transmission and distribution and general industrial markets",4,22.4,22.4,22.4,0.07632209286081779
ARCC,2026-06-30,Therapy Brands Holdings LLC,Health Care Equipment and Services,Provider of software solutions for the mental and behavioral health market segments,1,29.1,29.0,22.4,0.07632209286081779
ARCC,2026-06-30,"VPROP Operating, LLC and V SandCo, LLC",Energy,Sand-based proppant producer and distributor to the oil and natural gas industry,5,56.099999999999994,84.8,22.3,0.07598136923197486
ARCC,2026-06-30,"Spirit RR Holdings, Inc. and Winterfell Co-Invest SCSp",Software and Services,"Provider of data, analytics, news, and workflow tools to customers in the counter-cyclical distressed debt space",3,2.5,12.7,22.3,0.07598136923197486
ARCC,2026-06-30,"Reagent Chemical & Research, LLC",Materials,Supplier of liquid hydrochloric acid,3,22.3,22.200000000000003,22.3,0.07598136923197486
ARCC,2026-06-30,"Evolent Health LLC and Evolent Health, Inc.",Health Care Equipment and Services,Medical technology company focused on value based care services and payment solutions,2,22.1,22.1,22.2,0.07564064560313193
ARCC,2026-06-30,"TSWT Acquisition, Inc. and TSWT Holdings, LLC",Consumer Services,"Provider of residential home services specializing in HVAC, electrical and plumbing services",4,21.099999999999998,21.999999999999996,22.2,0.07564064560313193
ARCC,2026-06-30,"U.S. Urology Partners, LLC, General Atlantic (USU) Blocker Collection Holdco, L.P., and General Atlantic (USU-2) Coinvest, L.P.",Health Care Equipment and Services,Integrated urologic care platform,5,17.8,20.5,22.1,0.075299921974289
ARCC,2026-06-30,"Pluralsight, LLC and Pluralsight Holdings, LLC and Paradigmatic Holdco LLC",Software and Services,Online education learning platform,3,45.5,57.9,21.8,0.07427775108776019
ARCC,2026-06-30,"ESHA Intermediate, LLC",Software and Services,Provider of nutritional information and software as a services (SaaS) compliance solutions,1,22.2,22.2,21.8,0.07427775108776019
ARCC,2026-06-30,"Two Six Labs, LLC",Capital Goods,"Provider of information operations, cyber, and data analytics products and services for government and defense contracts",1,21.8,21.8,21.8,0.07427775108776019
ARCC,2026-06-30,CFC Funding LLC,"Sports, Media and Entertainment",SME-related SPV,1,0.0,21.2,21.2,0.07223340931470255
ARCC,2026-06-30,"PCIA SPV-3, LLC and ASE Royal Aggregator, LLC",Financial Services,Provider of comprehensive wealth management services,2,5.8,12.3,21.0,0.07155196205701668
ARCC,2026-06-30,"Trading Technologies International, Inc.",Software and Services,Order and execution management software provider,1,21.2,21.2,20.8,0.07087051479933082
ARCC,2026-06-30,ASP-r-pac Acquisition CO LLC and ASP-r-pac Holdings LP,Materials,Manufacturer and supplier of printed packaging and trimmings,2,2.8,23.0,20.8,0.07087051479933082
ARCC,2026-06-30,"TPG IX Cardiff Debt HoldCo I, LLC, TPG IX Cardiff Debt Holdco II, LLC, TPG IX Cardiff CI I, L.P., and TPG IX Cardiff CI II, L.P.",Financial Services,Provider of comprehensive wealth management services,3,11.7,18.099999999999998,20.799999999999997,0.0708705147993308
ARCC,2026-06-30,"Ground Penetrating Radar Systems, LLC and RC VI Buckeye Holdings LLC",Capital Goods,Provider of underground utility locating and concrete scanning,2,0.5,18.0,20.7,0.07052979117048787
ARCC,2026-06-30,"MP Midco Holdings, LLC and MP Topco Holdings, LLC",Materials,Food contract manufacturer,2,8.9,13.7,20.6,0.07018906754164494
ARCC,2026-06-30,"PerkinElmer U.S. LLC and NM Polaris Co-Invest, L.P.",Technology Hardware and Equipment,Provider of analytical instrumentation and testing equipment and services,3,2.7,17.4,20.6,0.07018906754164494
ARCC,2026-06-30,"Bad Vibes Forever, LLC and Bad Vibes Forever Publishing, LLC","Sports, Media and Entertainment",The estate and entity that owns the music copyright of the artist XXXTentacion,1,20.4,20.4,20.4,0.06950762028395906
ARCC,2026-06-30,Mari Events Midco LLC and AE EventsCo Holdings LLC,"Sports, Media and Entertainment",Sports and entertainment company,4,5.3,19.0,20.4,0.06950762028395906
ARCC,2026-06-30,"The Mather Group, LLC, TVG-TMG Topco, Inc., and TVG-TMG Holdings, LLC",Financial Services,Provider of comprehensive wealth management services,6,9.0,16.2,20.299999999999997,0.06916689665511612
ARCC,2026-06-30,"PestCo Holdings, LLC and PestCo, LLC",Consumer Services,Provider of pest control services to the residential and commercial markets,3,17.1,18.9,20.200000000000003,0.0688261730262732
ARCC,2026-06-30,"BGIF IV Fearless Utility Services, Inc.",Capital Goods,Maintenance and installation service provider for electric transmission and distribution infrastructure,2,20.099999999999998,20.099999999999998,20.099999999999998,0.06848544939743025
ARCC,2026-06-30,"Registrar Intermediate, LLC and PSP Registrar Co-Investment Fund, L.P.",Commercial and Professional Services,Provider of FDA registration and consulting services,4,18.5,21.2,20.0,0.06814472576858731
ARCC,2026-06-30,"North Star Acquisitionco, LLC and Toucan Bidco Limited",Software and Services,Literacy solution software provider for grades k-12,4,20.2,19.3,20.0,0.06814472576858731
ARCC,2026-06-30,"Aptean, Inc. and Aptean Acquiror Inc.",Software and Services,"Provider of CRM, ERP and supply chain software application",2,20.0,19.900000000000002,19.8,0.06746327851090145
ARCC,2026-06-30,Transit Technologies LLC,Software and Services,Provider of transportation management software and specialty telematics solutions,2,20.1,20.1,19.8,0.06746327851090145
ARCC,2026-06-30,"Color Intermediate, LLC",Health Care Equipment and Services,Provider of pre-payment integrity software solution,1,19.7,19.7,19.7,0.0671225548820585
ARCC,2026-06-30,"Jones Fish Hatcheries & Distributors, LLC and Pond Management Group Holdings, LLC",Commercial and Professional Services,Provider of lake and pond management services,2,17.1,19.700000000000003,19.6,0.06678183125321557
ARCC,2026-06-30,LBC Woodlands Purchaser LLC and LBC Woodlands Holdings LP,Commercial and Professional Services,Provider of human resources and workforce management solutions,3,19.099999999999998,20.299999999999997,19.3,0.06575966036668676
ARCC,2026-06-30,"Gula Buyer Inc. and Gula Co-Invest II, L.P.","Pharmaceuticals, Biotechnology and Life Sciences",Distributor and manufacturer of veterinarian-grade pet prescription medications and health products,2,18.5,19.0,19.2,0.06541893673784382
ARCC,2026-06-30,"Alcresta Therapeutics, Inc.",Health Care Equipment and Services,A commercial-stage medical device company,3,19.1,19.1,19.1,0.0650782131090009
ARCC,2026-06-30,Team Acquisition Corporation,Consumer Durables and Apparel,Provider of team uniforms and athletic wear,2,39.800000000000004,39.2,18.7,0.06371531859362914
ARCC,2026-06-30,Rodeo AcquisitionCo LLC,Commercial and Professional Services,Provider of food inspection and recovery services,2,18.599999999999998,18.599999999999998,18.599999999999998,0.0633745949647862
ARCC,2026-06-30,"Divisions Holding Corporation, Divisions, Inc. and RC V Tecmo Investor LLC",Commercial and Professional Services,Technology based aggregator for facility maintenance services,3,2.0,8.7,18.5,0.06303387133594326
ARCC,2026-06-30,"Shout! Factory, LLC","Sports, Media and Entertainment","Multi-platform media company specialized in film and TV distribution, development and production",2,18.5,18.5,18.200000000000003,0.062011700449414474
ARCC,2026-06-30,"Demakes FinanceCo, LLC",Food and Beverage,Value-added protein manufacturer,2,18.2,18.2,18.2,0.06201170044941445
ARCC,2026-06-30,"Vamos Bidco, Inc.",Software and Services,Provider of software and data services to the alcoholic beverage industry,2,18.4,18.4,18.2,0.06201170044941445
ARCC,2026-06-30,"Guidepoint Security Holdings, LLC",Software and Services,Cybersecurity solutions provider,4,18.1,18.1,18.1,0.06167097682057153
ARCC,2026-06-30,"SV Newco 2, Inc. and Site 2020 Incorporated",Commercial and Professional Services,Provider of outsourced traffic control safety services,4,18.1,18.1,18.1,0.06167097682057153
ARCC,2026-06-30,"Higginbotham Insurance Agency, Inc., HIG Operations Holdings, Inc., and HIG Intermediate, Inc.",Insurance,Independent retail insurance broker,4,16.8,17.8,17.8,0.06064880593404272
ARCC,2026-06-30,"Dynamic NC Aerospace Holdings, LLC and Dynamic NC Investment Holdings, LP",Capital Goods,Provider of aerospace technology and equipment,1,0.0,9.8,17.8,0.06064880593404272
ARCC,2026-06-30,Borrower R365 Holdings LLC,Software and Services,Provider of restaurant enterprise resource planning systems,2,17.8,17.8,17.8,0.06064880593404272
ARCC,2026-06-30,"Kings Buyer, LLC",Commercial and Professional Services,Provider of comprehensive outsourced waste management consolidation services,2,19.0,19.0,17.7,0.060308082305199774
ARCC,2026-06-30,"Galaxy Buyer, Inc. and Galaxy Topco I, L.P.",Health Care Equipment and Services,Provider of Laboratory Information Management Systems (LIMS) and informatics solutions,2,16.1,17.5,17.7,0.060308082305199774
ARCC,2026-06-30,ACP Avenu Midco LLC,Software and Services,Provider of technology solutions and hardware to U.S. state and local governments and motor vehicle agencies,3,17.6,17.4,17.6,0.05996735867635685
ARCC,2026-06-30,"PumpTech, LLC and Impel CV-B, LP",Capital Goods,"Provider of flow control equipment and related services including pumping products and process solutions for water, wastewater, and industrial applications",2,17.8,18.6,17.5,0.05962663504751391
ARCC,2026-06-30,"Rocket Buyer, LLC",Commercial and Professional Services,Provider of security systems to enterprises,2,17.4,17.4,17.2,0.058604464160985095
ARCC,2026-06-30,GTCR F Buyer Corp. and GTCR (D) Investors LP,Financial Services,Provider of end-to-end tech-enabled administrative services to private foundations,3,6.1,11.0,17.2,0.058604464160985095
ARCC,2026-06-30,"Vertex Service Partners, LLC and Vertex Service Partners Holdings, LLC",Consumer Services,Provider of residential roofing repair & replacement,4,19.7,19.9,17.1,0.05826374053214216
ARCC,2026-06-30,"BGI Purchaser, Inc.",Consumer Distribution and Retail,Developer and manufacturer of customized natural and clean flavorings for the food & beverage end market,2,17.0,17.0,17.0,0.057923016903299214
ARCC,2026-06-30,Aerin Medical Inc.,Health Care Equipment and Services,Developer and manufacturer of non-invasive nasal treatment solutions,2,16.1,16.9,16.9,0.057582293274456284
ARCC,2026-06-30,"GPM Investments, LLC and ARKO Corp.",Consumer Distribution and Retail,Convenience store operator,1,0.0,19.8,16.8,0.05724156964561335
ARCC,2026-06-30,3 Step Sports LLC,"Sports, Media and Entertainment",Provider of integrated youth sports solutions,3,16.8,16.8,16.8,0.05724156964561335
ARCC,2026-06-30,"TCI Buyer LLC and TCI Holdings, LP",Household and Personal Products,Contract formulator and manufacturer of beauty and personal care products,2,14.8,17.2,16.7,0.0569008460167704
ARCC,2026-06-30,"HP RSS Buyer, Inc.",Commercial and Professional Services,"Provider of road striping, and road safety related services",1,16.7,16.7,16.7,0.0569008460167704
ARCC,2026-06-30,"Bobcat Purchaser, LLC and Bobcat Topco, L.P.",Software and Services,Healthcare software provider,2,15.4,17.1,16.7,0.0569008460167704
ARCC,2026-06-30,"Bottomline Technologies, Inc.",Software and Services,Provider of payment automation solutions,1,16.5,16.5,16.5,0.056219398759084535
ARCC,2026-06-30,"Radwell Parent, LLC",Capital Goods,"Distributor of maintenance, repair, and operations parts",4,16.5,16.4,16.4,0.05587867513024159
ARCC,2026-06-30,UP Intermediate II LLC and UPBW Blocker LLC,Commercial and Professional Services,"Provider of essential mechanical, electrical and plumbing services to commercial customers",5,5.3,12.8,16.3,0.05553795150139867
ARCC,2026-06-30,"Unity Purchaser, LLC and Unity Ultimate Holdings, LP",Commercial and Professional Services,"Provider of specialty mechanical services for critical HVAC, plumbing, and related systems",2,14.2,16.3,16.2,0.055197227872555724
ARCC,2026-06-30,"Taymax Group, L.P., Taymax Group G.P., LLC, PF Salem Canada ULC and TCP Fit Parent, L.P.",Consumer Services,Planet Fitness franchisee,4,8.0,11.799999999999999,16.1,0.0548565042437128
ARCC,2026-06-30,"Highline Aftermarket Acquisition, LLC, Highline Aftermarket SC Acquisition, Inc. and Highline PPC Blocker LLC",Automobiles and Components,Manufacturer and distributor of automotive fluids,1,0.0,5.9,15.7,0.053493609728341045
ARCC,2026-06-30,"Align Precision Group, LLC and Align Precision Topco, L.P.",Capital Goods,Manufacturer of precision machined components for defense and high-tech industrial platforms,2,15.7,15.6,15.7,0.053493609728341045
ARCC,2026-06-30,Sugar PPC Buyer LLC,Food and Beverage,Manufacturer and distributor of food products,1,15.5,15.5,15.5,0.05281216247065517
ARCC,2026-06-30,Duraserv LLC,Commercial and Professional Services,Provider of commercial loading dock maintenance and remodeling services,3,15.5,15.5,15.399999999999999,0.05247143884181223
ARCC,2026-06-30,JAMS Holdings LP and Jams Buyer LLC,Software and Services,Provider of IT operations management and cybersecurity software,2,13.9,15.0,15.0,0.05110854432644049
ARCC,2026-06-30,"Patriot Growth Insurance Services, LLC",Insurance,National retail insurance agency,1,15.4,15.3,15.0,0.05110854432644049
ARCC,2026-06-30,Cradle Lux Bidco S.A.R.L. and Hamilton Thorne Inc.,Health Care Equipment and Services,Provider of consumables and equipment for ART and IVF procedures,2,15.0,14.3,15.0,0.05110854432644049
ARCC,2026-06-30,"AMCP Clean Acquisition Company, LLC",Commercial and Professional Services,Provider of commercial laundry services,1,14.9,14.9,14.9,0.050767820697597554
ARCC,2026-06-30,"Professional Fighters League, LLC, PFL MMA LLC and PFL MMA, Inc.","Sports, Media and Entertainment",Mixed martial arts league,3,14.5,14.399999999999999,14.399999999999999,0.04906420255338286
ARCC,2026-06-30,CPIG Holdco Inc.,Capital Goods,Distributor of engineered fluid power and complex machined solutions,1,14.3,14.3,14.3,0.04872347892453994
ARCC,2026-06-30,"Pathstone Family Office LLC and Kelso XI Tailwind Co-Investment, L.P.",Financial Services,Provider of comprehensive wealth management services and registered investment advisor,3,10.4,12.4,14.2,0.048382755295696994
ARCC,2026-06-30,"Knight AcquireCo, LLC and Knight Holdings, LP",Insurance,Insurance agency and regulatory services provider,2,11.9,13.9,14.100000000000001,0.048042031666854064
ARCC,2026-06-30,"Metatiedot Bidco OY and Metatiedot US, LLC",Software and Services,Enterprise content management platform,3,14.0,13.5,14.0,0.04770130803801113
ARCC,2026-06-30,"Bragg Live Food Products, LLC and SPC Investment Co., L.P.",Food and Beverage,Health food company,1,0.0,8.4,14.0,0.04770130803801113
ARCC,2026-06-30,"PDDS HoldCo, Inc.",Software and Services,Provider of cloud-based dental practice management software,2,14.0,13.7,14.0,0.04770130803801113
ARCC,2026-06-30,"Jeppesen Holdings, LLC",Software and Services,Provider of aviation software solutions,1,14.0,14.0,13.9,0.04736058440916819
ARCC,2026-06-30,"Heavy Construction Systems Specialists, LLC",Software and Services,Provider of construction software,2,13.799999999999999,13.799999999999999,13.799999999999999,0.047019860780325246
ARCC,2026-06-30,"Midco Holding, LLC and Nivel Topco, LLC",Consumer Distribution and Retail,Manufacturer of aftermarket golf cart parts and accessories,3,11.7,14.399999999999999,13.7,0.046679137151482315
ARCC,2026-06-30,"Walnut Parent, Inc.",Household and Personal Products,Manufacturer of natural solution pest and animal control products,2,14.6,14.6,13.7,0.046679137151482315
ARCC,2026-06-30,"Mari Miami II LLC and South Florida Tennis, LLC","Sports, Media and Entertainment",Professional sporting event,2,5.8,8.1,13.6,0.04633841352263938
ARCC,2026-06-30,"Namecheap, Inc.",Software and Services,Domain register and web services provider,1,13.5,13.5,13.5,0.04599768989379644
ARCC,2026-06-30,"Omnigo Software, LLC, Omnigo Software - I, Inc., and Omnigo Software - Q, Inc.",Software and Services,"Provider of public safety, incident reporting, and security management solutions for enterprises",1,13.7,13.7,13.5,0.04599768989379644
ARCC,2026-06-30,"SGP Shaka HoldCo, LLC and SGP Shaka JV, LLC",Consumer Services,Surf park operator,3,5.8,13.5,13.5,0.04599768989379644
ARCC,2026-06-30,Drogon Bidco Inc. & Drogon Aggregator LP,Commercial and Professional Services,Provider of fire safety and life safety services,3,11.1,13.0,13.5,0.04599768989379644
ARCC,2026-06-30,"Pyramid-BMC IntermediateCo I, LLC and Pyramid Investors, LLC",Consumer Services,Hotel operator,3,9.9,11.2,13.399999999999999,0.0456569662649535
ARCC,2026-06-30,Zeppelin US Buyer Inc. and Providence Equity Partners IX-C L.P.,Transportation,"Specialty logistics platform for high-stakes projects in music, sports, production, fine art, and automotive industries",3,11.7,13.2,13.299999999999999,0.04531624263611056
ARCC,2026-06-30,GI Ranger Intermediate LLC,Software and Services,Provider of payment processing services and software to healthcare providers,3,14.9,14.9,13.2,0.04497551900726763
ARCC,2026-06-30,"SG Acquisition, Inc.",Insurance,Provider of insurance solutions for car sales,1,13.1,13.1,13.1,0.04463479537842469
ARCC,2026-06-30,BNZ TopCo B.V.,Independent Power and Renewable Electricity Producers,Developer and operator of solar photovoltaic plants,1,13.4,12.4,13.1,0.04463479537842469
ARCC,2026-06-30,"Elliott Davis Advisory, LLC and Elliott Davis Advisory HoldCo, LLC",Commercial and Professional Services,"Provider of tax, comprehensive assurance and consulting services",2,7.3,11.6,12.899999999999999,0.04395334812073882
ARCC,2026-06-30,"Zinc Buyer Corporation and Marmic Fire & Safety Co., Inc.",Commercial and Professional Services,Provider of recurring fire protection services,2,12.799999999999999,12.799999999999999,12.7,0.043271900863052944
ARCC,2026-06-30,"Harvey Tool Company, LLC",Capital Goods,Manufacturer of cutting tools used in the metalworking industry,1,12.6,12.6,12.6,0.042931177234210006
ARCC,2026-06-30,"The Ultimus Group Midco, LLC, The Ultimus Group, LLC, and The Ultimus Group Aggregator, LP",Financial Services,Provider of asset-servicing capabilities for fund managers,1,12.7,12.7,12.6,0.042931177234210006
ARCC,2026-06-30,"Nest Topco Borrower Inc., KKR Nest Co-Invest L.P., and NBLY 2021-1",Commercial and Professional Services,Operator of multiple franchise concepts primarily related to home maintenance or repairs,1,0.0,9.7,12.5,0.042590453605367076
ARCC,2026-06-30,"Wellness AcquisitionCo, Inc.",Software and Services,"Provider of retail consumer insights and analytics for manufacturers and retailers in the natural, organic and specialty products industry",4,12.399999999999999,12.399999999999999,12.399999999999999,0.04224972997652413
ARCC,2026-06-30,"Radius Aerospace, Inc. and Radius Aerospace Europe Limited",Capital Goods,Metal fabricator in the aerospace industry,3,12.3,12.200000000000001,12.3,0.0419090063476812
ARCC,2026-06-30,MRI Software LLC,Software and Services,Provider of real estate and investment management software,4,12.4,12.4,12.3,0.0419090063476812
ARCC,2026-06-30,Aldinger Company Inc,Commercial and Professional Services,Provider of outsourced calibration and repair services,3,12.2,12.2,12.2,0.041568282718838265
ARCC,2026-06-30,"Repairify, Inc. and Repairify Holdings, LLC",Technology Hardware and Equipment,Provider of automotive diagnostics scans and solutions,3,10.1,15.0,12.1,0.04122755908999533
ARCC,2026-06-30,"Livewire Acquisition, Inc. and Livewire Co-Invest Holdings, LP",Capital Goods,"Provider of construction, industrial, mechanical, electrical and inspection services to commercial clients",3,11.0,11.8,12.0,0.04088683546115239
ARCC,2026-06-30,"Lightbeam Bidco, Inc.",Commercial and Professional Services,Provider of yard management services,4,11.8,11.8,11.8,0.04020538820346652
ARCC,2026-06-30,"Hyphen Solutions, LLC",Software and Services,Provider of residential construction supply chain management software,1,11.9,11.9,11.8,0.04020538820346652
ARCC,2026-06-30,"SIG Parent Holdings, LLC",Insurance,Independent insurance brokerage,1,11.7,11.7,11.7,0.03986466457462358
ARCC,2026-06-30,"World Insurance Associates, LLC and World Associates Holdings, LLC",Insurance,Insurance service provider,1,11.7,11.7,11.6,0.03952394094578064
ARCC,2026-06-30,Wellington Bidco Inc. and Wellington TopCo LP,Software and Services,Provider of ERP and payments software for local governments,4,8.7,11.1,11.5,0.03918321731693771
ARCC,2026-06-30,CST Holding Company,Consumer Services,Provider of ignition interlock devices,2,11.4,11.4,11.4,0.038842493688094774
ARCC,2026-06-30,"Echo Purchaser, Inc.",Software and Services,"Software provider of mission critical security, supply chain, and collaboration solutions for highly regulated end markets",1,11.3,11.3,11.3,0.03850177005925184
ARCC,2026-06-30,"RB Holdings InterCo, LLC",Food and Beverage,Manufacturer of pet food and treats,2,11.6,11.6,11.1,0.03782032280156596
ARCC,2026-06-30,"DIEM-VII (QP), LLC",Consumer Durables and Apparel,Italian luxury fashion brand,1,0.0,11.6,11.1,0.03782032280156596
ARCC,2026-06-30,"pH Beauty Holdings III, Inc.",Household and Personal Products,Beauty and personal care platform,1,11.1,11.1,11.1,0.03782032280156596
ARCC,2026-06-30,"EMB Purchaser, Inc.",Commercial and Professional Services,Provider of fire and life safety solutions,2,11.4,11.4,11.1,0.03782032280156596
ARCC,2026-06-30,"DOXA Insurance Holdings LLC and Rocket Co-Invest, SLP",Insurance,Managing general agent insurance distribution platform,3,9.3,10.600000000000001,11.1,0.03782032280156596
ARCC,2026-06-30,"BrightStar Group Holdings, Inc.",Health Care Equipment and Services,Provider of private-pay home care services for patients,2,11.0,11.0,11.0,0.037479599172723026
ARCC,2026-06-30,"Moon Valley Nursery of Arizona Retail, LLC, Moon Valley Nursery Farm Holdings, LLC, Moon Valley Nursery RE Holdings LLC, and Stonecourt IV Partners, LP",Consumer Distribution and Retail,Operator of retail and wholesale tree and plant nurseries,1,0.0,20.8,11.0,0.037479599172723026
ARCC,2026-06-30,Gestion ABS Bidco Inc. / ABS Bidco Holdings Inc.,Insurance,Insurance broker,2,10.9,11.3,10.9,0.037138875543880095
ARCC,2026-06-30,GHP-VGS Purchaser LLC,Software and Services,Provider of assessment software and third party appraisal services,2,10.9,10.9,10.9,0.037138875543880095
ARCC,2026-06-30,"Superman Holdings, LLC",Software and Services,Provider of ERP software for the construction industry,1,10.7,10.7,10.7,0.036457428286194214
ARCC,2026-06-30,"NAS, LLC and Nationwide Marketing Group, LLC",Commercial and Professional Services,"Buying and marketing services organization for appliance, furniture and consumer electronics dealers",4,12.5,12.5,10.6,0.03611670465735128
ARCC,2026-06-30,"Smarsh Inc. and Skywalker TopCo, LLC",Software and Services,SaaS based communication archival service provider,3,4.9,11.2,10.6,0.03611670465735128
ARCC,2026-06-30,"OakBridge Insurance Agency LLC and Maple Acquisition Holdings, LP",Insurance,Insurance brokerage platform,3,7.3999999999999995,9.7,10.6,0.03611670465735128
ARCC,2026-06-30,"WU Holdco, Inc.",Household and Personal Products,Manufacturer and distributor of household cleaning products with focus on specialized surfaces,1,10.5,10.4,10.5,0.03577598102850834
ARCC,2026-06-30,Marco Polo Fund SCSp-RAIF,Transportation,Operator of airports in Italy,1,0.0,7.8,10.5,0.03577598102850834
ARCC,2026-06-30,"G702 Buyer, Inc.",Commercial and Professional Services,"Provider of standardized contracts and forms platform for the architecture, engineering, and construction industry",1,10.4,10.4,10.4,0.03543525739966541
ARCC,2026-06-30,"Collision SP Subco, LLC",Automobiles and Components,Provider of auto body collision repair services,2,10.7,10.7,10.399999999999999,0.0354352573996654
ARCC,2026-06-30,"LivTech Purchaser, Inc.",Health Care Equipment and Services,"Provider of senior care end-to-end software, payments and RCM platform",1,10.4,10.4,10.3,0.03509453377082247
ARCC,2026-06-30,Unicorn Holdco Intermediate II LLC,Software and Services,"Provider of custom software development, IT services, managed services, and criminal justice case-management software solutions",1,10.4,10.4,10.3,0.03509453377082247
ARCC,2026-06-30,"Bobtail AcquisitionCo, LLC",Commercial and Professional Services,"Provider of non-hazardous liquid waste collection, transportation, processing, recycling, reclamation, and disposal services",2,10.299999999999999,10.299999999999999,10.299999999999999,0.035094533770822466
ARCC,2026-06-30,"FL Hawk Intermediate Holdings, Inc.",Technology Hardware and Equipment,Provider of variable data labeling for the apparel industry,1,10.2,10.1,10.2,0.03475381014197953
ARCC,2026-06-30,Motor Vehicle Software Corporation,Software and Services,Provider of electronic registration and titling software to auto dealers,1,10.2,10.2,10.2,0.03475381014197953
ARCC,2026-06-30,"Consilio Midco Limited, Compusoft US LLC, and Consilio Investment Holdings, L.P.",Software and Services,Provider of sales software for the interior design industry,2,0.0,5.0,9.9,0.033731639255450724
ARCC,2026-06-30,"Storable, Inc. and EQT IX Co-Investment (E) SCSP",Software and Services,Payment management system solutions and web services for the self-storage industry,1,0.0,5.7,9.8,0.03339091562660779
ARCC,2026-06-30,"Foundation Consumer Brands, LLC",Household and Personal Products,Pharmaceutical holding company of over the counter brands,2,9.7,9.6,9.7,0.03305019199776484
ARCC,2026-06-30,"DTI Holdco, Inc. and OPE DTI Holdings, Inc.",Commercial and Professional Services,Provider of legal process outsourcing and managed services,2,0.0,7.5,9.7,0.03305019199776484
ARCC,2026-06-30,"CoreRx, Inc.","Pharmaceuticals, Biotechnology and Life Sciences",Small molecule contract development and manufacturing provider,1,9.9,9.9,9.7,0.03305019199776484
ARCC,2026-06-30,"ZBS Mechanical Group Co-Invest Fund 2, LLC and ZBS Mechanical Group Co-Invest II Fund 2, LLC",Consumer Services,Provider of residential HVAC and plumbing services,2,0.0,1.7,9.5,0.032368744740078975
ARCC,2026-06-30,Beehive Acquisition Corp,Health Care Equipment and Services,"Provider of regulatory-driven testing, inspection, and compliance services for diagnostic imaging equipment across U.S. healthcare facilities",1,9.6,9.6,9.5,0.032368744740078975
ARCC,2026-06-30,"Excel Fitness Consolidator LLC, Health Buyer LLC and Excel Fitness Holdings, Inc.",Consumer Services,Fitness facility operator,1,9.6,9.5,9.5,0.032368744740078975
ARCC,2026-06-30,"Grit Buyer, Inc. and Integrum Grit Co-Invest LP",Financial Services,Specialized finance and accounting advisory firm,2,5.0,8.6,9.5,0.032368744740078975
ARCC,2026-06-30,"Monica Holdco (US), Inc.",Financial Services,Investment technology and advisory firm,3,9.4,9.4,9.4,0.03202802111123604
ARCC,2026-06-30,"Bluejack Fire Acquisition, Inc. and Bluejack Fire Holdings LLC",Commercial and Professional Services,Provider of fire and life safety services including inspection and repair,3,8.200000000000001,9.6,9.4,0.03202802111123604
ARCC,2026-06-30,"Clarion Home Services Group, LLC and LBC Breeze Holdings LLC",Consumer Services,Provider of HVAC and plumbing services to residential and commercial customers,4,11.6,15.899999999999999,9.399999999999999,0.03202802111123603
ARCC,2026-06-30,"Coupa Holdings, LLC and Coupa Software Incorporated",Software and Services,Provider of Business Spend Management software,1,9.7,9.7,9.2,0.031346573853550164
ARCC,2026-06-30,"Watermill Express, LLC and Watermill Express Holdings, LLC",Food and Beverage,Owner and operator of self-service water and ice stations,5,9.1,9.1,9.1,0.031005850224707227
ARCC,2026-06-30,Davidson Hotel Company LLC,Consumer Services,Provider of hotel operations solutions and advisory services,1,9.1,9.1,9.1,0.031005850224707227
ARCC,2026-06-30,"Endeavor Bidco LLC and Endeavor TopCo, Inc.",Financial Services,Global securities finance trading platform,2,6.1,8.0,9.1,0.031005850224707227
ARCC,2026-06-30,"RWA Wealth Partners, LLC",Financial Services,Provider of comprehensive wealth management services,1,9.1,9.1,9.1,0.031005850224707227
ARCC,2026-06-30,"Bulab Holdings, Inc. and Buckman PPC Co-Invest LP",Materials,"A privately held, global specialty chemical company that provides process and water treatment chemistry for various industries",3,6.5,8.5,8.9,0.03032440296702136
ARCC,2026-06-30,"PCS MidCo, Inc. and PCS Parent, L.P.",Financial Services,Provider of 401K recordkeeping software solutions,2,8.1,8.9,8.799999999999999,0.029983679338178415
ARCC,2026-06-30,"Petrus Buyer, Inc.",Financial Services,Provider of REIT research data and analytics,3,8.4,8.4,8.4,0.028620784822806673
ARCC,2026-06-30,City Line Distributors LLC and City Line Investments LLC,Consumer Distribution and Retail,Specialty food distributor,3,4.7,9.8,8.4,0.028620784822806673
ARCC,2026-06-30,"King Risk Partners, LLC",Insurance,Retail insurance brokerage firm,1,8.4,8.4,8.4,0.028620784822806673
ARCC,2026-06-30,Optimizely North America Inc. and Optimizely Sweden Holdings AB,Software and Services,Provider of web content management and digital commerce solutions,3,8.7,8.5,8.3,0.02828006119396374
ARCC,2026-06-30,American Residential Services L.L.C. and Aragorn Parent Holdings LP,Consumer Services,"Heating, ventilation and air conditioning services provider",1,0.0,3.8,8.3,0.02828006119396374
ARCC,2026-06-30,"PCMI Parent, LLC and PCMI Ultimate Holdings, LP",Software and Services,Developer and provider of administration software for managing service contracts and extended warranty products,3,6.7,7.800000000000001,8.2,0.027939337565120795
ARCC,2026-06-30,"Aduro Advisors, LLC",Financial Services,Provider of fund administration services,1,8.1,8.1,8.1,0.027598613936277862
ARCC,2026-06-30,American Seafoods Group LLC and American Seafoods Partners LLC,Food and Beverage,Harvester and processor of seafood,2,0.0,7.5,8.1,0.027598613936277862
ARCC,2026-06-30,Mai Capital Management Intermediate LLC,Financial Services,Provider of comprehensive wealth management services and registered investment advisor,2,8.0,8.0,8.0,0.027257890307434928
ARCC,2026-06-30,"HighTower Holding, LLC",Financial Services,"Provider of investment, financial and retirement planning services",1,8.1,7.4,8.0,0.027257890307434928
ARCC,2026-06-30,CWC Fund I Co-Invest (ALTI) LP,Investment Funds and Vehicles,Global wealth and alternatives manager,1,0.0,6.3,7.8,0.026576443049749057
ARCC,2026-06-30,"MWH Intermediate II, LLC",Financial Services,Provider of comprehensive wealth management services,1,7.9,7.9,7.8,0.026576443049749057
ARCC,2026-06-30,Mountaineer Merger Corporation,Consumer Distribution and Retail,"Discount retailer that specialized in apparel, housewares, accessories, and a selection of other products",1,8.1,8.0,7.7,0.026235719420906117
ARCC,2026-06-30,"Dorado Bidco, Inc.",Commercial and Professional Services,Provider of consumer and market insights for the food and beverage industry,1,7.7,7.7,7.7,0.026235719420906117
ARCC,2026-06-30,"Worldwide Produce Acquisition, LLC and REP WWP Coinvest IV, L.P.",Consumer Distribution and Retail,Fresh and specialty food distributor,3,8.8,10.5,7.6000000000000005,0.025894995792063183
ARCC,2026-06-30,"BCTO Ignition Purchaser, Inc.",Software and Services,Enterprise software provider,2,7.4,7.4,7.4,0.02521354853437731
ARCC,2026-06-30,"OTG Concessions Management, LLC and Octa Parent Holdings, LLC",Consumer Services,Airport restaurant operator,2,9.7,9.7,7.3,0.02487282490553437
ARCC,2026-06-30,"AI Titan Parent, Inc.",Software and Services,Provider of plant maintenance / scheduling software,1,7.3,7.3,7.2,0.024532101276691438
ARCC,2026-06-30,"LiveBarn Inc., LiveBarn US, LLC, LiveBarn Canada I, ULC, and Royal Topco Holdings, LLC","Sports, Media and Entertainment",Provider of Live & On Demand broadcasting of amateur and youth sporting events,3,1.5,7.0,7.1,0.024191377647848497
ARCC,2026-06-30,"XIFIN, Inc. and ACP Charger Co-Invest LLC",Commercial and Professional Services,Revenue cycle management provider to labs,2,0.0,2.7,7.0,0.023850654019005563
ARCC,2026-06-30,"Edmunds Govtech, Inc.",Software and Services,Provider of ERP software solutions for local governments,2,6.9,6.9,6.9,0.023509930390162626
ARCC,2026-06-30,"Beacon Wellness Brands, Inc. and CDI Holdings I Corp.",Household and Personal Products,Provider of personal care appliances,2,3.4,9.5,6.9,0.023509930390162626
ARCC,2026-06-30,"PCG-TAC-CV, LP",Investment Funds and Vehicles,Investment partnership,1,0.0,0.0,6.8,0.02316920676131969
ARCC,2026-06-30,"Opal Fuels Intermediate HoldCo LLC, and Opal Fuels Inc.",Gas Utilities,Owner of natural gas facilities,2,0.1,23.400000000000002,6.8,0.02316920676131969
ARCC,2026-06-30,"Artifact Bidco, Inc.",Software and Services,Supply chain risk management SaaS platform for global enterprise clients,1,6.8,6.8,6.8,0.02316920676131969
ARCC,2026-06-30,"Project Cardinal Acquisition, LLC",Consumer Distribution and Retail,Provider of outsourced foodservice to K-12 school districts,1,6.8,6.8,6.7,0.022828483132476752
ARCC,2026-06-30,"Salt & Stone, Inc. and Leila Parent, LLC",Household and Personal Products,Producer of personal care products,2,6.1,6.8,6.7,0.022828483132476752
ARCC,2026-06-30,"Project Alliance Buyer, LLC",Health Care Equipment and Services,Provider of technology solutions for specialty medication management,1,6.7,6.7,6.7,0.022828483132476752
ARCC,2026-06-30,Redwood Services LP,Consumer Services,Provider of residential HVAC and plumbing services,2,6.6,6.6,6.6,0.022487759503633815
ARCC,2026-06-30,"UserZoom Technologies, Inc.",Software and Services,User experience research automation software,2,7.6000000000000005,7.5,6.5,0.02214703587479088
ARCC,2026-06-30,"Pinnacle MEP Intermediate Holdco LLC and BPCP Pinnacle Holdings, Inc.",Consumer Services,"Provider of commercial and residential HVAC, electrical & plumbing services",4,7.1,7.8999999999999995,6.5,0.02214703587479088
ARCC,2026-06-30,"Premiere Buyer, LLC",Consumer Services,Third-party residential property manager for multi-family residential properties in the United States,2,6.5,6.5,6.5,0.02214703587479088
ARCC,2026-06-30,Diamond Mezzanine 24 LLC,Insurance,Property and casualty insurance underwriting and distribution platform,2,6.5,6.5,6.5,0.02214703587479088
ARCC,2026-06-30,"Constellation Wealth Capital Fund, L.P., Constellation Wealth Capital Fund II LP, and CWC Fund II GP Capital LP",Investment Funds and Vehicles,Specialist alternative asset management platform,3,0.0,5.7,6.4,0.021806312245947944
ARCC,2026-06-30,"Next Holdco, LLC",Health Care Equipment and Services,Provider of electronic medical record and practice management software,1,6.4,6.4,6.4,0.021806312245947944
ARCC,2026-06-30,"EIS Legacy Holdco, LLC",Capital Goods,Distributor of electric applicator components,1,6.0,6.0,6.0,0.020443417730576195
ARCC,2026-06-30,"Axiomatic, LLC","Sports, Media and Entertainment",Premiere e-sports and video game investment platform,2,0.1,4.8,6.0,0.020443417730576195
ARCC,2026-06-30,"Badia Spices, LLC",Food and Beverage,Spices and seasonings brand,1,5.9,5.9,5.9,0.02010269410173326
ARCC,2026-06-30,"Calera XXVIII, LLC",Consumer Services,Platform of residential floor coating and vinyl fence installers,1,0.0,5.4,5.7,0.019421246844047387
ARCC,2026-06-30,"Anaplan, Inc.",Software and Services,Provider of cloud-based connected planning platforms for business analytics,1,5.8,5.8,5.7,0.019421246844047387
ARCC,2026-06-30,"Three Rivers Buyer, Inc.",Software and Services,Developer of cloud-based software for government entities,1,5.7,5.7,5.7,0.019421246844047387
ARCC,2026-06-30,"Viper Bidco, Inc.",Software and Services,Provider of SaaS based supply chain risk management solutions,1,5.5,5.5,5.5,0.018739799586361513
ARCC,2026-06-30,"Advarra Holdings, Inc.",Health Care Equipment and Services,Provider of central institutional review boards over clinical trials,2,5.5,5.5,5.5,0.018739799586361513
ARCC,2026-06-30,"VRC Companies, LLC",Commercial and Professional Services,Provider of records and information management services,1,5.4,5.4,5.4,0.018399075957518576
ARCC,2026-06-30,Wellington-Altus Financial Inc.,Financial Services,Wealth management and advisory firm,3,0.8,3.5,5.3999999999999995,0.018399075957518576
ARCC,2026-06-30,"ELM DebtCo, LLC",Capital Goods,Provider of underground utility locating services with a focus on the natural gas & electric end markets,2,5.3,5.3,5.3,0.01805835232867564
ARCC,2026-06-30,Sterilex LLC,Materials,Provider of enhanced sanitation technologies and solutions within the food supply chain,1,5.2,5.2,5.2,0.017717628699832705
ARCC,2026-06-30,KPS Global LLC and Cool Group LLC,Commercial and Professional Services,Manufacturer of walk-in cooler and freezer systems,1,5.2,5.2,5.2,0.017717628699832705
ARCC,2026-06-30,GSM Rights Fund II LP,"Sports, Media and Entertainment",Private investment firm specializing in music rights and IP assets,1,0.0,5.1,5.2,0.017717628699832705
ARCC,2026-06-30,"Dundee Eros, LP","Sports, Media and Entertainment",Catalog of premier music intellectual property,1,0.0,4.8,5.1,0.017376905070989764
ARCC,2026-06-30,"Fossil Group, Inc., Fossil Partners, L.P., and Fossil Canada Inc.",Consumer Durables and Apparel,Designer and manufacturer of consumer fashion accessories,1,5.1,5.1,5.1,0.017376905070989764
ARCC,2026-06-30,"Forescout Technologies, Inc.",Software and Services,Network access control solutions provider,1,5.1,5.1,5.1,0.017376905070989764
ARCC,2026-06-30,"BR PJK Produce, LLC",Consumer Distribution and Retail,Specialty produce distributor,3,5.3,5.3,5.0,0.017036181442146827
ARCC,2026-06-30,CHG PPC Parent LLC & PPC CHG Blocker LLC,Food and Beverage,Diversified food products manufacturer,1,0.0,3.0,5.0,0.017036181442146827
ARCC,2026-06-30,Wharf Street Ratings Acquisition LLC,Financial Services,Global credit rating agency,1,5.0,4.9,5.0,0.017036181442146827
ARCC,2026-06-30,"BAART Programs, Inc., MedMark Services, Inc., and Canadian Addiction Treatment Centres LP",Health Care Equipment and Services,Opiod treatment provider,1,5.9,5.9,4.9,0.016695457813303893
ARCC,2026-06-30,"Allclear Commercial Inc., Allclear Military Inc., Allclear Space Inc., and Allclear Group LLC",Capital Goods,"Provider of military aircraft aftermarket parts and distribution, repair and logistics services",6,6.1,3.9000000000000004,4.8,0.016354734184460956
ARCC,2026-06-30,"Majesco and Magic Topco, L.P.",Software and Services,Insurance software provider,2,0.0,1.7,4.3,0.014651116040246274
ARCC,2026-06-30,"Firebird Acquisition Corp, Inc.",Commercial and Professional Services,Provider of fire safety and life safety services,2,4.2,4.2,4.2,0.014310392411403337
ARCC,2026-06-30,PS Operating Company LLC and PS Op Holdings LLC,Commercial and Professional Services,Specialty distributor and solutions provider to the swine and poultry markets,3,25.400000000000002,27.3,4.2,0.014310392411403337
ARCC,2026-06-30,"Firebird Music Holdings, LLC","Sports, Media and Entertainment",Acquiror of music companies primarily focused on artist and rights management,1,0.0,4.2,4.2,0.014310392411403337
ARCC,2026-06-30,ME Equity LLC,Consumer Services,Franchisor in the massage industry,1,0.0,3.0,4.1,0.013969668782560398
ARCC,2026-06-30,"Empower Payments Investor, LLC",Health Care Equipment and Services,Financial communication and payment solutions provider,2,4.199999999999999,4.1,4.1,0.013969668782560398
ARCC,2026-06-30,"MS Buyer, Inc.",Software and Services,Software and payment services provider to non-profit institutions,1,4.1,4.0,4.0,0.013628945153717464
ARCC,2026-06-30,Eternal Aus Bidco Pty Ltd,Consumer Services,"Operator of cemetery, crematoria and funeral services",1,3.9,3.7,3.9,0.013288221524874529
ARCC,2026-06-30,"YE Brands Holdings, LLC",Consumer Services,Sports camp operator,2,3.7,3.7,3.7,0.012606774267188654
ARCC,2026-06-30,Propagate Content LLC,"Sports, Media and Entertainment","Developer, producer and distributor of programming content and artist and talent management company",1,0.0,3.7,3.7,0.012606774267188654
ARCC,2026-06-30,"Beacon Pointe Harmony, LLC",Financial Services,Provider of comprehensive wealth management services,1,3.7,3.7,3.7,0.012606774267188654
ARCC,2026-06-30,"Clearstead Advisors, LLC",Financial Services,A leading wealth management firm focused on serving institutional and high net-worth private clients,3,3.7,3.7,3.7,0.012606774267188654
ARCC,2026-06-30,"Automotive Keys Group, LLC and Automotive Keys Investor, LLC",Automobiles and Components,Provider of replacement wireless keys for automotive market,5,4.3,10.5,3.7,0.012606774267188654
ARCC,2026-06-30,"Bamboo Purchaser, Inc.",Consumer Distribution and Retail,"Provider of nursery, garden, and greenhouse products",1,22.2,8.5,3.6,0.012266050638345719
ARCC,2026-06-30,"APG Intermediate Holdings Corporation and APG Holdings, LLC",Software and Services,Aircraft performance software provider,1,0.0,9.8,3.6,0.012266050638345719
ARCC,2026-06-30,"Tempus AI, Inc.",Health Care Equipment and Services,Provider of technology enabled precision medicine solutions,1,0.0,1.9,3.5,0.011925327009502782
ARCC,2026-06-30,"Gotham Greens Holdings, PBC",Food and Beverage,Producer of vegetables and culinary herbs for restaurants and retailers,3,3.3,19.6,3.0,0.010221708865288098
ARCC,2026-06-30,"Perigon Wealth Management, LLC, Perigon Wealth Advisors Holdings Company, LLC and CWC Fund I Co-Invest (Prism) LP",Financial Services,Wealth management and financial planning firm,2,0.3,2.6999999999999997,3.0,0.010221708865288098
ARCC,2026-06-30,"SelectQuote, Inc. and SQ ABS Issuer, LLC",Insurance,Direct to consumer insurance distribution platform,3,3.0,3.0,3.0,0.010221708865288098
ARCC,2026-06-30,"KBHS Acquisition, LLC (d/b/a Alita Care, LLC)",Health Care Equipment and Services,Provider of behavioral health services,2,5.3,4.6,3.0,0.010221708865288098
ARCC,2026-06-30,"Napa Management Services Corporation and ASP NAPA Holdings, LLC",Health Care Equipment and Services,Anesthesia management services provider,3,0.0,3.2,3.0,0.010221708865288098
ARCC,2026-06-30,"Abzena Holdings, Inc. and Astro Group Holdings Ltd.","Pharmaceuticals, Biotechnology and Life Sciences","Organization providing discovery, development and manufacturing services to the pharmaceutical and biotechnology industries",1,0.0,5.7,2.9,0.00988098523644516
ARCC,2026-06-30,"Aimbridge Topco, LLC",Consumer Services,Hotel operator,1,0.0,3.3,2.9,0.00988098523644516
ARCC,2026-06-30,"TSS Buyer, LLC",Commercial and Professional Services,"Provider of outsourced testing, inspection, certification, and compliance services to healthcare and life sciences end markets",2,2.9,2.8,2.9,0.00988098523644516
ARCC,2026-06-30,"Appriss Health, LLC and Appriss Health Intermediate Holdings, Inc.",Software and Services,"Software platform for identification, prevention and management of substance use disorder",1,2.8,2.8,2.8,0.009540261607602223
ARCC,2026-06-30,IQN Holding Corp.,Software and Services,Provider of extended workforce management software,2,2.8,2.8,2.8,0.009540261607602223
ARCC,2026-06-30,"NCWS Intermediate, Inc. and NCWS Holdings LP",Capital Goods,"Manufacturer and supplier of car wash equipment, parts and supplies to the conveyorized car wash market",1,0.0,12.9,2.7,0.009199537978759288
ARCC,2026-06-30,"Berner Food & Beverage, LLC",Food and Beverage,Supplier of dairy-based food and beverage products,2,2.7,2.7,2.7,0.009199537978759288
ARCC,2026-06-30,Eagle Football Holdings BidCo Limited,"Sports, Media and Entertainment",Multi-club sports platform,1,0.0,2.6,2.6,0.008858814349916352
ARCC,2026-06-30,"Systems Planning and Analysis, Inc.",Commercial and Professional Services,Provider of systems engineering and technical assistance to the US DoD,2,2.5,2.4,2.5,0.008518090721073414
ARCC,2026-06-30,Odevo AB,Real Estate Management and Development,Technology-enabled provider of residential property management services,1,2.4,2.4,2.4,0.008177367092230478
ARCC,2026-06-30,"Partnership Capital Growth Investors III, L.P.",Investment Funds and Vehicles,Investment partnership,1,0.0,0.7,2.3,0.007836643463387541
ARCC,2026-06-30,Linden Structured Capital Fund II-A LP,Investment Funds and Vehicles,Investment partnership,1,0.0,1.3,2.2,0.007495919834544606
ARCC,2026-06-30,"Radiant Intermediate Holding, LLC",Consumer Services,"Provider of HVAC, plumbing and electrical services",1,2.1,2.1,2.1,0.007155196205701668
ARCC,2026-06-30,"Actfy Buyer, Inc.",Software and Services,Software provider of end to end fraud management workflow solutions,1,2.1,2.1,2.1,0.007155196205701668
ARCC,2026-06-30,"DFS Holding Company, Inc.",Capital Goods,"Distributor of maintenance, repair, and operations parts, supplies, and equipment to the foodservice industry",1,2.1,2.1,2.0,0.006814472576858732
ARCC,2026-06-30,Saturn Purchaser Corp.,Commercial and Professional Services,Private aviation management company,1,1.7,1.7,1.7,0.005792301690329922
ARCC,2026-06-30,"Icefall Parent, Inc.",Software and Services,Provider of customer engagement software and integrated payments solutions,1,1.6,1.6,1.6,0.005451578061486986
ARCC,2026-06-30,"RMS HoldCo II, LLC & RMS Group Holdings, Inc.",Software and Services,"Developer of revenue cycle management solutions, process automation, analytics and integration for the healthcare industry",3,0.2,5.7,1.5,0.005110854432644049
ARCC,2026-06-30,"Verista, Inc.","Pharmaceuticals, Biotechnology and Life Sciences","Provides systems consulting for compliance, automation, validation, and packaging solutions to the healthcare sector",2,1.9000000000000001,1.8,1.5,0.005110854432644049
ARCC,2026-06-30,"SiroMed Physician Services, Inc. and SiroMed Equity Holdings, LLC",Health Care Equipment and Services,Outsourced anesthesia provider,1,0.0,4.8,1.5,0.005110854432644049
ARCC,2026-06-30,"SCI PH Parent, Inc.",Materials,"Industrial container manufacturer, reconditioner and servicer",1,0.0,1.1,1.4,0.004770130803801112
ARCC,2026-06-30,"WCI-BXC Purchaser, LLC and WCI-BXC Investment Holdings, L.P.","Pharmaceuticals, Biotechnology and Life Sciences",Manufacturer of monoclonal antibodies,1,0.0,1.5,1.3,0.004429407174958176
ARCC,2026-06-30,"Community Brands ParentCo, LLC",Software and Services,Software and payment services provider to non-profit institutions,1,0.0,5.0,1.1,0.003747959917272303
ARCC,2026-06-30,"iCapital, Inc.",Software and Services,Provider of platform solutions that increase access to alternative investments for institutional investors and wealth managers,1,0.0,1.0,1.1,0.003747959917272303
ARCC,2026-06-30,"Bellwether Buyer, L.L.C. and Bellwether Topco V Buyer, Inc.",Insurance,Insurance program administrator,1,1.1,1.1,1.1,0.003747959917272303
ARCC,2026-06-30,"Artivion, Inc.",Health Care Equipment and Services,"Manufacturer, processor and distributor of medical devices and implantable human tissues",1,0.9,0.9,0.9,0.0030665126595864297
ARCC,2026-06-30,Max US Bidco Inc.,Food and Beverage,Manufacturer of premium dry dog food,1,1.0,0.9,0.9,0.0030665126595864297
ARCC,2026-06-30,"Lobos Parent, Inc.",Software and Services,Provider of cloud-based human capital and compliance management SaaS platform focused on public sector agencies,1,0.9,0.9,0.9,0.0030665126595864297
ARCC,2026-06-30,"Lew's Intermediate Holdings, LLC",Consumer Durables and Apparel,Outdoor brand holding company,1,0.9,0.9,0.9,0.0030665126595864297
ARCC,2026-06-30,"Generator US Buyer, Inc. and Total Power Limited",Capital Goods,Provider of generator-based power solutions,2,0.9,0.9,0.9,0.0030665126595864297
ARCC,2026-06-30,"Revalize, Inc.",Software and Services,"Developer and operator of software providing configuration, price and quote capabilities",2,1.1,1.1,0.8999999999999999,0.003066512659586429
ARCC,2026-06-30,"The Teaching Company Holdings, Inc.","Sports, Media and Entertainment",Education publications provider,2,0.0,1.1,0.8,0.002725789030743493
ARCC,2026-06-30,"Murchison Oil and Gas, LLC and Murchison Holdings, LLC",Energy,Exploration and production company,1,0.0,0.0,0.8,0.002725789030743493
ARCC,2026-06-30,"Manna Pro Products, LLC and MP Blocker A LLC",Food and Beverage,Manufacturer and supplier of specialty nutrition and care products for animals,2,1.1,1.1,0.8,0.002725789030743493
ARCC,2026-06-30,SoundCloud Limited,Software and Services,"Platform for receiving, sending, and distributing music",1,0.0,0.4,0.7,0.002385065401900556
ARCC,2026-06-30,"Bambino Group Holdings, LLC",Health Care Equipment and Services,Dental services provider,1,0.0,1.0,0.7,0.002385065401900556
ARCC,2026-06-30,"Daylight Beta Parent LLC and CFCo, LLC",Insurance,Health insurance sales platform provider,3,36.2,12.5,0.6,0.0020443417730576195
ARCC,2026-06-30,"Piper Jaffray Merchant Banking Fund I, L.P.",Investment Funds and Vehicles,Investment partnership,1,0.0,0.1,0.5,0.001703618144214683
ARCC,2026-06-30,"eResearchTechnology, Inc. and Astorg VII Co-Invest ERT",Software and Services,"Provider of mission-critical, software-enabled clinical research solutions",1,0.0,0.0,0.5,0.001703618144214683
ARCC,2026-06-30,"Marcone Yellowstone Buyer Inc. and Marcone Yellowstone Holdings, LLC",Consumer Distribution and Retail,Distributor of OEM appliance aftermarket parts,3,0.6000000000000001,6.699999999999999,0.5,0.001703618144214683
ARCC,2026-06-30,ACAS Equity Holdings Corporation,Investment Funds and Vehicles,Investment company,1,0.0,0.4,0.4,0.0013628945153717465
ARCC,2026-06-30,"Truist Insurance Holdings, LLC and McGriff Insurance Services, LLC",Insurance,Insurance brokerage firm,2,0.30000000000000004,0.2,0.30000000000000004,0.00102217088652881
ARCC,2026-06-30,R2 Acquisition Corp.,Commercial and Professional Services,Marketing services,1,0.0,0.2,0.3,0.0010221708865288098
ARCC,2026-06-30,"Convey Health Solutions, Inc.",Health Care Equipment and Services,Healthcare workforce management software provider,3,2.1,2.1,0.3,0.0010221708865288098
ARCC,2026-06-30,Firebird Music Rights I LP,"Sports, Media and Entertainment",Acquiror of music companies primarily focused on artist and rights management,1,0.0,0.3,0.3,0.0010221708865288098
ARCC,2026-06-30,Nordic Ferry Infrastructure AS,Transportation,Private passenger & freight ferry transportation company,2,0.2,0.2,0.2,0.0006814472576858732
ARCC,2026-06-30,"PCG-Ares Sidecar Investment, L.P.",Investment Funds and Vehicles,Investment partnership,1,0.0,4.5,0.2,0.0006814472576858732
ARCC,2026-06-30,European Capital UK SME Debt LP,Investment Funds and Vehicles,Investment partnership,1,0.0,0.0,0.2,0.0006814472576858732
ARCC,2026-06-30,"Arrowhead Holdco Company and Arrowhead GS Holdings, Inc.",Capital Goods,"Distributor of non-discretionary, mission-critical aftermarket replacement parts",2,0.1,5.199999999999999,0.1,0.0003407236288429366
ARCC,2026-06-30,"GSV Purchaser, Inc.",Capital Goods,"Provider of maintenance, repair, and sales services for commercial emergency power backup generators",1,0.1,0.1,0.1,0.0003407236288429366
ARCC,2026-06-30,"Databricks, Inc.",Software and Services,Cloud-based data and AI platform that helps companies scale and manage data,1,0.1,0.1,0.1,0.0003407236288429366
ARCC,2026-06-30,Primo Water Holdings Inc / Triton Water Holdings Inc,Food and Beverage,Producer and provider of bottled water brands,1,0.1,0.1,0.1,0.0003407236288429366
ARCC,2026-06-30,"Olympia Acquisition, Inc., Olympia TopCo, L.P., and Asclepius Holdings LLC",Health Care Equipment and Services,Behavioral health and special education platform provider,4,0.0,0.0,0.0,0.0
ARCC,2026-06-30,"Monolith Brands Group, Inc.",Consumer Distribution and Retail,E-commerce platform focused on consolidating DTC branded businesses,1,0.0,15.5,0.0,0.0
ARCC,2026-06-30,"Nomi Health, Inc.",Health Care Equipment and Services,Provider of software payment services for healthcare industry,2,0.0,0.0,0.0,0.0
ARCC,2026-06-30,"League One Volleyball Clubs, LLC and League One Volleyball, Inc.","Sports, Media and Entertainment",Operator of youth volleyball clubs,3,0.0,0.0,0.0,0.0
ARCC,2026-06-30,"RE Community Holdings GP, LLC and RE Community Holdings, LP",Commercial and Professional Services,Operator of municipal recycling facilities,2,0.0,0.0,0.0,0.0
ARCC,2026-06-30,"Belfor Holdings, Inc.",Consumer Services,Disaster recovery services provider,1,0.0,0.0,0.0,0.0
ARCC,2026-06-30,"LTG Acquisition, Inc.",Capital Goods,"Designer and manufacturer of display, lighting and passenger communication systems for mass transportation markets",1,0.0,5.1,0.0,0.0
ARCC,2026-06-30,"Startec Equity, LLC",Commercial and Professional Services,Communication services,1,0.0,0.0,0.0,0.0
ARCC,2026-06-30,"S Toys Holdings LLC (fka The Step2 Company, LLC)",Consumer Durables and Apparel,Toy manufacturer,3,0.0,0.0,0.0,0.0
ARCC,2026-06-30,"Bowhunter Holdings, LLC",Consumer Durables and Apparel,Provider of branded archery and bowhunting accessories,1,0.0,4.2,0.0,0.0
ARCC,2026-06-30,"Halex Holdings, Inc.",Materials,Manufacturer of flooring installation products,1,0.0,0.0,0.0,0.0
ARCC,2026-06-30,"HCI Equity, LLC",Investment Funds and Vehicles,Investment company,1,0.0,0.0,0.0,0.0
ARCC,2026-06-30,"Regent Education, Inc.",Software and Services,Provider of software solutions designed to optimize the financial aid and enrollment processes,1,0.0,0.0,0.0,0.0
ARCC,2026-06-30,"Faraday&Future Inc., FF Inc., Faraday SPE, LLC and Faraday Future Intelligent Electric Inc.",Automobiles and Components,Electric vehicle manufacturer,1,0.0,2.3,0.0,0.0
ARCC,2026-06-30,"Sandlot Action Sports, LLC","Sports, Media and Entertainment",Youth sports platform,1,0.0,0.0,0.0,0.0
ARCC,2026-06-30,"Research Now Group, LLC and Dynata, LLC and New Insight Holdings, Inc.",Commercial and Professional Services,Provider of outsourced data collection to the market research industry,2,0.0,0.0,0.0,0.0
ARCC,2026-06-30,CREST Exeter Street Solar 2004-1,Investment Funds and Vehicles,Investment vehicle,1,0.0,0.0,0.0,0.0
ARCC,2026-06-30,"CMW Parent LLC (fka Black Arrow, Inc.)","Sports, Media and Entertainment",Multiplatform media firm,1,0.0,0.0,0.0,0.0
ARCC,2026-06-30,"ESCP PPG Holdings, LLC",Capital Goods,Distributor of new equipment and aftermarket parts to the heavy-duty truck industry,2,0.0,5.8,0.0,0.0
ARCC,2026-06-30,"Everspin Technologies, Inc.",Technology Hardware and Equipment,Designer and manufacturer of computer memory solutions,1,0.0,0.4,0.0,0.0
