holding_id,ticker,report_date,filing_date,accession_number,company,company_as_reported,sector,business_description,investment_type,coupon_pct,reference_rate,spread_pct,acquisition_date,maturity_date,shares_units,principal_usd_millions,amortized_cost_usd_millions,fair_value_usd_millions,footnotes,schedule_page
1,ARCC,2026-06-30,2026-07-29,0001628280-26-050307,ACP Avenu Midco LLC,ACP Avenu Midco LLC (13),Software and Services,Provider of technology solutions and hardware to U.S. state and local governments and motor vehicle agencies,First lien senior secured revolving loan,8.65,SOFR (Q),5.0,04/2025,10/2029,,0.9,0.9,0.9,(2)(9),1
2,ARCC,2026-06-30,2026-07-29,0001628280-26-050307,ACP Avenu Midco LLC,ACP Avenu Midco LLC (13),Software and Services,Provider of technology solutions and hardware to U.S. state and local governments and motor vehicle agencies,First lien senior secured loan,8.69,SOFR (Q),5.0,08/2025,10/2029,,3.6,3.5,3.6,(2)(9),1
3,ARCC,2026-06-30,2026-07-29,0001628280-26-050307,ACP Avenu Midco LLC,ACP Avenu Midco LLC (13),Software and Services,Provider of technology solutions and hardware to U.S. state and local governments and motor vehicle agencies,First lien senior secured loan,8.69,SOFR (Q),5.0,04/2025,10/2029,,13.1,13.0,13.1,(2)(9),1
4,ARCC,2026-06-30,2026-07-29,0001628280-26-050307,"Actfy Buyer, Inc.","Actfy Buyer, Inc. (13)",Software and Services,Software provider of end to end fraud management workflow solutions,First lien senior secured loan,8.39,SOFR (M),4.75,05/2024,05/2031,,2.1,2.1,2.1,(2)(9),1
5,ARCC,2026-06-30,2026-07-29,0001628280-26-050307,"Activate Holdings (US) Corp. and CrossPoint Capital AS SPV, LP","Activate Holdings (US) Corp. and CrossPoint Capital AS SPV, LP (13)",Software and Services,"Provider of software services that support the management and security of computing devices, applications, data, and networks",First lien senior secured loan,8.98,SOFR (Q),5.25,09/2024,07/2030,,6.8,6.8,6.8,(2)(6)(9),1
6,ARCC,2026-06-30,2026-07-29,0001628280-26-050307,"Activate Holdings (US) Corp. and CrossPoint Capital AS SPV, LP","Activate Holdings (US) Corp. and CrossPoint Capital AS SPV, LP (13)",Software and Services,"Provider of software services that support the management and security of computing devices, applications, data, and networks",First lien senior secured loan,8.98,SOFR (Q),5.25,07/2023,07/2030,,41.9,41.9,41.9,(2)(6)(9),1
7,ARCC,2026-06-30,2026-07-29,0001628280-26-050307,"Activate Holdings (US) Corp. and CrossPoint Capital AS SPV, LP","Activate Holdings (US) Corp. and CrossPoint Capital AS SPV, LP (13)",Software and Services,"Provider of software services that support the management and security of computing devices, applications, data, and networks",Limited partnership interest,,,,10/2023,,9249000.0,,10.3,13.2,(2)(6),1
8,ARCC,2026-06-30,2026-07-29,0001628280-26-050307,Adonis Bidco Inc.,Adonis Bidco Inc. (13),Software and Services,Provider of intellectual property management lifecycle software,First lien senior secured loan,9.23,SOFR (Q),5.5,02/2025,02/2032,,30.0,30.0,28.5,(2)(9),1
9,ARCC,2026-06-30,2026-07-29,0001628280-26-050307,Adonis Bidco Inc.,Adonis Bidco Inc. (13),Software and Services,Provider of intellectual property management lifecycle software,First lien senior secured loan,,SOFR (Q),5.75,02/2025,02/2032,,238.6,238.6,226.7,(2)(9),1
10,ARCC,2026-06-30,2026-07-29,0001628280-26-050307,"AI Titan Parent, Inc.","AI Titan Parent, Inc. (13)",Software and Services,Provider of plant maintenance / scheduling software,First lien senior secured loan,8.13,SOFR (M),4.5,08/2024,08/2031,,7.3,7.3,7.2,(2)(9),1
11,ARCC,2026-06-30,2026-07-29,0001628280-26-050307,"Anaplan, Inc.","Anaplan, Inc. (13)",Software and Services,Provider of cloud-based connected planning platforms for business analytics,First lien senior secured loan,8.17,SOFR (Q),4.5,06/2022,06/2029,,5.8,5.8,5.7,(2)(9),1
12,ARCC,2026-06-30,2026-07-29,0001628280-26-050307,"APG Intermediate Holdings Corporation and APG Holdings, LLC","APG Intermediate Holdings Corporation and APG Holdings, LLC (4)",Software and Services,Aircraft performance software provider,Class A membership units,,,,01/2020,,9750000.0,,9.8,3.6,(2),1
13,ARCC,2026-06-30,2026-07-29,0001628280-26-050307,"Apple Bidco Holdings, Inc.","Apple Bidco Holdings, Inc. (13)",Software and Services,Provider of SaaS-based safety and security software to the K-12 school market,First lien senior secured revolving loan,8.23,SOFR (Q),4.5,01/2026,01/2033,,2.7,2.7,2.6,(2)(9),1
14,ARCC,2026-06-30,2026-07-29,0001628280-26-050307,"Apple Bidco Holdings, Inc.","Apple Bidco Holdings, Inc. (13)",Software and Services,Provider of SaaS-based safety and security software to the K-12 school market,First lien senior secured loan,8.23,SOFR (Q),4.5,01/2026,01/2033,,53.2,53.2,51.6,(2)(9),1
15,ARCC,2026-06-30,2026-07-29,0001628280-26-050307,"Appriss Health, LLC and Appriss Health Intermediate Holdings, Inc.","Appriss Health, LLC and Appriss Health Intermediate Holdings, Inc. (13)",Software and Services,"Software platform for identification, prevention and management of substance use disorder",First lien senior secured loan,8.49,SOFR (M),4.75,05/2021,05/2028,,2.8,2.8,2.8,(2)(9),1
16,ARCC,2026-06-30,2026-07-29,0001628280-26-050307,"Aptean, Inc. and Aptean Acquiror Inc.","Aptean, Inc. and Aptean Acquiror Inc. (13)",Software and Services,"Provider of CRM, ERP and supply chain software application",First lien senior secured revolving loan,8.42,SOFR (Q),4.75,01/2024,01/2031,,0.1,0.1,0.1,(2)(9),1
17,ARCC,2026-06-30,2026-07-29,0001628280-26-050307,"Aptean, Inc. and Aptean Acquiror Inc.","Aptean, Inc. and Aptean Acquiror Inc. (13)",Software and Services,"Provider of CRM, ERP and supply chain software application",First lien senior secured loan,8.42,SOFR (Q),4.75,01/2024,01/2031,,19.9,19.8,19.7,(2)(9),1
18,ARCC,2026-06-30,2026-07-29,0001628280-26-050307,"Archduke Buyer, Inc.","Archduke Buyer, Inc. (13)",Software and Services,Developer and operator of Java runtime solutions for enterprises applications,First lien senior secured loan,9.16,SOFR (Q),5.5,12/2025,12/2032,,61.0,61.0,60.4,(2)(9),2
19,ARCC,2026-06-30,2026-07-29,0001628280-26-050307,"Arrow Borrower 2025, Inc.","Arrow Borrower 2025, Inc. (13)",Software and Services,Provider of accounts payable automation software and payment solutions,First lien senior secured loan,7.98,SOFR (Q),4.25,10/2025,10/2032,,28.3,28.3,28.0,(2)(9),2
20,ARCC,2026-06-30,2026-07-29,0001628280-26-050307,"Artifact Bidco, Inc.","Artifact Bidco, Inc. (13)",Software and Services,Supply chain risk management SaaS platform for global enterprise clients,First lien senior secured loan,7.88,SOFR (Q),4.15,05/2024,07/2031,,6.8,6.8,6.8,(2)(9),2
21,ARCC,2026-06-30,2026-07-29,0001628280-26-050307,Aston Bidco (Holding) Limited,Aston Bidco (Holding) Limited,Software and Services,Provider of enterprise software solutions,First lien senior secured loan,9.87,SONIA (Q),6.0,07/2025,07/2032,,108.5,108.2,108.5,(2)(6)(9),2
22,ARCC,2026-06-30,2026-07-29,0001628280-26-050307,"Auctane, Inc.","Auctane, Inc.",Software and Services,Provider of mailing and shipping solutions,First lien senior secured loan,9.52,SOFR (Q),5.75,05/2026,06/2033,,245.3,245.3,241.6,(2)(9),2
23,ARCC,2026-06-30,2026-07-29,0001628280-26-050307,"Banyan Software Holdings, LLC and Banyan Software Intermediate, Inc.","Banyan Software Holdings, LLC and Banyan Software Intermediate, Inc. (13)(14)",Software and Services,Vertical software businesses holding company,First lien senior secured revolving loan,9.15,SOFR (M),5.5,01/2025,01/2031,,1.5,1.5,1.5,(2)(9),2
24,ARCC,2026-06-30,2026-07-29,0001628280-26-050307,"Banyan Software Holdings, LLC and Banyan Software Intermediate, Inc.","Banyan Software Holdings, LLC and Banyan Software Intermediate, Inc. (13)(14)",Software and Services,Vertical software businesses holding company,First lien senior secured loan,9.14,SOFR (M),5.5,01/2025,01/2031,,140.5,140.5,140.5,(2)(9),2
25,ARCC,2026-06-30,2026-07-29,0001628280-26-050307,"Banyan Software Holdings, LLC and Banyan Software Intermediate, Inc.","Banyan Software Holdings, LLC and Banyan Software Intermediate, Inc. (13)(14)",Software and Services,Vertical software businesses holding company,First lien senior secured loan,9.14,SOFR (M),5.5,04/2025,01/2031,,21.3,21.3,21.3,(2)(9),2
26,ARCC,2026-06-30,2026-07-29,0001628280-26-050307,"Banyan Software Holdings, LLC and Banyan Software Intermediate, Inc.","Banyan Software Holdings, LLC and Banyan Software Intermediate, Inc. (13)(14)",Software and Services,Vertical software businesses holding company,First lien senior secured loan,8.89,SOFR (M),5.25,10/2025,01/2031,,3.5,3.5,3.5,(2),2
27,ARCC,2026-06-30,2026-07-29,0001628280-26-050307,"Banyan Software Holdings, LLC and Banyan Software Intermediate, Inc.","Banyan Software Holdings, LLC and Banyan Software Intermediate, Inc. (13)(14)",Software and Services,Vertical software businesses holding company,Series A preferred shares,,,,01/2025,,90019.0,,105.9,105.9,(2),2
28,ARCC,2026-06-30,2026-07-29,0001628280-26-050307,"BCTO Ignition Purchaser, Inc.","BCTO Ignition Purchaser, Inc.",Software and Services,Enterprise software provider,Senior subordinated loan,,SOFR (Q),7.5,04/2023,10/2030,,4.7,4.7,4.7,(2)(9),2
29,ARCC,2026-06-30,2026-07-29,0001628280-26-050307,"BCTO Ignition Purchaser, Inc.","BCTO Ignition Purchaser, Inc.",Software and Services,Enterprise software provider,Senior subordinated loan,,SOFR (Q),7.5,03/2025,10/2030,,2.7,2.7,2.7,(2)(9),2
30,ARCC,2026-06-30,2026-07-29,0001628280-26-050307,"Bobcat Purchaser, LLC and Bobcat Topco, L.P.","Bobcat Purchaser, LLC and Bobcat Topco, L.P. (13)",Software and Services,Healthcare software provider,First lien senior secured loan,8.48,SOFR (Q),4.75,06/2023,06/2030,,15.4,15.4,15.4,(2)(9),2
31,ARCC,2026-06-30,2026-07-29,0001628280-26-050307,"Bobcat Purchaser, LLC and Bobcat Topco, L.P.","Bobcat Purchaser, LLC and Bobcat Topco, L.P. (13)",Software and Services,Healthcare software provider,Class A-1 units,,,,06/2023,,1729228.0,,1.7,1.3,,2
32,ARCC,2026-06-30,2026-07-29,0001628280-26-050307,Borrower R365 Holdings LLC,Borrower R365 Holdings LLC (13),Software and Services,Provider of restaurant enterprise resource planning systems,First lien senior secured loan,9.88,SOFR (Q),6.0,01/2022,06/2027,,1.9,1.9,1.9,(2)(9),2
33,ARCC,2026-06-30,2026-07-29,0001628280-26-050307,Borrower R365 Holdings LLC,Borrower R365 Holdings LLC (13),Software and Services,Provider of restaurant enterprise resource planning systems,First lien senior secured loan,9.88,SOFR (Q),6.0,06/2021,06/2027,,15.9,15.9,15.9,(2)(9),2
34,ARCC,2026-06-30,2026-07-29,0001628280-26-050307,"Bottomline Technologies, Inc.","Bottomline Technologies, Inc. (13)",Software and Services,Provider of payment automation solutions,First lien senior secured loan,8.23,SOFR (Q),4.5,04/2025,05/2029,,16.5,16.5,16.5,(2)(9),2
35,ARCC,2026-06-30,2026-07-29,0001628280-26-050307,"Businessolver.com, Inc.","Businessolver.com, Inc. (13)",Software and Services,Provider of SaaS-based benefits solutions for employers and employees,First lien senior secured loan,8.23,SOFR (Q),4.5,12/2021,12/2032,,28.0,28.0,27.7,(2)(9),2
36,ARCC,2026-06-30,2026-07-29,0001628280-26-050307,"Cardinal Parent, Inc. and Packers Software Intermediate Holdings, Inc.","Cardinal Parent, Inc. and Packers Software Intermediate Holdings, Inc. (13)",Software and Services,Provider of software and technology-enabled content and analytical solutions to insurance brokers,First lien senior secured loan,8.38,SOFR (Q),4.5,04/2024,11/2027,,16.5,16.2,14.5,(2)(9)(16),2
37,ARCC,2026-06-30,2026-07-29,0001628280-26-050307,"Cardinal Parent, Inc. and Packers Software Intermediate Holdings, Inc.","Cardinal Parent, Inc. and Packers Software Intermediate Holdings, Inc. (13)",Software and Services,Provider of software and technology-enabled content and analytical solutions to insurance brokers,Second lien senior secured loan,11.63,SOFR (Q),7.75,11/2020,11/2028,,71.6,71.3,63.8,(2)(9),2
38,ARCC,2026-06-30,2026-07-29,0001628280-26-050307,"Cardinal Parent, Inc. and Packers Software Intermediate Holdings, Inc.","Cardinal Parent, Inc. and Packers Software Intermediate Holdings, Inc. (13)",Software and Services,Provider of software and technology-enabled content and analytical solutions to insurance brokers,Series A preferred shares,,,,11/2020,,24898.0,,45.9,39.0,(2),2
39,ARCC,2026-06-30,2026-07-29,0001628280-26-050307,"Cardinal Parent, Inc. and Packers Software Intermediate Holdings, Inc.","Cardinal Parent, Inc. and Packers Software Intermediate Holdings, Inc. (13)",Software and Services,Provider of software and technology-enabled content and analytical solutions to insurance brokers,Series A-2 preferred shares,,,,12/2020,,8963.0,,16.3,13.9,(2),2
40,ARCC,2026-06-30,2026-07-29,0001628280-26-050307,"Cardinal Parent, Inc. and Packers Software Intermediate Holdings, Inc.","Cardinal Parent, Inc. and Packers Software Intermediate Holdings, Inc. (13)",Software and Services,Provider of software and technology-enabled content and analytical solutions to insurance brokers,Series A-3 preferred shares,,,,11/2021,,11952.0,,19.7,16.7,(2),2
41,ARCC,2026-06-30,2026-07-29,0001628280-26-050307,"Cascade Parent Inc., Cascade Intermediate II, Inc., and Haveli Cascade Co-Invest I, L.P.","Cascade Parent Inc., Cascade Intermediate II, Inc., and Haveli Cascade Co-Invest I, L.P. (13)",Software and Services,Provider of database management services,First lien senior secured revolving loan,,,,09/2025,09/2030,,,,,(2)(11),3
42,ARCC,2026-06-30,2026-07-29,0001628280-26-050307,"Cascade Parent Inc., Cascade Intermediate II, Inc., and Haveli Cascade Co-Invest I, L.P.","Cascade Parent Inc., Cascade Intermediate II, Inc., and Haveli Cascade Co-Invest I, L.P. (13)",Software and Services,Provider of database management services,First lien senior secured loan,9.39,SOFR (M),5.75,09/2025,09/2031,,29.8,29.8,29.5,(2)(9),3
43,ARCC,2026-06-30,2026-07-29,0001628280-26-050307,"Cascade Parent Inc., Cascade Intermediate II, Inc., and Haveli Cascade Co-Invest I, L.P.","Cascade Parent Inc., Cascade Intermediate II, Inc., and Haveli Cascade Co-Invest I, L.P. (13)",Software and Services,Provider of database management services,Senior subordinated loan,,,,09/2025,09/2033,,26.1,26.1,25.7,(2),3
44,ARCC,2026-06-30,2026-07-29,0001628280-26-050307,"Cascade Parent Inc., Cascade Intermediate II, Inc., and Haveli Cascade Co-Invest I, L.P.","Cascade Parent Inc., Cascade Intermediate II, Inc., and Haveli Cascade Co-Invest I, L.P. (13)",Software and Services,Provider of database management services,Limited partnership interests,,,,09/2025,,5324000.0,,5.3,5.8,(2),3
45,ARCC,2026-06-30,2026-07-29,0001628280-26-050307,"Centralsquare Technologies, LLC and Supermoose Newco, Inc.","Centralsquare Technologies, LLC and Supermoose Newco, Inc. (13)",Software and Services,Provider of mission-critical software solutions for the public sector,First lien senior secured revolving loan,,,,04/2024,04/2030,,,,,(2)(11),3
46,ARCC,2026-06-30,2026-07-29,0001628280-26-050307,"Centralsquare Technologies, LLC and Supermoose Newco, Inc.","Centralsquare Technologies, LLC and Supermoose Newco, Inc. (13)",Software and Services,Provider of mission-critical software solutions for the public sector,First lien senior secured loan,9.39,SOFR (M),5.75,04/2024,04/2030,,144.0,144.0,144.0,(2)(9),3
47,ARCC,2026-06-30,2026-07-29,0001628280-26-050307,"Centralsquare Technologies, LLC and Supermoose Newco, Inc.","Centralsquare Technologies, LLC and Supermoose Newco, Inc. (13)",Software and Services,Provider of mission-critical software solutions for the public sector,Series A preferred stock,,,,04/2024,,83332.0,,115.3,115.5,(2),3
48,ARCC,2026-06-30,2026-07-29,0001628280-26-050307,"Clearwater Analytics, LLC and Clearwater Analytics Holdings, Inc.","Clearwater Analytics, LLC and Clearwater Analytics Holdings, Inc. (13)",Software and Services,"Provider of integrated cloud-based investment portfolio management, accounting, reporting and analytics software",First lien senior secured loan,8.23,SOFR (M),4.5,06/2026,06/2033,,130.7,130.7,130.0,(2)(9),3
49,ARCC,2026-06-30,2026-07-29,0001628280-26-050307,"Cloud Software Group, Inc., Picard Parent, Inc., Cloud Software Group Holdings, Inc., Picard HoldCo, LLC and Elliott Alto Co-Investor Aggregator L.P.","Cloud Software Group, Inc., Picard Parent, Inc., Cloud Software Group Holdings, Inc., Picard HoldCo, LLC and Elliott Alto Co-Investor Aggregator L.P. (13)",Software and Services,"Provider of server, application and desktop virtualization, networking, software as a service, and cloud computing technologies",Limited partnership interests,,,,09/2022,,12250000.0,,12.3,30.5,(2),3
50,ARCC,2026-06-30,2026-07-29,0001628280-26-050307,"Community Brands ParentCo, LLC","Community Brands ParentCo, LLC",Software and Services,Software and payment services provider to non-profit institutions,Class A units,,,,12/2016,,500000.0,,5.0,1.1,(2),3
51,ARCC,2026-06-30,2026-07-29,0001628280-26-050307,"Computer Services, Inc.","Computer Services, Inc. (13)",Software and Services,Infrastructure software provider to community banks,First lien senior secured loan,8.23,SOFR (Q),4.5,02/2024,11/2031,,50.2,50.2,49.2,(2)(9),3
52,ARCC,2026-06-30,2026-07-29,0001628280-26-050307,"Consilio Midco Limited, Compusoft US LLC, and Consilio Investment Holdings, L.P.","Consilio Midco Limited, Compusoft US LLC, and Consilio Investment Holdings, L.P.",Software and Services,Provider of sales software for the interior design industry,Common units,,,,05/2021,,483584.0,,4.8,9.4,(2)(6),3
53,ARCC,2026-06-30,2026-07-29,0001628280-26-050307,"Consilio Midco Limited, Compusoft US LLC, and Consilio Investment Holdings, L.P.","Consilio Midco Limited, Compusoft US LLC, and Consilio Investment Holdings, L.P.",Software and Services,Provider of sales software for the interior design industry,Series A common units,,,,09/2022,,23340.0,,0.2,0.5,(2)(6),3
54,ARCC,2026-06-30,2026-07-29,0001628280-26-050307,"CoreLogic, Inc. and T-VIII Celestial Co-Invest LP","CoreLogic, Inc. and T-VIII Celestial Co-Invest LP (13)",Software and Services,"Provider of information, insight, analytics, software and other outsourced services primarily to the mortgage, real estate and insurance sectors",First lien senior secured revolving loan,7.01,SOFR (M),3.25,06/2021,03/2028,,12.6,12.6,12.5,(2),3
55,ARCC,2026-06-30,2026-07-29,0001628280-26-050307,"CoreLogic, Inc. and T-VIII Celestial Co-Invest LP","CoreLogic, Inc. and T-VIII Celestial Co-Invest LP (13)",Software and Services,"Provider of information, insight, analytics, software and other outsourced services primarily to the mortgage, real estate and insurance sectors",Second lien senior secured loan,10.26,SOFR (M),6.5,06/2021,06/2029,,155.7,155.7,152.9,(2)(9)(16),3
56,ARCC,2026-06-30,2026-07-29,0001628280-26-050307,"CoreLogic, Inc. and T-VIII Celestial Co-Invest LP","CoreLogic, Inc. and T-VIII Celestial Co-Invest LP (13)",Software and Services,"Provider of information, insight, analytics, software and other outsourced services primarily to the mortgage, real estate and insurance sectors",Limited partnership units,,,,04/2021,,59665989.0,,59.7,53.0,(2),3
57,ARCC,2026-06-30,2026-07-29,0001628280-26-050307,"Cority Software Inc., Cority Software (USA) Inc., and Cority Parent, Inc.","Cority Software Inc., Cority Software (USA) Inc., and Cority Parent, Inc. (13)",Software and Services,"Provider of environmental, health and safety software to track compliance data",First lien senior secured loan,8.16,SOFR (Q),4.5,10/2025,11/2032,,61.7,61.7,59.8,(2)(6)(9),3
58,ARCC,2026-06-30,2026-07-29,0001628280-26-050307,"Cority Software Inc., Cority Software (USA) Inc., and Cority Parent, Inc.","Cority Software Inc., Cority Software (USA) Inc., and Cority Parent, Inc. (13)",Software and Services,"Provider of environmental, health and safety software to track compliance data",Preferred equity,,,,07/2019,,198.0,,0.4,0.7,(2)(6),3
59,ARCC,2026-06-30,2026-07-29,0001628280-26-050307,"Cority Software Inc., Cority Software (USA) Inc., and Cority Parent, Inc.","Cority Software Inc., Cority Software (USA) Inc., and Cority Parent, Inc. (13)",Software and Services,"Provider of environmental, health and safety software to track compliance data",Common equity,,,,07/2019,,190143.0,,,,(2)(6),3
60,ARCC,2026-06-30,2026-07-29,0001628280-26-050307,"Cornerstone OnDemand, Inc. and Sunshine Software Holdings, Inc.","Cornerstone OnDemand, Inc. and Sunshine Software Holdings, Inc. (13)",Software and Services,"Provider of a cloud-based, SaaS platform for talent management",First lien senior secured revolving loan,6.76,SOFR (M),3.0,10/2021,10/2026,,9.8,9.8,6.2,(2)(12),4
61,ARCC,2026-06-30,2026-07-29,0001628280-26-050307,"Cornerstone OnDemand, Inc. and Sunshine Software Holdings, Inc.","Cornerstone OnDemand, Inc. and Sunshine Software Holdings, Inc. (13)",Software and Services,"Provider of a cloud-based, SaaS platform for talent management",First lien senior secured loan,7.51,SOFR (M),3.75,06/2024,10/2028,,16.4,15.2,10.3,(2)(9)(16),4
62,ARCC,2026-06-30,2026-07-29,0001628280-26-050307,"Cornerstone OnDemand, Inc. and Sunshine Software Holdings, Inc.","Cornerstone OnDemand, Inc. and Sunshine Software Holdings, Inc. (13)",Software and Services,"Provider of a cloud-based, SaaS platform for talent management",Second lien senior secured loan,10.26,SOFR (M),6.5,10/2021,10/2029,,137.5,137.5,88.0,(2)(9),4
63,ARCC,2026-06-30,2026-07-29,0001628280-26-050307,"Cornerstone OnDemand, Inc. and Sunshine Software Holdings, Inc.","Cornerstone OnDemand, Inc. and Sunshine Software Holdings, Inc. (13)",Software and Services,"Provider of a cloud-based, SaaS platform for talent management",Series A preferred shares,,,,10/2021,,116413.0,,188.5,113.1,(2),4
64,ARCC,2026-06-30,2026-07-29,0001628280-26-050307,"Cornerstone OnDemand, Inc. and Sunshine Software Holdings, Inc.","Cornerstone OnDemand, Inc. and Sunshine Software Holdings, Inc. (13)",Software and Services,"Provider of a cloud-based, SaaS platform for talent management",Class A-1 common stock,,,,10/2021,,1360100.0,,13.6,14.7,(2),4
65,ARCC,2026-06-30,2026-07-29,0001628280-26-050307,"Coupa Holdings, LLC and Coupa Software Incorporated","Coupa Holdings, LLC and Coupa Software Incorporated",Software and Services,Provider of Business Spend Management software,First lien senior secured loan,8.91,SOFR (Q),5.25,03/2023,02/2030,,9.7,9.7,9.2,(2)(9),4
66,ARCC,2026-06-30,2026-07-29,0001628280-26-050307,"Databricks, Inc.","Databricks, Inc. (13)",Software and Services,Cloud-based data and AI platform that helps companies scale and manage data,First lien senior secured loan,8.11,SOFR (M),4.5,12/2024,01/2032,,0.1,0.1,0.1,(2)(16),4
67,ARCC,2026-06-30,2026-07-29,0001628280-26-050307,"Datix Bidco Limited and RL Datix Holdings (USA), Inc.","Datix Bidco Limited and RL Datix Holdings (USA), Inc. (13)",Software and Services,Global healthcare software company that provides software solutions for patient safety and risk management,First lien senior secured loan,8.73,SOFR (S),5.0,04/2024,04/2031,,104.6,104.6,103.5,(2)(6)(9),4
68,ARCC,2026-06-30,2026-07-29,0001628280-26-050307,"Datix Bidco Limited and RL Datix Holdings (USA), Inc.","Datix Bidco Limited and RL Datix Holdings (USA), Inc. (13)",Software and Services,Global healthcare software company that provides software solutions for patient safety and risk management,First lien senior secured loan,8.74,SONIA (S),5.0,04/2024,04/2031,,56.2,53.1,55.7,(2)(6)(9),4
69,ARCC,2026-06-30,2026-07-29,0001628280-26-050307,"Digicert, Inc., Dcert Buyer, Inc., DCert Preferred Holdings, Inc. and Destiny Digital Holdings, L.P.","Digicert, Inc., Dcert Buyer, Inc., DCert Preferred Holdings, Inc. and Destiny Digital Holdings, L.P. (13)",Software and Services,Provider of internet security tools and solutions,First lien senior secured loan,9.39,SOFR (M),5.75,07/2025,07/2030,,124.1,123.0,121.6,(2)(9),4
70,ARCC,2026-06-30,2026-07-29,0001628280-26-050307,"Digicert, Inc., Dcert Buyer, Inc., DCert Preferred Holdings, Inc. and Destiny Digital Holdings, L.P.","Digicert, Inc., Dcert Buyer, Inc., DCert Preferred Holdings, Inc. and Destiny Digital Holdings, L.P. (13)",Software and Services,Provider of internet security tools and solutions,Second lien senior secured loan,10.64,SOFR (M),7.0,05/2022,02/2029,,22.8,20.5,19.1,(2),4
71,ARCC,2026-06-30,2026-07-29,0001628280-26-050307,"Digicert, Inc., Dcert Buyer, Inc., DCert Preferred Holdings, Inc. and Destiny Digital Holdings, L.P.","Digicert, Inc., Dcert Buyer, Inc., DCert Preferred Holdings, Inc. and Destiny Digital Holdings, L.P. (13)",Software and Services,Provider of internet security tools and solutions,Series A preferred shares,,,,05/2021,,129822.0,,218.8,175.0,(2),4
72,ARCC,2026-06-30,2026-07-29,0001628280-26-050307,"Digicert, Inc., Dcert Buyer, Inc., DCert Preferred Holdings, Inc. and Destiny Digital Holdings, L.P.","Digicert, Inc., Dcert Buyer, Inc., DCert Preferred Holdings, Inc. and Destiny Digital Holdings, L.P. (13)",Software and Services,Provider of internet security tools and solutions,Series A units,,,,05/2021,,817194.0,,13.3,12.2,(2),4
73,ARCC,2026-06-30,2026-07-29,0001628280-26-050307,"Diligent Corporation and Diligent Preferred Issuer, Inc.","Diligent Corporation and Diligent Preferred Issuer, Inc. (13)",Software and Services,Provider of secure SaaS solutions for board and leadership team documents,First lien senior secured revolving loan,8.65,SOFR (Q),5.0,04/2024,08/2030,,0.9,0.9,0.9,(2)(9)(12),4
74,ARCC,2026-06-30,2026-07-29,0001628280-26-050307,"Diligent Corporation and Diligent Preferred Issuer, Inc.","Diligent Corporation and Diligent Preferred Issuer, Inc. (13)",Software and Services,Provider of secure SaaS solutions for board and leadership team documents,First lien senior secured loan,,SOFR (Q),8.42,04/2024,08/2030,,3.4,3.4,3.3,(2)(9),4
75,ARCC,2026-06-30,2026-07-29,0001628280-26-050307,"Diligent Corporation and Diligent Preferred Issuer, Inc.","Diligent Corporation and Diligent Preferred Issuer, Inc. (13)",Software and Services,Provider of secure SaaS solutions for board and leadership team documents,First lien senior secured loan,8.67,SOFR (Q),5.0,04/2024,08/2030,,20.1,20.0,19.4,(2)(9),4
76,ARCC,2026-06-30,2026-07-29,0001628280-26-050307,"Diligent Corporation and Diligent Preferred Issuer, Inc.","Diligent Corporation and Diligent Preferred Issuer, Inc. (13)",Software and Services,Provider of secure SaaS solutions for board and leadership team documents,Preferred stock,,,,04/2021,,13140.0,,21.6,20.8,(2),4
77,ARCC,2026-06-30,2026-07-29,0001628280-26-050307,Doxim Inc.,Doxim Inc. (13),Software and Services,Enterprise content management provider,First lien senior secured revolving loan,,,,09/2025,11/2027,,,,,(2)(6)(11),4
78,ARCC,2026-06-30,2026-07-29,0001628280-26-050307,Doxim Inc.,Doxim Inc. (13),Software and Services,Enterprise content management provider,First lien senior secured loan,10.14,SOFR (M),6.5,09/2025,11/2027,,84.3,84.3,84.3,(2)(6)(9),4
79,ARCC,2026-06-30,2026-07-29,0001628280-26-050307,"DriveCentric Holdings, LLC","DriveCentric Holdings, LLC (13)",Software and Services,Provider of CRM software to the automotive dealership industry,First lien senior secured loan,8.23,SOFR (Q),4.5,07/2025,08/2031,,11.6,11.6,11.6,(2)(9),4
80,ARCC,2026-06-30,2026-07-29,0001628280-26-050307,"DriveCentric Holdings, LLC","DriveCentric Holdings, LLC (13)",Software and Services,Provider of CRM software to the automotive dealership industry,First lien senior secured loan,8.2,SOFR (Q),4.5,08/2024,08/2031,,12.1,12.1,12.1,(2)(9),4
81,ARCC,2026-06-30,2026-07-29,0001628280-26-050307,"Echo Purchaser, Inc.","Echo Purchaser, Inc. (13)",Software and Services,"Software provider of mission critical security, supply chain, and collaboration solutions for highly regulated end markets",First lien senior secured loan,9.17,SOFR (Q),5.5,11/2023,11/2029,,11.3,11.3,11.3,(2)(9),5
82,ARCC,2026-06-30,2026-07-29,0001628280-26-050307,"Eclipse Topco, Inc., Eclipse Investor Parent, L.P. and Eclipse Buyer, Inc.","Eclipse Topco, Inc., Eclipse Investor Parent, L.P. and Eclipse Buyer, Inc. (13)",Software and Services,Payment processing solution provider,First lien senior secured loan,8.15,SOFR (Q),4.5,09/2024,09/2031,,35.2,35.2,34.9,(2)(9),5
83,ARCC,2026-06-30,2026-07-29,0001628280-26-050307,"Eclipse Topco, Inc., Eclipse Investor Parent, L.P. and Eclipse Buyer, Inc.","Eclipse Topco, Inc., Eclipse Investor Parent, L.P. and Eclipse Buyer, Inc. (13)",Software and Services,Payment processing solution provider,Preferred units,,,,09/2024,,656.0,,8.2,8.2,(2),5
84,ARCC,2026-06-30,2026-07-29,0001628280-26-050307,"Eclipse Topco, Inc., Eclipse Investor Parent, L.P. and Eclipse Buyer, Inc.","Eclipse Topco, Inc., Eclipse Investor Parent, L.P. and Eclipse Buyer, Inc. (13)",Software and Services,Payment processing solution provider,Class A common units,,,,09/2024,,563.0,,0.6,0.5,(2),5
85,ARCC,2026-06-30,2026-07-29,0001628280-26-050307,"Edition Holdings, Inc. and Enverus, Inc.","Edition Holdings, Inc. and Enverus, Inc. (13)",Software and Services,SaaS based business analytics company focused on oil and gas industry,First lien senior secured revolving loan,8.15,SOFR (M),4.5,12/2025,12/2032,,0.2,0.2,0.2,(2)(9)(12),5
86,ARCC,2026-06-30,2026-07-29,0001628280-26-050307,"Edition Holdings, Inc. and Enverus, Inc.","Edition Holdings, Inc. and Enverus, Inc. (13)",Software and Services,SaaS based business analytics company focused on oil and gas industry,First lien senior secured loan,8.14,SOFR (M),4.5,12/2025,12/2032,,80.9,80.9,79.2,(2)(9),5
87,ARCC,2026-06-30,2026-07-29,0001628280-26-050307,"Edmunds Govtech, Inc.","Edmunds Govtech, Inc. (13)",Software and Services,Provider of ERP software solutions for local governments,First lien senior secured revolving loan,7.48,SOFR (Q),3.75,02/2024,02/2030,,1.7,1.7,1.7,(2)(9),5
88,ARCC,2026-06-30,2026-07-29,0001628280-26-050307,"Edmunds Govtech, Inc.","Edmunds Govtech, Inc. (13)",Software and Services,Provider of ERP software solutions for local governments,First lien senior secured loan,8.48,SOFR (Q),4.75,02/2024,02/2031,,5.2,5.2,5.2,(2)(9),5
89,ARCC,2026-06-30,2026-07-29,0001628280-26-050307,"Einstein Parent, Inc.","Einstein Parent, Inc. (13)",Software and Services,Provider of SaaS based collaborative work management software,First lien senior secured loan,8.91,SOFR (Q),5.25,01/2025,01/2031,,45.9,45.9,45.9,(2)(9),5
90,ARCC,2026-06-30,2026-07-29,0001628280-26-050307,"Elemica, Inc. and EZ Elemica Holdings, Inc.","Elemica, Inc. and EZ Elemica Holdings, Inc. (13)",Software and Services,SaaS based supply chain management software provider focused on chemical markets,First lien senior secured revolving loan,8.4,SOFR (M),4.75,02/2026,02/2032,,0.9,0.9,0.8,(2)(9),5
91,ARCC,2026-06-30,2026-07-29,0001628280-26-050307,"Elemica, Inc. and EZ Elemica Holdings, Inc.","Elemica, Inc. and EZ Elemica Holdings, Inc. (13)",Software and Services,SaaS based supply chain management software provider focused on chemical markets,First lien senior secured loan,8.48,SOFR (Q),4.75,02/2026,02/2032,,113.0,113.0,110.8,(2)(9),5
92,ARCC,2026-06-30,2026-07-29,0001628280-26-050307,"Elemica, Inc. and EZ Elemica Holdings, Inc.","Elemica, Inc. and EZ Elemica Holdings, Inc. (13)",Software and Services,SaaS based supply chain management software provider focused on chemical markets,Preferred equity,,,,09/2019,,4599.0,,3.7,5.1,(2),5
93,ARCC,2026-06-30,2026-07-29,0001628280-26-050307,"EP Purchaser, LLC and TPG VIII EP Co-Invest II, L.P.","EP Purchaser, LLC and TPG VIII EP Co-Invest II, L.P.",Software and Services,Provider of entertainment workforce and production management solutions,First lien senior secured loan,8.28,SOFR (Q),4.5,06/2023,11/2028,,49.7,49.5,32.8,(2)(9),5
94,ARCC,2026-06-30,2026-07-29,0001628280-26-050307,"EP Purchaser, LLC and TPG VIII EP Co-Invest II, L.P.","EP Purchaser, LLC and TPG VIII EP Co-Invest II, L.P.",Software and Services,Provider of entertainment workforce and production management solutions,Partnership units,,,,05/2019,,5034483.0,,3.0,1.6,(2)(6),5
95,ARCC,2026-06-30,2026-07-29,0001628280-26-050307,"eResearchTechnology, Inc. and Astorg VII Co-Invest ERT","eResearchTechnology, Inc. and Astorg VII Co-Invest ERT",Software and Services,"Provider of mission-critical, software-enabled clinical research solutions",Limited partnership interest,,,,01/2020,,3988000.0,,,0.5,(2)(6),5
96,ARCC,2026-06-30,2026-07-29,0001628280-26-050307,"ESHA Intermediate, LLC","ESHA Intermediate, LLC (13)",Software and Services,Provider of nutritional information and software as a services (SaaS) compliance solutions,First lien senior secured loan,8.18,SOFR (S),4.5,12/2025,12/2032,,22.2,22.2,21.8,(2)(9),5
97,ARCC,2026-06-30,2026-07-29,0001628280-26-050307,"Extrahop Networks, Inc.","Extrahop Networks, Inc.",Software and Services,Provider of real-time wire data analytics solutions for application and infrastructure monitoring,First lien senior secured revolving loan,10.34,SOFR (Q),6.5,03/2024,07/2027,,4.3,4.3,4.3,(2)(9),5
98,ARCC,2026-06-30,2026-07-29,0001628280-26-050307,"Extrahop Networks, Inc.","Extrahop Networks, Inc.",Software and Services,Provider of real-time wire data analytics solutions for application and infrastructure monitoring,First lien senior secured loan,10.32,SOFR (Q),6.5,03/2023,07/2027,,3.8,3.8,3.8,(2)(9),5
99,ARCC,2026-06-30,2026-07-29,0001628280-26-050307,"Extrahop Networks, Inc.","Extrahop Networks, Inc.",Software and Services,Provider of real-time wire data analytics solutions for application and infrastructure monitoring,First lien senior secured loan,10.32,SOFR (Q),6.5,07/2021,07/2027,,35.0,35.0,34.6,(2)(9),5
100,ARCC,2026-06-30,2026-07-29,0001628280-26-050307,Flexera Software LLC,Flexera Software LLC (13),Software and Services,"Provider of IT asset management, SaaS management and cloud optimization software products to enterprises",First lien senior secured loan,8.4,SOFR (Q),4.75,08/2025,08/2032,,18.6,18.6,18.2,(2)(9),6
101,ARCC,2026-06-30,2026-07-29,0001628280-26-050307,Flexera Software LLC,Flexera Software LLC (13),Software and Services,"Provider of IT asset management, SaaS management and cloud optimization software products to enterprises",First lien senior secured loan,6.96,Euribor (M),4.75,08/2025,08/2032,,6.6,6.8,6.5,(2)(9),6
102,ARCC,2026-06-30,2026-07-29,0001628280-26-050307,Flexera Software LLC,Flexera Software LLC (13),Software and Services,"Provider of IT asset management, SaaS management and cloud optimization software products to enterprises",First lien senior secured loan,8.4,SOFR (Q),4.75,12/2025,08/2032,,120.4,120.4,118.0,(2)(9),6
103,ARCC,2026-06-30,2026-07-29,0001628280-26-050307,"Forescout Technologies, Inc.","Forescout Technologies, Inc. (13)",Software and Services,Network access control solutions provider,First lien senior secured loan,8.23,SOFR (Q),4.5,05/2024,05/2032,,5.1,5.1,5.1,(2)(9),6
104,ARCC,2026-06-30,2026-07-29,0001628280-26-050307,GHP-VGS Purchaser LLC,GHP-VGS Purchaser LLC (13),Software and Services,Provider of assessment software and third party appraisal services,First lien senior secured revolving loan,8.23,SOFR (Q),4.5,04/2025,04/2032,,0.3,0.3,0.3,(2)(9),6
105,ARCC,2026-06-30,2026-07-29,0001628280-26-050307,GHP-VGS Purchaser LLC,GHP-VGS Purchaser LLC (13),Software and Services,Provider of assessment software and third party appraisal services,First lien senior secured loan,8.16,SOFR (Q),4.5,04/2025,04/2032,,10.6,10.6,10.6,(2)(9),6
106,ARCC,2026-06-30,2026-07-29,0001628280-26-050307,GI Ranger Intermediate LLC,GI Ranger Intermediate LLC (13),Software and Services,Provider of payment processing services and software to healthcare providers,First lien senior secured revolving loan,9.89,SOFR (Q),6.0,10/2021,10/2027,,2.1,2.1,1.9,(2)(9),6
107,ARCC,2026-06-30,2026-07-29,0001628280-26-050307,GI Ranger Intermediate LLC,GI Ranger Intermediate LLC (13),Software and Services,Provider of payment processing services and software to healthcare providers,First lien senior secured loan,9.88,SOFR (Q),6.0,10/2021,10/2028,,9.8,9.8,8.6,(2)(9),6
108,ARCC,2026-06-30,2026-07-29,0001628280-26-050307,GI Ranger Intermediate LLC,GI Ranger Intermediate LLC (13),Software and Services,Provider of payment processing services and software to healthcare providers,First lien senior secured loan,9.88,SOFR (Q),6.0,03/2022,10/2028,,3.0,3.0,2.7,(2)(9),6
109,ARCC,2026-06-30,2026-07-29,0001628280-26-050307,"Goose Borrower, L.P.","Goose Borrower, L.P. (13)",Software and Services,Energy equipment manufacturing and services company,First lien senior secured loan,8.48,SOFR (Q),4.75,03/2026,03/2033,,83.9,83.9,83.1,(2)(9),6
110,ARCC,2026-06-30,2026-07-29,0001628280-26-050307,"Guidepoint Security Holdings, LLC","Guidepoint Security Holdings, LLC (13)",Software and Services,Cybersecurity solutions provider,First lien senior secured revolving loan,8.65,SOFR (M),5.0,10/2023,10/2029,,0.8,0.8,0.8,(2)(9),6
111,ARCC,2026-06-30,2026-07-29,0001628280-26-050307,"Guidepoint Security Holdings, LLC","Guidepoint Security Holdings, LLC (13)",Software and Services,Cybersecurity solutions provider,First lien senior secured loan,8.64,SOFR (M),5.0,10/2025,10/2029,,7.9,7.9,7.9,(2)(9),6
112,ARCC,2026-06-30,2026-07-29,0001628280-26-050307,"Guidepoint Security Holdings, LLC","Guidepoint Security Holdings, LLC (13)",Software and Services,Cybersecurity solutions provider,First lien senior secured loan,8.62,SOFR (M),5.0,10/2023,10/2029,,7.0,7.0,7.0,(2)(9),6
113,ARCC,2026-06-30,2026-07-29,0001628280-26-050307,"Guidepoint Security Holdings, LLC","Guidepoint Security Holdings, LLC (13)",Software and Services,Cybersecurity solutions provider,First lien senior secured loan,8.64,SOFR (M),5.0,12/2024,10/2029,,2.4,2.4,2.4,(2)(9),6
114,ARCC,2026-06-30,2026-07-29,0001628280-26-050307,"Heavy Construction Systems Specialists, LLC","Heavy Construction Systems Specialists, LLC (13)",Software and Services,Provider of construction software,First lien senior secured loan,10.5,Base Rate (Q),3.75,03/2024,11/2028,,13.7,13.7,13.7,(2)(9),6
115,ARCC,2026-06-30,2026-07-29,0001628280-26-050307,"Heavy Construction Systems Specialists, LLC","Heavy Construction Systems Specialists, LLC (13)",Software and Services,Provider of construction software,First lien senior secured loan,10.5,Base Rate (Q),3.75,11/2021,11/2028,,0.1,0.1,0.1,(2)(9),6
116,ARCC,2026-06-30,2026-07-29,0001628280-26-050307,"HS Purchaser, LLC, and Help/Systems Holdings, Inc.","HS Purchaser, LLC, and Help/Systems Holdings, Inc. (13)",Software and Services,Provider of IT operations management and cybersecurity software,First lien senior secured loan,,SOFR (Q),6.5,11/2025,05/2029,,63.6,63.6,56.0,(2)(9),6
117,ARCC,2026-06-30,2026-07-29,0001628280-26-050307,"Huskies Parent, Inc., GI Insurity Parent LLC and GI Insurity TopCo LP","Huskies Parent, Inc., GI Insurity Parent LLC and GI Insurity TopCo LP (13)",Software and Services,Insurance software provider,First lien senior secured revolving loan,9.25,SOFR (M),5.5,11/2021,11/2029,,1.6,1.6,1.5,(2)(9),6
118,ARCC,2026-06-30,2026-07-29,0001628280-26-050307,"Huskies Parent, Inc., GI Insurity Parent LLC and GI Insurity TopCo LP","Huskies Parent, Inc., GI Insurity Parent LLC and GI Insurity TopCo LP (13)",Software and Services,Insurance software provider,First lien senior secured loan,,SOFR (M),6.0,11/2021,11/2029,,58.4,58.4,54.3,(2)(9),6
119,ARCC,2026-06-30,2026-07-29,0001628280-26-050307,"Huskies Parent, Inc., GI Insurity Parent LLC and GI Insurity TopCo LP","Huskies Parent, Inc., GI Insurity Parent LLC and GI Insurity TopCo LP (13)",Software and Services,Insurance software provider,First lien senior secured loan,9.74,SOFR (M),6.0,10/2025,11/2029,,5.3,5.3,5.0,(2)(9),6
120,ARCC,2026-06-30,2026-07-29,0001628280-26-050307,"Huskies Parent, Inc., GI Insurity Parent LLC and GI Insurity TopCo LP","Huskies Parent, Inc., GI Insurity Parent LLC and GI Insurity TopCo LP (13)",Software and Services,Insurance software provider,Senior subordinated loan,,,,11/2021,11/2031,,140.6,140.6,120.9,(2),6
121,ARCC,2026-06-30,2026-07-29,0001628280-26-050307,"Huskies Parent, Inc., GI Insurity Parent LLC and GI Insurity TopCo LP","Huskies Parent, Inc., GI Insurity Parent LLC and GI Insurity TopCo LP (13)",Software and Services,Insurance software provider,Company units,,,,11/2021,,4246457.0,,8.8,1.5,(2),6
122,ARCC,2026-06-30,2026-07-29,0001628280-26-050307,"Hyland Software, Inc.","Hyland Software, Inc. (13)",Software and Services,Enterprise content management software provider,First lien senior secured loan,8.39,SOFR (M),4.75,09/2023,09/2030,,108.6,107.7,108.6,(2)(9),6
123,ARCC,2026-06-30,2026-07-29,0001628280-26-050307,"Hyphen Solutions, LLC","Hyphen Solutions, LLC (13)",Software and Services,Provider of residential construction supply chain management software,First lien senior secured loan,8.14,SOFR (M),4.5,08/2025,08/2032,,11.9,11.9,11.8,(2)(9),7
124,ARCC,2026-06-30,2026-07-29,0001628280-26-050307,"iCapital, Inc.","iCapital, Inc.",Software and Services,Provider of platform solutions that increase access to alternative investments for institutional investors and wealth managers,Common stock,,,,04/2025,,71430.0,,1.0,1.1,(2),7
125,ARCC,2026-06-30,2026-07-29,0001628280-26-050307,"Icefall Parent, Inc.","Icefall Parent, Inc. (13)",Software and Services,Provider of customer engagement software and integrated payments solutions,First lien senior secured loan,8.23,SOFR (Q),4.5,01/2024,01/2030,,1.6,1.6,1.6,(2)(9),7
126,ARCC,2026-06-30,2026-07-29,0001628280-26-050307,"ID.me, LLC and ID.me, Inc.","ID.me, LLC and ID.me, Inc. (13)",Software and Services,Provider of remote digital identity verification solutions,First lien senior secured loan,,,,01/2025,01/2031,,132.1,124.8,126.4,(2),7
127,ARCC,2026-06-30,2026-07-29,0001628280-26-050307,"ID.me, LLC and ID.me, Inc.","ID.me, LLC and ID.me, Inc. (13)",Software and Services,Provider of remote digital identity verification solutions,Series E preferred units,,,,08/2025,,10827926.0,,16.0,17.5,(2),7
128,ARCC,2026-06-30,2026-07-29,0001628280-26-050307,"ID.me, LLC and ID.me, Inc.","ID.me, LLC and ID.me, Inc. (13)",Software and Services,Provider of remote digital identity verification solutions,Warrant to purchase common stock,,,,01/2025,01/2035,6924708.0,,9.6,11.2,(2),7
129,ARCC,2026-06-30,2026-07-29,0001628280-26-050307,Internet Truckstop Group LLC,Internet Truckstop Group LLC (13),Software and Services,Provider of freight-moving lifecycle software,First lien senior secured loan,9.13,SOFR (Q),5.25,06/2024,04/2027,,39.5,39.4,39.5,(2)(9),7
130,ARCC,2026-06-30,2026-07-29,0001628280-26-050307,IQN Holding Corp.,IQN Holding Corp. (13),Software and Services,Provider of extended workforce management software,First lien senior secured revolving loan,8.99,SOFR (Q),5.25,05/2022,05/2028,,1.4,1.4,1.4,(2)(9),7
131,ARCC,2026-06-30,2026-07-29,0001628280-26-050307,IQN Holding Corp.,IQN Holding Corp. (13),Software and Services,Provider of extended workforce management software,First lien senior secured loan,8.98,SOFR (Q),5.25,05/2022,05/2029,,1.4,1.4,1.4,(2)(9),7
132,ARCC,2026-06-30,2026-07-29,0001628280-26-050307,JAMS Holdings LP and Jams Buyer LLC,JAMS Holdings LP and Jams Buyer LLC (13),Software and Services,Provider of IT operations management and cybersecurity software,First lien senior secured loan,8.73,SOFR (Q),5.0,06/2025,06/2032,,13.9,13.9,13.9,(2)(9),7
133,ARCC,2026-06-30,2026-07-29,0001628280-26-050307,JAMS Holdings LP and Jams Buyer LLC,JAMS Holdings LP and Jams Buyer LLC (13),Software and Services,Provider of IT operations management and cybersecurity software,Preferred units,,,,06/2025,,1001000.0,,1.1,1.1,(2),7
134,ARCC,2026-06-30,2026-07-29,0001628280-26-050307,"Jeppesen Holdings, LLC","Jeppesen Holdings, LLC (13)",Software and Services,Provider of aviation software solutions,First lien senior secured loan,8.41,SOFR (Q),4.75,10/2025,11/2032,,14.0,14.0,13.9,(2)(9),7
135,ARCC,2026-06-30,2026-07-29,0001628280-26-050307,Kairos Bidco Limited,Kairos Bidco Limited (13),Software and Services,Provider of financial data analytics software,First lien senior secured revolving loan,8.48,SOFR (Q),4.75,07/2025,07/2032,,0.3,0.3,0.3,(2)(6)(9),7
136,ARCC,2026-06-30,2026-07-29,0001628280-26-050307,Kairos Bidco Limited,Kairos Bidco Limited (13),Software and Services,Provider of financial data analytics software,First lien senior secured loan,8.48,SOFR (Q),4.75,07/2025,07/2032,,24.8,24.8,24.8,(2)(6)(9),7
137,ARCC,2026-06-30,2026-07-29,0001628280-26-050307,Kaseya Inc. and Knockout Intermediate Holdings I Inc.,Kaseya Inc. and Knockout Intermediate Holdings I Inc.,Software and Services,Provider of cloud-based software and technology solutions for small and medium sized businesses,Preferred stock,,SOFR (S),10.75,06/2022,,21289.0,,36.6,25.2,(2)(9),7
138,ARCC,2026-06-30,2026-07-29,0001628280-26-050307,"LeanTaaS Holdings, Inc.","LeanTaaS Holdings, Inc. (13)",Software and Services,Provider of SaaS tools to optimize healthcare asset utilization,First lien senior secured loan,11.48,SOFR (Q),7.75,07/2022,07/2028,,73.2,73.2,71.8,(2)(9),7
139,ARCC,2026-06-30,2026-07-29,0001628280-26-050307,"LeanTaaS Holdings, Inc.","LeanTaaS Holdings, Inc. (13)",Software and Services,Provider of SaaS tools to optimize healthcare asset utilization,First lien senior secured loan,11.48,SOFR (Q),7.75,10/2025,07/2028,,5.2,5.2,5.1,(2)(9),7
140,ARCC,2026-06-30,2026-07-29,0001628280-26-050307,"Lobos Parent, Inc.","Lobos Parent, Inc. (13)",Software and Services,Provider of cloud-based human capital and compliance management SaaS platform focused on public sector agencies,First lien senior secured revolving loan,7.99,SOFR (Q),4.25,09/2025,09/2031,,0.9,0.9,0.9,(2)(9),7
141,ARCC,2026-06-30,2026-07-29,0001628280-26-050307,"Majesco and Magic Topco, L.P.","Majesco and Magic Topco, L.P.",Software and Services,Insurance software provider,Class A units,,,,09/2020,,1624.0,,1.7,4.3,(2),7
142,ARCC,2026-06-30,2026-07-29,0001628280-26-050307,"Majesco and Magic Topco, L.P.","Majesco and Magic Topco, L.P.",Software and Services,Insurance software provider,Class B units,,,,09/2020,,570625.0,,,,(2),8
143,ARCC,2026-06-30,2026-07-29,0001628280-26-050307,"Merit Software Finance Holdings, LLC","Merit Software Finance Holdings, LLC (13)",Software and Services,Vertical software businesses holding company,First lien senior secured loan,8.98,SOFR (Q),5.25,12/2025,12/2032,,8.5,8.5,8.5,(2)(9),8
144,ARCC,2026-06-30,2026-07-29,0001628280-26-050307,"Merit Software Finance Holdings, LLC","Merit Software Finance Holdings, LLC (13)",Software and Services,Vertical software businesses holding company,First lien senior secured loan,8.98,SOFR (Q),5.25,12/2025,12/2032,,24.5,24.5,24.5,(2)(9),8
145,ARCC,2026-06-30,2026-07-29,0001628280-26-050307,"Metatiedot Bidco OY and Metatiedot US, LLC","Metatiedot Bidco OY and Metatiedot US, LLC (13)",Software and Services,Enterprise content management platform,First lien senior secured revolving loan,7.21,Euribor (Q),5.0,11/2024,11/2030,,0.2,0.2,0.2,(2)(6)(9),8
146,ARCC,2026-06-30,2026-07-29,0001628280-26-050307,"Metatiedot Bidco OY and Metatiedot US, LLC","Metatiedot Bidco OY and Metatiedot US, LLC (13)",Software and Services,Enterprise content management platform,First lien senior secured loan,7.24,Euribor (Q),5.0,11/2024,11/2031,,8.6,8.1,8.6,(2)(6)(9),8
147,ARCC,2026-06-30,2026-07-29,0001628280-26-050307,"Metatiedot Bidco OY and Metatiedot US, LLC","Metatiedot Bidco OY and Metatiedot US, LLC (13)",Software and Services,Enterprise content management platform,First lien senior secured loan,8.67,SOFR (Q),5.0,11/2024,11/2031,,5.2,5.2,5.2,(2)(6)(9),8
148,ARCC,2026-06-30,2026-07-29,0001628280-26-050307,"Mimecast Borrowerco, Inc. and Magnesium Co- Invest SCSp","Mimecast Borrowerco, Inc. and Magnesium Co- Invest SCSp",Software and Services,Cybersecurity solutions provider,First lien senior secured loan,8.14,SOFR (M),4.5,05/2022,05/2029,,10.1,10.1,10.1,(2)(6)(9),8
149,ARCC,2026-06-30,2026-07-29,0001628280-26-050307,"Mimecast Borrowerco, Inc. and Magnesium Co- Invest SCSp","Mimecast Borrowerco, Inc. and Magnesium Co- Invest SCSp",Software and Services,Cybersecurity solutions provider,First lien senior secured loan,8.23,SONIA (Q),4.5,05/2022,05/2029,,23.6,22.0,23.6,(2)(6)(9),8
150,ARCC,2026-06-30,2026-07-29,0001628280-26-050307,"Mimecast Borrowerco, Inc. and Magnesium Co- Invest SCSp","Mimecast Borrowerco, Inc. and Magnesium Co- Invest SCSp",Software and Services,Cybersecurity solutions provider,Limited partnership interest,,,,05/2022,,3975.0,,39.8,50.2,(2)(6),8
151,ARCC,2026-06-30,2026-07-29,0001628280-26-050307,"Ministry Brands Holdings, LLC and RCP MB Investments B, L.P.","Ministry Brands Holdings, LLC and RCP MB Investments B, L.P. (13)",Software and Services,Software and payment services provider to faith-based institutions,First lien senior secured loan,9.24,SOFR (M),5.5,12/2021,12/2028,,31.4,31.4,30.1,(2)(9),8
152,ARCC,2026-06-30,2026-07-29,0001628280-26-050307,"Ministry Brands Holdings, LLC and RCP MB Investments B, L.P.","Ministry Brands Holdings, LLC and RCP MB Investments B, L.P. (13)",Software and Services,Software and payment services provider to faith-based institutions,First lien senior secured loan,9.24,SOFR (M),5.5,12/2021,12/2028,,7.0,7.0,6.8,(2)(9),8
153,ARCC,2026-06-30,2026-07-29,0001628280-26-050307,"Ministry Brands Holdings, LLC and RCP MB Investments B, L.P.","Ministry Brands Holdings, LLC and RCP MB Investments B, L.P. (13)",Software and Services,Software and payment services provider to faith-based institutions,Limited partner interests,,,,12/2021,,9574000.0,,9.6,5.0,(2),8
154,ARCC,2026-06-30,2026-07-29,0001628280-26-050307,"ML Holdco, Inc.","ML Holdco, Inc. (13)",Software and Services,"Cloud-based, SaaS lending solutions provider to financial institutions",First lien senior secured loan,7.91,SOFR (Q),4.25,10/2025,10/2032,,89.6,89.6,87.8,(2)(9),8
155,ARCC,2026-06-30,2026-07-29,0001628280-26-050307,"Modernizing Medicine, Inc. and ModMed Software Midco Holdings, Inc.","Modernizing Medicine, Inc. and ModMed Software Midco Holdings, Inc. (13)",Software and Services,"Provider of practice management, EHR, and RCM software to medical specialists",Series A preferred stock,,,,04/2025,,24499.0,,28.4,28.4,(2),8
156,ARCC,2026-06-30,2026-07-29,0001628280-26-050307,Moonraker AcquisitionCo LLC and Moonraker HoldCo LLC,Moonraker AcquisitionCo LLC and Moonraker HoldCo LLC (13),Software and Services,Leading technology solution provider for casing and auditioning to the entertainment industry,First lien senior secured loan,9.42,SOFR (Q),5.75,08/2022,08/2028,,23.4,23.4,23.4,(2)(9),8
157,ARCC,2026-06-30,2026-07-29,0001628280-26-050307,Moonraker AcquisitionCo LLC and Moonraker HoldCo LLC,Moonraker AcquisitionCo LLC and Moonraker HoldCo LLC (13),Software and Services,Leading technology solution provider for casing and auditioning to the entertainment industry,Class A units,,,,08/2022,,45320.0,,6.1,3.5,,8
158,ARCC,2026-06-30,2026-07-29,0001628280-26-050307,Motor Vehicle Software Corporation,Motor Vehicle Software Corporation (13),Software and Services,Provider of electronic registration and titling software to auto dealers,First lien senior secured loan,8.23,SOFR (Q),4.5,01/2025,01/2032,,10.2,10.2,10.2,(2)(9),8
159,ARCC,2026-06-30,2026-07-29,0001628280-26-050307,MRI Software LLC,MRI Software LLC (13),Software and Services,Provider of real estate and investment management software,First lien senior secured revolving loan,8.48,SOFR (Q),4.75,02/2020,02/2028,,1.1,1.1,1.1,(2)(9),8
160,ARCC,2026-06-30,2026-07-29,0001628280-26-050307,MRI Software LLC,MRI Software LLC (13),Software and Services,Provider of real estate and investment management software,First lien senior secured loan,8.48,SOFR (Q),4.75,08/2020,02/2028,,4.7,4.7,4.7,(2)(9),8
161,ARCC,2026-06-30,2026-07-29,0001628280-26-050307,MRI Software LLC,MRI Software LLC (13),Software and Services,Provider of real estate and investment management software,First lien senior secured loan,8.48,SOFR (Q),4.75,10/2025,02/2028,,2.6,2.6,2.6,(2)(9),8
162,ARCC,2026-06-30,2026-07-29,0001628280-26-050307,MRI Software LLC,MRI Software LLC (13),Software and Services,Provider of real estate and investment management software,First lien senior secured loan,8.48,SOFR (Q),4.75,02/2020,02/2028,,4.0,4.0,3.9,(2)(9),8
163,ARCC,2026-06-30,2026-07-29,0001628280-26-050307,"MS Buyer, Inc.","MS Buyer, Inc.",Software and Services,Software and payment services provider to non-profit institutions,First lien senior secured loan,8.98,SOFR (Q),5.25,01/2026,07/2031,,4.1,4.0,4.0,(2)(9),9
164,ARCC,2026-06-30,2026-07-29,0001628280-26-050307,"Namecheap, Inc.","Namecheap, Inc. (13)",Software and Services,Domain register and web services provider,First lien senior secured loan,8.39,SOFR (Q),4.75,05/2026,05/2033,,13.5,13.5,13.5,(2)(9),9
165,ARCC,2026-06-30,2026-07-29,0001628280-26-050307,"Netsmart, Inc. and Netsmart Technologies, Inc.","Netsmart, Inc. and Netsmart Technologies, Inc. (13)",Software and Services,Developer and operator of health care software and technology solutions,First lien senior secured loan,,SOFR (M),5.2,08/2024,08/2031,,33.5,33.5,32.8,(2)(9),9
166,ARCC,2026-06-30,2026-07-29,0001628280-26-050307,"Netsmart, Inc. and Netsmart Technologies, Inc.","Netsmart, Inc. and Netsmart Technologies, Inc. (13)",Software and Services,Developer and operator of health care software and technology solutions,First lien senior secured loan,,SOFR (M),5.2,11/2025,08/2031,,28.1,28.1,27.6,(2)(9),9
167,ARCC,2026-06-30,2026-07-29,0001628280-26-050307,"North Star Acquisitionco, LLC and Toucan Bidco Limited","North Star Acquisitionco, LLC and Toucan Bidco Limited (13)",Software and Services,Literacy solution software provider for grades k-12,First lien senior secured loan,9.07,NIBOR (Q),4.75,04/2024,05/2029,,6.4,5.7,6.3,(2)(6),9
168,ARCC,2026-06-30,2026-07-29,0001628280-26-050307,"North Star Acquisitionco, LLC and Toucan Bidco Limited","North Star Acquisitionco, LLC and Toucan Bidco Limited (13)",Software and Services,Literacy solution software provider for grades k-12,First lien senior secured loan,8.55,SONIA (Q),4.75,04/2024,05/2029,,5.5,5.3,5.5,(2)(6),9
169,ARCC,2026-06-30,2026-07-29,0001628280-26-050307,"North Star Acquisitionco, LLC and Toucan Bidco Limited","North Star Acquisitionco, LLC and Toucan Bidco Limited (13)",Software and Services,Literacy solution software provider for grades k-12,First lien senior secured loan,8.45,SOFR (Q),4.75,04/2024,05/2029,,4.0,4.0,3.9,(2)(6)(9),9
170,ARCC,2026-06-30,2026-07-29,0001628280-26-050307,"North Star Acquisitionco, LLC and Toucan Bidco Limited","North Star Acquisitionco, LLC and Toucan Bidco Limited (13)",Software and Services,Literacy solution software provider for grades k-12,First lien senior secured loan,8.2,SOFR (Q),4.5,04/2024,05/2029,,4.3,4.3,4.3,(2)(6)(9),9
171,ARCC,2026-06-30,2026-07-29,0001628280-26-050307,"Omnigo Software, LLC, Omnigo Software - I, Inc., and Omnigo Software - Q, Inc.","Omnigo Software, LLC, Omnigo Software - I, Inc., and Omnigo Software - Q, Inc. (13)",Software and Services,"Provider of public safety, incident reporting, and security management solutions for enterprises",First lien senior secured loan,8.64,SOFR (M),5.0,12/2025,12/2030,,13.7,13.7,13.5,(2)(9),9
172,ARCC,2026-06-30,2026-07-29,0001628280-26-050307,Optimizely North America Inc. and Optimizely Sweden Holdings AB,Optimizely North America Inc. and Optimizely Sweden Holdings AB (13),Software and Services,Provider of web content management and digital commerce solutions,First lien senior secured loan,,SOFR (M),5.5,10/2024,10/2031,,5.6,5.6,5.3,(2)(6)(9),9
173,ARCC,2026-06-30,2026-07-29,0001628280-26-050307,Optimizely North America Inc. and Optimizely Sweden Holdings AB,Optimizely North America Inc. and Optimizely Sweden Holdings AB (13),Software and Services,Provider of web content management and digital commerce solutions,First lien senior secured loan,,Euribor (M),5.75,10/2024,10/2031,,2.2,2.0,2.1,(2)(6)(9),9
174,ARCC,2026-06-30,2026-07-29,0001628280-26-050307,Optimizely North America Inc. and Optimizely Sweden Holdings AB,Optimizely North America Inc. and Optimizely Sweden Holdings AB (13),Software and Services,Provider of web content management and digital commerce solutions,First lien senior secured loan,,SONIA (M),6.0,10/2024,10/2031,,0.9,0.9,0.9,(2)(6)(9),9
175,ARCC,2026-06-30,2026-07-29,0001628280-26-050307,"PCMI Parent, LLC and PCMI Ultimate Holdings, LP","PCMI Parent, LLC and PCMI Ultimate Holdings, LP (13)",Software and Services,Developer and provider of administration software for managing service contracts and extended warranty products,First lien senior secured loan,8.42,SOFR (Q),4.75,03/2025,03/2032,,6.7,6.7,6.7,(2)(9),9
176,ARCC,2026-06-30,2026-07-29,0001628280-26-050307,"PCMI Parent, LLC and PCMI Ultimate Holdings, LP","PCMI Parent, LLC and PCMI Ultimate Holdings, LP (13)",Software and Services,Developer and provider of administration software for managing service contracts and extended warranty products,Class A units,,,,03/2025,,1014.0,,1.1,1.5,(2),9
177,ARCC,2026-06-30,2026-07-29,0001628280-26-050307,"PCMI Parent, LLC and PCMI Ultimate Holdings, LP","PCMI Parent, LLC and PCMI Ultimate Holdings, LP (13)",Software and Services,Developer and provider of administration software for managing service contracts and extended warranty products,Class B units,,,,03/2025,,241447.0,,,,(2),9
178,ARCC,2026-06-30,2026-07-29,0001628280-26-050307,"PDDS HoldCo, Inc.","PDDS HoldCo, Inc. (13)",Software and Services,Provider of cloud-based dental practice management software,First lien senior secured revolving loan,9.62,SOFR (M),6.0,10/2025,09/2031,,0.2,0.1,0.2,(2)(9),9
179,ARCC,2026-06-30,2026-07-29,0001628280-26-050307,"PDDS HoldCo, Inc.","PDDS HoldCo, Inc. (13)",Software and Services,Provider of cloud-based dental practice management software,First lien senior secured loan,9.63,SOFR (S),6.0,10/2025,09/2031,,13.8,13.6,13.8,(2)(9),9
180,ARCC,2026-06-30,2026-07-29,0001628280-26-050307,"PDI TA Holdings, Inc., Peachtree Parent, Inc. and Insight PDI Holdings, LLC","PDI TA Holdings, Inc., Peachtree Parent, Inc. and Insight PDI Holdings, LLC",Software and Services,Provider of enterprise management software for the convenience retail and petroleum wholesale market,First lien senior secured revolving loan,9.17,SOFR (Q),5.5,02/2024,02/2031,,2.5,2.5,2.3,(2)(9),9
181,ARCC,2026-06-30,2026-07-29,0001628280-26-050307,"PDI TA Holdings, Inc., Peachtree Parent, Inc. and Insight PDI Holdings, LLC","PDI TA Holdings, Inc., Peachtree Parent, Inc. and Insight PDI Holdings, LLC",Software and Services,Provider of enterprise management software for the convenience retail and petroleum wholesale market,First lien senior secured loan,,SOFR (Q),6.0,01/2024,02/2031,,8.8,8.8,8.3,(2)(9),9
182,ARCC,2026-06-30,2026-07-29,0001628280-26-050307,"PDI TA Holdings, Inc., Peachtree Parent, Inc. and Insight PDI Holdings, LLC","PDI TA Holdings, Inc., Peachtree Parent, Inc. and Insight PDI Holdings, LLC",Software and Services,Provider of enterprise management software for the convenience retail and petroleum wholesale market,Series A preferred stock,,,,03/2019,,13656.0,,35.5,35.1,(2),10
183,ARCC,2026-06-30,2026-07-29,0001628280-26-050307,"PDI TA Holdings, Inc., Peachtree Parent, Inc. and Insight PDI Holdings, LLC","PDI TA Holdings, Inc., Peachtree Parent, Inc. and Insight PDI Holdings, LLC",Software and Services,Provider of enterprise management software for the convenience retail and petroleum wholesale market,Class A units,,,,03/2019,,2062493.0,,2.1,1.7,(2),10
184,ARCC,2026-06-30,2026-07-29,0001628280-26-050307,"Petvisor Holdings, LLC","Petvisor Holdings, LLC (13)",Software and Services,Provider of veterinarian-focused SaaS solutions,First lien senior secured revolving loan,11.25,Base Rate (Q),4.5,06/2022,11/2029,,3.5,3.5,3.4,(2)(9),10
185,ARCC,2026-06-30,2026-07-29,0001628280-26-050307,"Petvisor Holdings, LLC","Petvisor Holdings, LLC (13)",Software and Services,Provider of veterinarian-focused SaaS solutions,First lien senior secured loan,9.23,SOFR (Q),5.5,06/2022,11/2029,,6.0,6.0,5.9,(2)(9),10
186,ARCC,2026-06-30,2026-07-29,0001628280-26-050307,"Petvisor Holdings, LLC","Petvisor Holdings, LLC (13)",Software and Services,Provider of veterinarian-focused SaaS solutions,First lien senior secured loan,9.23,SOFR (Q),5.5,11/2023,11/2029,,13.6,13.6,13.4,(2)(9),10
187,ARCC,2026-06-30,2026-07-29,0001628280-26-050307,"Pluralsight, LLC and Pluralsight Holdings, LLC and Paradigmatic Holdco LLC","Pluralsight, LLC and Pluralsight Holdings, LLC and Paradigmatic Holdco LLC (4)",Software and Services,Online education learning platform,First lien senior secured loan,6.64,SOFR (M),3.0,08/2024,08/2029,,21.8,21.7,21.8,(2)(9),10
188,ARCC,2026-06-30,2026-07-29,0001628280-26-050307,"Pluralsight, LLC and Pluralsight Holdings, LLC and Paradigmatic Holdco LLC","Pluralsight, LLC and Pluralsight Holdings, LLC and Paradigmatic Holdco LLC (4)",Software and Services,Online education learning platform,First lien senior secured loan,,,,08/2024,08/2029,,23.7,21.9,,(2)(8),10
189,ARCC,2026-06-30,2026-07-29,0001628280-26-050307,"Pluralsight, LLC and Pluralsight Holdings, LLC and Paradigmatic Holdco LLC","Pluralsight, LLC and Pluralsight Holdings, LLC and Paradigmatic Holdco LLC (4)",Software and Services,Online education learning platform,Common units,,,,08/2024,,6356812.0,,14.3,,(2),10
190,ARCC,2026-06-30,2026-07-29,0001628280-26-050307,"PracticeTek Purchaser, LLC, PracticeTek MidCo, LLC and GSV PracticeTek Holdings, LLC","PracticeTek Purchaser, LLC, PracticeTek MidCo, LLC and GSV PracticeTek Holdings, LLC (13)",Software and Services,Software provider for medical practitioners,First lien senior secured revolving loan,8.23,SOFR (Q),4.5,08/2023,08/2029,,0.5,0.5,0.5,(2)(9),10
191,ARCC,2026-06-30,2026-07-29,0001628280-26-050307,"PracticeTek Purchaser, LLC, PracticeTek MidCo, LLC and GSV PracticeTek Holdings, LLC","PracticeTek Purchaser, LLC, PracticeTek MidCo, LLC and GSV PracticeTek Holdings, LLC (13)",Software and Services,Software provider for medical practitioners,First lien senior secured loan,9.48,SOFR (Q),5.75,08/2023,08/2029,,36.0,36.0,36.0,(2)(9),10
192,ARCC,2026-06-30,2026-07-29,0001628280-26-050307,"PracticeTek Purchaser, LLC, PracticeTek MidCo, LLC and GSV PracticeTek Holdings, LLC","PracticeTek Purchaser, LLC, PracticeTek MidCo, LLC and GSV PracticeTek Holdings, LLC (13)",Software and Services,Software provider for medical practitioners,Senior subordinated loan,,,,08/2023,08/2030,,57.5,57.5,57.5,(2),10
193,ARCC,2026-06-30,2026-07-29,0001628280-26-050307,"PracticeTek Purchaser, LLC, PracticeTek MidCo, LLC and GSV PracticeTek Holdings, LLC","PracticeTek Purchaser, LLC, PracticeTek MidCo, LLC and GSV PracticeTek Holdings, LLC (13)",Software and Services,Software provider for medical practitioners,Class A units,,,,03/2021,,33220282.0,,29.2,22.8,(2),10
194,ARCC,2026-06-30,2026-07-29,0001628280-26-050307,"Project Potter Buyer, LLC and Project Potter Parent, L.P.","Project Potter Buyer, LLC and Project Potter Parent, L.P. (13)",Software and Services,Software solutions provider to the ready-mix concrete industry,First lien senior secured revolving loan,,,,06/2025,04/2027,,,,,(2)(11),10
195,ARCC,2026-06-30,2026-07-29,0001628280-26-050307,"Project Potter Buyer, LLC and Project Potter Parent, L.P.","Project Potter Buyer, LLC and Project Potter Parent, L.P. (13)",Software and Services,Software solutions provider to the ready-mix concrete industry,First lien senior secured loan,8.98,SOFR (Q),5.25,06/2025,04/2027,,25.4,25.4,25.4,(2)(9),10
196,ARCC,2026-06-30,2026-07-29,0001628280-26-050307,"Project Potter Buyer, LLC and Project Potter Parent, L.P.","Project Potter Buyer, LLC and Project Potter Parent, L.P. (13)",Software and Services,Software solutions provider to the ready-mix concrete industry,First lien senior secured loan,8.98,SOFR (Q),5.25,11/2020,04/2027,,11.6,11.6,11.6,(2)(9),10
197,ARCC,2026-06-30,2026-07-29,0001628280-26-050307,"Project Potter Buyer, LLC and Project Potter Parent, L.P.","Project Potter Buyer, LLC and Project Potter Parent, L.P. (13)",Software and Services,Software solutions provider to the ready-mix concrete industry,First lien senior secured loan,8.98,SOFR (Q),5.25,04/2020,04/2027,,42.1,42.1,42.1,(2)(9),10
198,ARCC,2026-06-30,2026-07-29,0001628280-26-050307,"Project Potter Buyer, LLC and Project Potter Parent, L.P.","Project Potter Buyer, LLC and Project Potter Parent, L.P. (13)",Software and Services,Software solutions provider to the ready-mix concrete industry,First lien senior secured loan,8.98,SOFR (Q),5.25,07/2024,04/2027,,17.6,17.6,17.6,(2)(9),10
199,ARCC,2026-06-30,2026-07-29,0001628280-26-050307,"Project Potter Buyer, LLC and Project Potter Parent, L.P.","Project Potter Buyer, LLC and Project Potter Parent, L.P. (13)",Software and Services,Software solutions provider to the ready-mix concrete industry,First lien senior secured loan,8.98,SOFR (Q),5.25,10/2020,04/2027,,0.1,0.1,0.1,(2)(9),10
200,ARCC,2026-06-30,2026-07-29,0001628280-26-050307,"Project Potter Buyer, LLC and Project Potter Parent, L.P.","Project Potter Buyer, LLC and Project Potter Parent, L.P. (13)",Software and Services,Software solutions provider to the ready-mix concrete industry,Class B units,,,,04/2020,,588636.0,,,2.7,(2),10
201,ARCC,2026-06-30,2026-07-29,0001628280-26-050307,"Proofpoint, Inc.","Proofpoint, Inc. (13)",Software and Services,Cybersecurity solutions provider,First lien senior secured loan,6.73,SOFR (Q),3.0,06/2021,08/2028,,1.0,0.9,0.9,(2)(9)(16),10
202,ARCC,2026-06-30,2026-07-29,0001628280-26-050307,"Proofpoint, Inc.","Proofpoint, Inc. (13)",Software and Services,Cybersecurity solutions provider,Second lien senior secured loan,7.88,Euribor (M),5.75,12/2025,12/2033,,52.1,52.6,50.5,(2),10
203,ARCC,2026-06-30,2026-07-29,0001628280-26-050307,"Proofpoint, Inc.","Proofpoint, Inc. (13)",Software and Services,Cybersecurity solutions provider,Second lien senior secured loan,9.48,SOFR (Q),5.75,12/2025,12/2033,,52.1,51.6,50.5,(2),10
204,ARCC,2026-06-30,2026-07-29,0001628280-26-050307,"QF Holdings, Inc.","QF Holdings, Inc. (13)",Software and Services,SaaS based electronic health record software provider,First lien senior secured revolving loan,8.24,SOFR (S),4.5,12/2025,12/2032,,0.4,0.4,0.4,(2)(9),10
205,ARCC,2026-06-30,2026-07-29,0001628280-26-050307,"QF Holdings, Inc.","QF Holdings, Inc. (13)",Software and Services,SaaS based electronic health record software provider,First lien senior secured loan,8.23,SOFR (Q),4.5,12/2025,12/2032,,46.9,46.9,46.0,(2)(9),10
206,ARCC,2026-06-30,2026-07-29,0001628280-26-050307,"Regent Education, Inc.","Regent Education, Inc.",Software and Services,Provider of software solutions designed to optimize the financial aid and enrollment processes,Warrant to purchase shares of common stock,,,,12/2016,12/2026,5394181.0,,,,,10
207,ARCC,2026-06-30,2026-07-29,0001628280-26-050307,"Revalize, Inc.","Revalize, Inc. (13)",Software and Services,"Developer and operator of software providing configuration, price and quote capabilities",First lien senior secured revolving loan,10.13,SOFR (Q),6.25,05/2022,04/2029,,0.4,0.4,0.3,(2)(9),11
208,ARCC,2026-06-30,2026-07-29,0001628280-26-050307,"Revalize, Inc.","Revalize, Inc. (13)",Software and Services,"Developer and operator of software providing configuration, price and quote capabilities",First lien senior secured loan,,SOFR (Q),6.5,05/2022,04/2029,,0.7,0.7,0.6,(2)(9),11
209,ARCC,2026-06-30,2026-07-29,0001628280-26-050307,"RMS HoldCo II, LLC & RMS Group Holdings, Inc.","RMS HoldCo II, LLC & RMS Group Holdings, Inc. (13)",Software and Services,"Developer of revenue cycle management solutions, process automation, analytics and integration for the healthcare industry",First lien senior secured loan,8.66,SOFR (Q),5.0,08/2022,06/2029,,0.1,0.1,0.1,(2)(9),11
210,ARCC,2026-06-30,2026-07-29,0001628280-26-050307,"RMS HoldCo II, LLC & RMS Group Holdings, Inc.","RMS HoldCo II, LLC & RMS Group Holdings, Inc. (13)",Software and Services,"Developer of revenue cycle management solutions, process automation, analytics and integration for the healthcare industry",First lien senior secured loan,8.66,SOFR (Q),5.0,12/2021,06/2029,,0.1,0.1,0.1,(2)(9),11
211,ARCC,2026-06-30,2026-07-29,0001628280-26-050307,"RMS HoldCo II, LLC & RMS Group Holdings, Inc.","RMS HoldCo II, LLC & RMS Group Holdings, Inc. (13)",Software and Services,"Developer of revenue cycle management solutions, process automation, analytics and integration for the healthcare industry",Class A common stock,,,,12/2021,,566.0,,5.5,1.3,(2),11
212,ARCC,2026-06-30,2026-07-29,0001628280-26-050307,"Runway Bidco, LLC","Runway Bidco, LLC (13)",Software and Services,Provider of workload automation software,First lien senior secured loan,8.23,SOFR (Q),4.5,12/2024,12/2031,,42.3,42.0,41.4,(2)(9),11
213,ARCC,2026-06-30,2026-07-29,0001628280-26-050307,"Sapphire Software Buyer, Inc.","Sapphire Software Buyer, Inc. (13)",Software and Services,Provider of application security testing solutions,First lien senior secured loan,8.73,SOFR (Q),5.0,09/2024,09/2031,,31.3,31.3,30.4,(2)(9),11
214,ARCC,2026-06-30,2026-07-29,0001628280-26-050307,"Severin Acquisition, LLC","Severin Acquisition, LLC (13)",Software and Services,Provider of student information system software solutions to the K-12 education market in North America,First lien senior secured revolving loan,8.39,SOFR (M),4.75,09/2024,10/2031,,13.7,13.7,13.2,(2)(9),11
215,ARCC,2026-06-30,2026-07-29,0001628280-26-050307,"Severin Acquisition, LLC","Severin Acquisition, LLC (13)",Software and Services,Provider of student information system software solutions to the K-12 education market in North America,First lien senior secured loan,,SOFR (M),5.0,09/2024,10/2031,,145.9,145.8,141.5,(2)(9),11
216,ARCC,2026-06-30,2026-07-29,0001628280-26-050307,"Smarsh Inc. and Skywalker TopCo, LLC","Smarsh Inc. and Skywalker TopCo, LLC (13)",Software and Services,SaaS based communication archival service provider,First lien senior secured revolving loan,8.39,SOFR (M),4.75,02/2022,02/2029,,1.2,1.2,1.1,(2)(9),11
217,ARCC,2026-06-30,2026-07-29,0001628280-26-050307,"Smarsh Inc. and Skywalker TopCo, LLC","Smarsh Inc. and Skywalker TopCo, LLC (13)",Software and Services,SaaS based communication archival service provider,First lien senior secured loan,8.48,SOFR (Q),4.75,02/2022,02/2029,,3.7,3.7,3.7,(2)(9),11
218,ARCC,2026-06-30,2026-07-29,0001628280-26-050307,"Smarsh Inc. and Skywalker TopCo, LLC","Smarsh Inc. and Skywalker TopCo, LLC (13)",Software and Services,SaaS based communication archival service provider,Common units,,,,11/2020,,1742623.0,,6.3,5.8,(2),11
219,ARCC,2026-06-30,2026-07-29,0001628280-26-050307,SoundCloud Limited,SoundCloud Limited,Software and Services,"Platform for receiving, sending, and distributing music",Common stock,,,,08/2017,,73422.0,,0.4,0.7,(2)(6),11
220,ARCC,2026-06-30,2026-07-29,0001628280-26-050307,"Spaceship Purchaser, Inc.","Spaceship Purchaser, Inc. (13)",Software and Services,SaaS based website builder and hosting platform,First lien senior secured revolving loan,,,,10/2025,10/2031,,,,,(2)(11),11
221,ARCC,2026-06-30,2026-07-29,0001628280-26-050307,"Spaceship Purchaser, Inc.","Spaceship Purchaser, Inc. (13)",Software and Services,SaaS based website builder and hosting platform,First lien senior secured loan,7.48,SOFR (Q),3.75,10/2025,10/2031,,74.4,74.4,74.4,(2)(9),11
222,ARCC,2026-06-30,2026-07-29,0001628280-26-050307,"Spark Purchaser, Inc.","Spark Purchaser, Inc. (13)",Software and Services,Software platform for Medicare application process,First lien senior secured loan,8.98,SOFR (Q),5.25,04/2024,04/2031,,30.3,30.3,30.3,(2)(9),11
223,ARCC,2026-06-30,2026-07-29,0001628280-26-050307,"Spirit RR Holdings, Inc. and Winterfell Co-Invest SCSp","Spirit RR Holdings, Inc. and Winterfell Co-Invest SCSp (13)",Software and Services,"Provider of data, analytics, news, and workflow tools to customers in the counter-cyclical distressed debt space",First lien senior secured revolving loan,,,,09/2022,09/2028,,,,,(2)(11),11
224,ARCC,2026-06-30,2026-07-29,0001628280-26-050307,"Spirit RR Holdings, Inc. and Winterfell Co-Invest SCSp","Spirit RR Holdings, Inc. and Winterfell Co-Invest SCSp (13)",Software and Services,"Provider of data, analytics, news, and workflow tools to customers in the counter-cyclical distressed debt space",First lien senior secured loan,8.33,SOFR (Q),4.5,09/2022,09/2028,,2.5,2.5,2.5,(2)(9),11
225,ARCC,2026-06-30,2026-07-29,0001628280-26-050307,"Spirit RR Holdings, Inc. and Winterfell Co-Invest SCSp","Spirit RR Holdings, Inc. and Winterfell Co-Invest SCSp (13)",Software and Services,"Provider of data, analytics, news, and workflow tools to customers in the counter-cyclical distressed debt space",Limited partner interests,,,,09/2022,,1010.0,,10.2,19.8,(2),11
226,ARCC,2026-06-30,2026-07-29,0001628280-26-050307,"Storable, Inc. and EQT IX Co-Investment (E) SCSP","Storable, Inc. and EQT IX Co-Investment (E) SCSP",Software and Services,Payment management system solutions and web services for the self-storage industry,Limited partnership interests,,,,04/2021,,614950.0,,5.7,9.8,(2)(6),12
227,ARCC,2026-06-30,2026-07-29,0001628280-26-050307,"Sundance Group Holdings, Inc.","Sundance Group Holdings, Inc. (13)",Software and Services,Provider of cloud-based document management and collaboration solutions,First lien senior secured revolving loan,8.48,SOFR (Q),4.75,09/2024,07/2029,,0.4,0.4,0.4,(2)(9),12
228,ARCC,2026-06-30,2026-07-29,0001628280-26-050307,"Sundance Group Holdings, Inc.","Sundance Group Holdings, Inc. (13)",Software and Services,Provider of cloud-based document management and collaboration solutions,First lien senior secured loan,8.48,SOFR (Q),4.75,01/2026,07/2029,,28.6,28.6,28.3,(2)(9),12
229,ARCC,2026-06-30,2026-07-29,0001628280-26-050307,"Sundance Group Holdings, Inc.","Sundance Group Holdings, Inc. (13)",Software and Services,Provider of cloud-based document management and collaboration solutions,First lien senior secured loan,8.48,SOFR (Q),4.75,09/2024,07/2029,,3.9,3.9,3.9,(2)(9),12
230,ARCC,2026-06-30,2026-07-29,0001628280-26-050307,"Superman Holdings, LLC","Superman Holdings, LLC (13)",Software and Services,Provider of ERP software for the construction industry,First lien senior secured loan,8.23,SOFR (Q),4.5,08/2024,08/2031,,10.7,10.7,10.7,(2)(9),12
231,ARCC,2026-06-30,2026-07-29,0001628280-26-050307,"Tamarack Intermediate, L.L.C. and Tamarack Parent, L.L.C.","Tamarack Intermediate, L.L.C. and Tamarack Parent, L.L.C. (13)",Software and Services,"Provider of environment, health, safety, and sustainability software",First lien senior secured loan,8.68,SOFR (Q),5.0,10/2023,03/2029,,10.7,10.7,10.6,(2)(9),12
232,ARCC,2026-06-30,2026-07-29,0001628280-26-050307,"Tamarack Intermediate, L.L.C. and Tamarack Parent, L.L.C.","Tamarack Intermediate, L.L.C. and Tamarack Parent, L.L.C. (13)",Software and Services,"Provider of environment, health, safety, and sustainability software",First lien senior secured loan,8.67,SOFR (Q),5.0,07/2025,03/2029,,7.5,7.5,7.5,(2)(9),12
233,ARCC,2026-06-30,2026-07-29,0001628280-26-050307,"Tamarack Intermediate, L.L.C. and Tamarack Parent, L.L.C.","Tamarack Intermediate, L.L.C. and Tamarack Parent, L.L.C. (13)",Software and Services,"Provider of environment, health, safety, and sustainability software",First lien senior secured loan,8.67,SOFR (Q),5.0,03/2022,03/2029,,33.9,33.9,33.6,(2)(9),12
234,ARCC,2026-06-30,2026-07-29,0001628280-26-050307,"Tamarack Intermediate, L.L.C. and Tamarack Parent, L.L.C.","Tamarack Intermediate, L.L.C. and Tamarack Parent, L.L.C. (13)",Software and Services,"Provider of environment, health, safety, and sustainability software",First lien senior secured loan,8.67,SOFR (Q),5.0,06/2024,03/2029,,5.7,5.7,5.7,(2)(9),12
235,ARCC,2026-06-30,2026-07-29,0001628280-26-050307,"Tamarack Intermediate, L.L.C. and Tamarack Parent, L.L.C.","Tamarack Intermediate, L.L.C. and Tamarack Parent, L.L.C. (13)",Software and Services,"Provider of environment, health, safety, and sustainability software",Class A-2 units,,,,03/2022,,5057.0,,5.1,7.5,,12
236,ARCC,2026-06-30,2026-07-29,0001628280-26-050307,TCP Hawker Intermediate LLC,TCP Hawker Intermediate LLC (13),Software and Services,Workforce management solutions provider,First lien senior secured revolving loan,7.48,SOFR (Q),3.75,11/2024,08/2029,,3.6,3.6,3.5,(2)(9),12
237,ARCC,2026-06-30,2026-07-29,0001628280-26-050307,TCP Hawker Intermediate LLC,TCP Hawker Intermediate LLC (13),Software and Services,Workforce management solutions provider,First lien senior secured loan,8.73,SOFR (Q),5.0,11/2024,08/2029,,2.0,2.0,1.9,(2)(9),12
238,ARCC,2026-06-30,2026-07-29,0001628280-26-050307,TCP Hawker Intermediate LLC,TCP Hawker Intermediate LLC (13),Software and Services,Workforce management solutions provider,First lien senior secured loan,8.73,SOFR (Q),5.0,08/2019,08/2029,,50.0,50.0,48.4,(2)(9),12
239,ARCC,2026-06-30,2026-07-29,0001628280-26-050307,"Three Rivers Buyer, Inc.","Three Rivers Buyer, Inc. (13)",Software and Services,Developer of cloud-based software for government entities,First lien senior secured loan,8.36,SOFR (M),4.75,11/2025,11/2031,,5.7,5.7,5.7,(2)(9),12
240,ARCC,2026-06-30,2026-07-29,0001628280-26-050307,"Trading Technologies International, Inc.","Trading Technologies International, Inc. (13)",Software and Services,Order and execution management software provider,First lien senior secured loan,7.91,SOFR (Q),4.25,11/2025,11/2032,,21.2,21.2,20.8,(2)(9),12
241,ARCC,2026-06-30,2026-07-29,0001628280-26-050307,Transit Technologies LLC,Transit Technologies LLC (13),Software and Services,Provider of transportation management software and specialty telematics solutions,First lien senior secured loan,8.68,SOFR (Q),5.0,08/2024,08/2031,,12.1,12.1,12.0,(2)(9),12
242,ARCC,2026-06-30,2026-07-29,0001628280-26-050307,Transit Technologies LLC,Transit Technologies LLC (13),Software and Services,Provider of transportation management software and specialty telematics solutions,First lien senior secured loan,8.18,SOFR (Q),4.5,09/2025,08/2031,,8.0,8.0,7.8,(2)(9),12
243,ARCC,2026-06-30,2026-07-29,0001628280-26-050307,"UFS, LLC and BV-UFS Aggregator, LLC","UFS, LLC and BV-UFS Aggregator, LLC (13)",Software and Services,Managed IT services and banking solutions provider to community banks,First lien senior secured loan,8.39,SOFR (M),4.75,10/2025,10/2031,,36.1,36.1,36.1,(2)(9),12
244,ARCC,2026-06-30,2026-07-29,0001628280-26-050307,"UFS, LLC and BV-UFS Aggregator, LLC","UFS, LLC and BV-UFS Aggregator, LLC (13)",Software and Services,Managed IT services and banking solutions provider to community banks,Membership interests,,,,12/2025,,263506.0,,0.5,0.6,,12
245,ARCC,2026-06-30,2026-07-29,0001628280-26-050307,"UKG Inc. and H&F Unite Partners, L.P.","UKG Inc. and H&F Unite Partners, L.P.",Software and Services,Provider of cloud based HCM solutions for businesses,Limited partnership interests,,,,05/2019,,12583556.0,,12.6,22.4,(2)(6),12
246,ARCC,2026-06-30,2026-07-29,0001628280-26-050307,Unicorn Holdco Intermediate II LLC,Unicorn Holdco Intermediate II LLC (13),Software and Services,"Provider of custom software development, IT services, managed services, and criminal justice case-management software solutions",First lien senior secured loan,8.23,SOFR (Q),4.5,03/2026,03/2033,,10.4,10.4,10.3,(2)(9),12
247,ARCC,2026-06-30,2026-07-29,0001628280-26-050307,"UserZoom Technologies, Inc.","UserZoom Technologies, Inc.",Software and Services,User experience research automation software,First lien senior secured loan,,SOFR (Q),7.75,02/2023,04/2029,,5.9,5.8,5.0,(2)(9),13
248,ARCC,2026-06-30,2026-07-29,0001628280-26-050307,"UserZoom Technologies, Inc.","UserZoom Technologies, Inc.",Software and Services,User experience research automation software,First lien senior secured loan,,SOFR (Q),7.75,01/2026,04/2029,,1.7,1.7,1.5,(2)(9),13
249,ARCC,2026-06-30,2026-07-29,0001628280-26-050307,"Vamos Bidco, Inc.","Vamos Bidco, Inc. (13)",Software and Services,Provider of software and data services to the alcoholic beverage industry,First lien senior secured revolving loan,8.23,SOFR (Q),4.5,01/2025,01/2032,,0.4,0.4,0.4,(2)(9),13
250,ARCC,2026-06-30,2026-07-29,0001628280-26-050307,"Vamos Bidco, Inc.","Vamos Bidco, Inc. (13)",Software and Services,Provider of software and data services to the alcoholic beverage industry,First lien senior secured loan,8.23,SOFR (Q),4.5,01/2025,01/2032,,18.0,18.0,17.8,(2)(9),13
251,ARCC,2026-06-30,2026-07-29,0001628280-26-050307,"Victors Purchaser, LLC and WP Victors Co-Investment, L.P.","Victors Purchaser, LLC and WP Victors Co-Investment, L.P. (13)",Software and Services,Third-party maintenance provider for hardware and data center infrastructure,First lien senior secured revolving loan,8.14,SOFR (M),4.5,08/2024,12/2032,,1.6,1.6,1.6,(2)(9),13
252,ARCC,2026-06-30,2026-07-29,0001628280-26-050307,"Victors Purchaser, LLC and WP Victors Co-Investment, L.P.","Victors Purchaser, LLC and WP Victors Co-Investment, L.P. (13)",Software and Services,Third-party maintenance provider for hardware and data center infrastructure,First lien senior secured loan,8.23,SOFR (Q),4.5,08/2024,12/2032,,6.6,6.6,6.5,(2)(9),13
253,ARCC,2026-06-30,2026-07-29,0001628280-26-050307,"Victors Purchaser, LLC and WP Victors Co-Investment, L.P.","Victors Purchaser, LLC and WP Victors Co-Investment, L.P. (13)",Software and Services,Third-party maintenance provider for hardware and data center infrastructure,First lien senior secured loan,8.23,SOFR (Q),4.5,12/2025,12/2032,,0.1,0.1,0.1,(2)(9),13
254,ARCC,2026-06-30,2026-07-29,0001628280-26-050307,"Victors Purchaser, LLC and WP Victors Co-Investment, L.P.","Victors Purchaser, LLC and WP Victors Co-Investment, L.P. (13)",Software and Services,Third-party maintenance provider for hardware and data center infrastructure,First lien senior secured loan,8.23,SOFR (Q),4.5,12/2025,12/2032,,39.0,39.0,38.6,(2)(9),13
255,ARCC,2026-06-30,2026-07-29,0001628280-26-050307,"Victors Purchaser, LLC and WP Victors Co-Investment, L.P.","Victors Purchaser, LLC and WP Victors Co-Investment, L.P. (13)",Software and Services,Third-party maintenance provider for hardware and data center infrastructure,Partnership units,,,,08/2024,,4867968.0,,4.9,6.7,(2),13
256,ARCC,2026-06-30,2026-07-29,0001628280-26-050307,"Viper Bidco, Inc.","Viper Bidco, Inc. (13)",Software and Services,Provider of SaaS based supply chain risk management solutions,First lien senior secured loan,8.23,SOFR (Q),4.5,11/2024,11/2031,,5.5,5.5,5.5,(2)(9),13
257,ARCC,2026-06-30,2026-07-29,0001628280-26-050307,"WebPT, Inc. and WPT Intermediate Holdco, Inc.","WebPT, Inc. and WPT Intermediate Holdco, Inc. (13)",Software and Services,Electronic medical record software provider,First lien senior secured loan,,SOFR (Q),6.25,08/2019,01/2028,,0.1,0.1,0.1,(2)(9),13
258,ARCC,2026-06-30,2026-07-29,0001628280-26-050307,"WebPT, Inc. and WPT Intermediate Holdco, Inc.","WebPT, Inc. and WPT Intermediate Holdco, Inc. (13)",Software and Services,Electronic medical record software provider,Senior subordinated loan,,,,05/2024,05/2029,,79.4,79.4,64.3,(2),13
259,ARCC,2026-06-30,2026-07-29,0001628280-26-050307,Wellington Bidco Inc. and Wellington TopCo LP,Wellington Bidco Inc. and Wellington TopCo LP (13),Software and Services,Provider of ERP and payments software for local governments,First lien senior secured revolving loan,8.48,SOFR (Q),4.75,06/2024,06/2030,,0.6,0.6,0.6,(2)(9),13
260,ARCC,2026-06-30,2026-07-29,0001628280-26-050307,Wellington Bidco Inc. and Wellington TopCo LP,Wellington Bidco Inc. and Wellington TopCo LP (13),Software and Services,Provider of ERP and payments software for local governments,First lien senior secured loan,8.48,SOFR (Q),4.75,12/2025,06/2030,,4.2,4.2,4.1,(2)(9),13
261,ARCC,2026-06-30,2026-07-29,0001628280-26-050307,Wellington Bidco Inc. and Wellington TopCo LP,Wellington Bidco Inc. and Wellington TopCo LP (13),Software and Services,Provider of ERP and payments software for local governments,First lien senior secured loan,8.48,SOFR (Q),4.75,06/2024,06/2030,,3.9,3.9,3.9,(2)(9),13
262,ARCC,2026-06-30,2026-07-29,0001628280-26-050307,Wellington Bidco Inc. and Wellington TopCo LP,Wellington Bidco Inc. and Wellington TopCo LP (13),Software and Services,Provider of ERP and payments software for local governments,Class A-2 preferred units,,,,06/2024,,2323000.0,,2.4,2.9,(2),13
263,ARCC,2026-06-30,2026-07-29,0001628280-26-050307,"Wellness AcquisitionCo, Inc.","Wellness AcquisitionCo, Inc. (13)",Software and Services,"Provider of retail consumer insights and analytics for manufacturers and retailers in the natural, organic and specialty products industry",First lien senior secured revolving loan,,,,01/2021,01/2029,,,,,(2)(11),13
264,ARCC,2026-06-30,2026-07-29,0001628280-26-050307,"Wellness AcquisitionCo, Inc.","Wellness AcquisitionCo, Inc. (13)",Software and Services,"Provider of retail consumer insights and analytics for manufacturers and retailers in the natural, organic and specialty products industry",First lien senior secured loan,8.48,SOFR (Q),4.75,02/2025,01/2029,,3.8,3.8,3.8,(2)(9),13
265,ARCC,2026-06-30,2026-07-29,0001628280-26-050307,"Wellness AcquisitionCo, Inc.","Wellness AcquisitionCo, Inc. (13)",Software and Services,"Provider of retail consumer insights and analytics for manufacturers and retailers in the natural, organic and specialty products industry",First lien senior secured loan,8.48,SOFR (Q),4.75,01/2026,01/2029,,5.6,5.6,5.6,(2)(9),13
266,ARCC,2026-06-30,2026-07-29,0001628280-26-050307,"Wellness AcquisitionCo, Inc.","Wellness AcquisitionCo, Inc. (13)",Software and Services,"Provider of retail consumer insights and analytics for manufacturers and retailers in the natural, organic and specialty products industry",First lien senior secured loan,8.48,SOFR (Q),4.75,02/2022,01/2029,,3.0,3.0,3.0,(2)(9),13
267,ARCC,2026-06-30,2026-07-29,0001628280-26-050307,"WorkWave Intermediate II, LLC","WorkWave Intermediate II, LLC (13)",Software and Services,Provider of cloud-based field services and fleet management solutions,First lien senior secured revolving loan,9.49,SOFR (Q),5.75,09/2025,09/2032,,1.3,1.3,1.3,(2)(9),13
268,ARCC,2026-06-30,2026-07-29,0001628280-26-050307,"WorkWave Intermediate II, LLC","WorkWave Intermediate II, LLC (13)",Software and Services,Provider of cloud-based field services and fleet management solutions,First lien senior secured loan,9.45,SOFR (Q),5.75,09/2025,09/2032,,144.0,144.0,141.1,(2)(9),13
269,ARCC,2026-06-30,2026-07-29,0001628280-26-050307,"ZenDesk, Inc., Zoro TopCo, Inc. and Zoro TopCo, LP","ZenDesk, Inc., Zoro TopCo, Inc. and Zoro TopCo, LP (13)",Software and Services,Provider of cloud-based customer support solutions,First lien senior secured loan,8.71,SOFR (Q),5.0,12/2022,11/2028,,29.2,29.2,28.3,(2)(9),13
270,ARCC,2026-06-30,2026-07-29,0001628280-26-050307,"ZenDesk, Inc., Zoro TopCo, Inc. and Zoro TopCo, LP","ZenDesk, Inc., Zoro TopCo, Inc. and Zoro TopCo, LP (13)",Software and Services,Provider of cloud-based customer support solutions,First lien senior secured loan,8.71,SOFR (Q),5.0,12/2022,11/2028,,10.5,10.5,10.2,(2)(9),14
271,ARCC,2026-06-30,2026-07-29,0001628280-26-050307,"ZenDesk, Inc., Zoro TopCo, Inc. and Zoro TopCo, LP","ZenDesk, Inc., Zoro TopCo, Inc. and Zoro TopCo, LP (13)",Software and Services,Provider of cloud-based customer support solutions,Series A preferred stock,,SOFR (Q),9.5,11/2022,,6553.0,,10.4,10.4,(2)(9),14
272,ARCC,2026-06-30,2026-07-29,0001628280-26-050307,"ZenDesk, Inc., Zoro TopCo, Inc. and Zoro TopCo, LP","ZenDesk, Inc., Zoro TopCo, Inc. and Zoro TopCo, LP (13)",Software and Services,Provider of cloud-based customer support solutions,Class A common units,,,,11/2022,,269100.0,,2.7,2.0,(2),14
273,ARCC,2026-06-30,2026-07-29,0001628280-26-050307,"Aduro Advisors, LLC","Aduro Advisors, LLC (13)",Financial Services,Provider of fund administration services,First lien senior secured loan,8.48,SOFR (Q),4.75,07/2024,07/2030,,8.1,8.1,8.1,(2)(9),14
274,ARCC,2026-06-30,2026-07-29,0001628280-26-050307,"BCC Blueprint Holdings I, LLC and BCC Blueprint Investments, LLC","BCC Blueprint Holdings I, LLC and BCC Blueprint Investments, LLC",Financial Services,Provider of comprehensive suite of investment management and wealth planning solutions,Senior subordinated loan,10.48,SOFR (Q),6.75,12/2025,12/2031,,16.0,16.0,16.0,(2)(9),14
275,ARCC,2026-06-30,2026-07-29,0001628280-26-050307,"BCC Blueprint Holdings I, LLC and BCC Blueprint Investments, LLC","BCC Blueprint Holdings I, LLC and BCC Blueprint Investments, LLC",Financial Services,Provider of comprehensive suite of investment management and wealth planning solutions,Senior subordinated loan,10.43,SOFR (Q),6.75,09/2021,09/2027,,0.2,0.2,0.2,(2)(9),14
276,ARCC,2026-06-30,2026-07-29,0001628280-26-050307,"BCC Blueprint Holdings I, LLC and BCC Blueprint Investments, LLC","BCC Blueprint Holdings I, LLC and BCC Blueprint Investments, LLC",Financial Services,Provider of comprehensive suite of investment management and wealth planning solutions,Senior subordinated loan,,,,09/2021,09/2026,,7.0,7.0,7.0,(2),14
277,ARCC,2026-06-30,2026-07-29,0001628280-26-050307,"BCC Blueprint Holdings I, LLC and BCC Blueprint Investments, LLC","BCC Blueprint Holdings I, LLC and BCC Blueprint Investments, LLC",Financial Services,Provider of comprehensive suite of investment management and wealth planning solutions,Common units,,,,09/2021,,7165615.0,,7.2,18.2,(2),14
278,ARCC,2026-06-30,2026-07-29,0001628280-26-050307,"Beacon Pointe Harmony, LLC","Beacon Pointe Harmony, LLC (13)",Financial Services,Provider of comprehensive wealth management services,First lien senior secured loan,8.14,SOFR (M),4.5,10/2025,12/2028,,3.7,3.7,3.7,(2)(9),14
279,ARCC,2026-06-30,2026-07-29,0001628280-26-050307,"Clearstead Advisors, LLC","Clearstead Advisors, LLC (13)",Financial Services,A leading wealth management firm focused on serving institutional and high net-worth private clients,First lien senior secured revolving loan,8.42,SOFR (M),4.75,05/2025,02/2029,,0.5,0.5,0.5,(2)(9),14
280,ARCC,2026-06-30,2026-07-29,0001628280-26-050307,"Clearstead Advisors, LLC","Clearstead Advisors, LLC (13)",Financial Services,A leading wealth management firm focused on serving institutional and high net-worth private clients,First lien senior secured loan,8.46,SOFR (A),4.75,06/2026,02/2029,,1.2,1.2,1.2,(2)(9),14
281,ARCC,2026-06-30,2026-07-29,0001628280-26-050307,"Clearstead Advisors, LLC","Clearstead Advisors, LLC (13)",Financial Services,A leading wealth management firm focused on serving institutional and high net-worth private clients,First lien senior secured loan,8.6,SOFR (Q),4.75,02/2026,02/2029,,2.0,2.0,2.0,(2)(9),14
282,ARCC,2026-06-30,2026-07-29,0001628280-26-050307,Convera International Holdings Limited and Convera International Financial S.A R.L.,Convera International Holdings Limited and Convera International Financial S.A R.L. (13),Financial Services,Provider of B2B international payment and FX risk management solutions,First lien senior secured loan,8.63,SOFR (Q),4.75,03/2022,03/2030,,23.8,23.8,23.8,(2)(6)(9),14
283,ARCC,2026-06-30,2026-07-29,0001628280-26-050307,Convera International Holdings Limited and Convera International Financial S.A R.L.,Convera International Holdings Limited and Convera International Financial S.A R.L. (13),Financial Services,Provider of B2B international payment and FX risk management solutions,First lien senior secured loan,8.63,SOFR (Q),4.75,06/2023,03/2030,,4.7,4.7,4.7,(2)(6)(9),14
284,ARCC,2026-06-30,2026-07-29,0001628280-26-050307,"CrossCountry Mortgage, LLC and CrossCountry Holdco, LLC","CrossCountry Mortgage, LLC and CrossCountry Holdco, LLC",Financial Services,Mortgage company originating loans in the retail and consumer direct channels,Series D preferred units,,,,11/2023,,90577.0,,24.9,36.9,,14
285,ARCC,2026-06-30,2026-07-29,0001628280-26-050307,"CrossCountry Mortgage, LLC and CrossCountry Holdco, LLC","CrossCountry Mortgage, LLC and CrossCountry Holdco, LLC",Financial Services,Mortgage company originating loans in the retail and consumer direct channels,Series B-3 units,,,,08/2025,,11069.0,,3.1,4.5,,14
286,ARCC,2026-06-30,2026-07-29,0001628280-26-050307,eCapital Finance Corp.,eCapital Finance Corp.,Financial Services,Consolidator of commercial finance businesses,Senior subordinated loan,10.97,SOFR (M),7.25,11/2020,09/2029,,5.4,5.3,5.3,(2)(9),14
287,ARCC,2026-06-30,2026-07-29,0001628280-26-050307,eCapital Finance Corp.,eCapital Finance Corp.,Financial Services,Consolidator of commercial finance businesses,Senior subordinated loan,10.97,SOFR (M),7.25,09/2025,09/2029,,5.8,5.8,5.7,(2)(9),14
288,ARCC,2026-06-30,2026-07-29,0001628280-26-050307,eCapital Finance Corp.,eCapital Finance Corp.,Financial Services,Consolidator of commercial finance businesses,Senior subordinated loan,10.97,SOFR (M),7.25,04/2022,09/2029,,55.8,55.2,55.2,(2)(9),14
289,ARCC,2026-06-30,2026-07-29,0001628280-26-050307,eCapital Finance Corp.,eCapital Finance Corp.,Financial Services,Consolidator of commercial finance businesses,Senior subordinated loan,10.97,SOFR (M),7.25,10/2023,09/2029,,12.3,12.2,12.2,(2)(9),14
290,ARCC,2026-06-30,2026-07-29,0001628280-26-050307,eCapital Finance Corp.,eCapital Finance Corp.,Financial Services,Consolidator of commercial finance businesses,Senior subordinated loan,10.97,SOFR (M),7.25,01/2022,09/2029,,24.3,24.1,24.1,(2)(9),14
291,ARCC,2026-06-30,2026-07-29,0001628280-26-050307,eCapital Finance Corp.,eCapital Finance Corp.,Financial Services,Consolidator of commercial finance businesses,Senior subordinated loan,10.97,SOFR (M),7.25,01/2020,09/2029,,56.0,55.4,55.4,(2)(9),14
292,ARCC,2026-06-30,2026-07-29,0001628280-26-050307,eCapital Finance Corp.,eCapital Finance Corp.,Financial Services,Consolidator of commercial finance businesses,Senior subordinated loan,10.97,SOFR (M),7.25,10/2024,09/2029,,42.1,41.9,41.7,(2)(9),14
293,ARCC,2026-06-30,2026-07-29,0001628280-26-050307,eCapital Finance Corp.,eCapital Finance Corp.,Financial Services,Consolidator of commercial finance businesses,Senior subordinated loan,10.97,SOFR (M),7.25,12/2024,09/2029,,21.9,21.7,21.7,(2)(9),15
294,ARCC,2026-06-30,2026-07-29,0001628280-26-050307,"Endeavor Bidco LLC and Endeavor TopCo, Inc.","Endeavor Bidco LLC and Endeavor TopCo, Inc.",Financial Services,Global securities finance trading platform,First lien senior secured loan,7.98,SOFR (Q),4.25,08/2024,08/2029,,6.1,6.1,6.1,(2)(9),15
295,ARCC,2026-06-30,2026-07-29,0001628280-26-050307,"Endeavor Bidco LLC and Endeavor TopCo, Inc.","Endeavor Bidco LLC and Endeavor TopCo, Inc.",Financial Services,Global securities finance trading platform,Class A common units,,,,08/2024,,1859.0,,1.9,3.0,,15
296,ARCC,2026-06-30,2026-07-29,0001628280-26-050307,"GAPCO AIV Interholdco (CP), L.P.","GAPCO AIV Interholdco (CP), L.P.",Financial Services,Wealth management and financial planning firm,Senior subordinated loan,,SOFR (Q),6.75,03/2025,03/2033,,52.1,52.1,52.1,(2)(9),15
297,ARCC,2026-06-30,2026-07-29,0001628280-26-050307,"GAPCO AIV Interholdco (CP), L.P.","GAPCO AIV Interholdco (CP), L.P.",Financial Services,Wealth management and financial planning firm,Senior subordinated loan,,SOFR (Q),6.75,12/2025,03/2033,,12.8,12.8,12.8,(2)(9),15
298,ARCC,2026-06-30,2026-07-29,0001628280-26-050307,"Grit Buyer, Inc. and Integrum Grit Co-Invest LP","Grit Buyer, Inc. and Integrum Grit Co-Invest LP (13)(14)",Financial Services,Specialized finance and accounting advisory firm,First lien senior secured loan,8.23,SOFR (Q),4.5,07/2025,07/2032,,5.0,5.0,5.0,(2)(9),15
299,ARCC,2026-06-30,2026-07-29,0001628280-26-050307,"Grit Buyer, Inc. and Integrum Grit Co-Invest LP","Grit Buyer, Inc. and Integrum Grit Co-Invest LP (13)(14)",Financial Services,Specialized finance and accounting advisory firm,Limited partnership interests,,,,07/2025,,4420500.0,,3.6,4.5,(2)(6),15
300,ARCC,2026-06-30,2026-07-29,0001628280-26-050307,GTCR F Buyer Corp. and GTCR (D) Investors LP,GTCR F Buyer Corp. and GTCR (D) Investors LP (13)(14),Financial Services,Provider of end-to-end tech-enabled administrative services to private foundations,First lien senior secured loan,8.73,SOFR (Q),5.0,09/2023,09/2030,,5.5,5.5,5.5,(2)(9),15
301,ARCC,2026-06-30,2026-07-29,0001628280-26-050307,GTCR F Buyer Corp. and GTCR (D) Investors LP,GTCR F Buyer Corp. and GTCR (D) Investors LP (13)(14),Financial Services,Provider of end-to-end tech-enabled administrative services to private foundations,First lien senior secured loan,8.73,SOFR (Q),5.0,11/2024,09/2030,,0.6,0.6,0.6,(2)(9),15
302,ARCC,2026-06-30,2026-07-29,0001628280-26-050307,GTCR F Buyer Corp. and GTCR (D) Investors LP,GTCR F Buyer Corp. and GTCR (D) Investors LP (13)(14),Financial Services,Provider of end-to-end tech-enabled administrative services to private foundations,Limited partnership interests,,,,09/2023,,4873286.0,,4.9,11.1,(2),15
303,ARCC,2026-06-30,2026-07-29,0001628280-26-050307,"HighTower Holding, LLC","HighTower Holding, LLC",Financial Services,"Provider of investment, financial and retirement planning services",Senior subordinated loan,6.75,,,06/2022,04/2029,,8.1,7.4,8.0,(2)(16),15
304,ARCC,2026-06-30,2026-07-29,0001628280-26-050307,"IH Elevate Buyer, Inc. and Integrum Elevate Co-Invest LP","IH Elevate Buyer, Inc. and Integrum Elevate Co-Invest LP (13)",Financial Services,"Provider of investment, financial and retirement planning services",First lien senior secured loan,8.64,SOFR (M),5.0,06/2026,06/2033,,34.7,34.7,34.2,(2)(6)(9),15
305,ARCC,2026-06-30,2026-07-29,0001628280-26-050307,"IH Elevate Buyer, Inc. and Integrum Elevate Co-Invest LP","IH Elevate Buyer, Inc. and Integrum Elevate Co-Invest LP (13)",Financial Services,"Provider of investment, financial and retirement planning services",Limited partnership interests,,,,05/2026,,2598000.0,,2.6,2.6,(2)(6),15
306,ARCC,2026-06-30,2026-07-29,0001628280-26-050307,"Ivy Hill Asset Management, L.P.","Ivy Hill Asset Management, L.P. (5)",Financial Services,Asset management services,Subordinated revolving loan,10.23,SOFR (Q),6.5,02/2018,01/2030,,946.0,946.0,946.0,(6)(9),15
307,ARCC,2026-06-30,2026-07-29,0001628280-26-050307,"Ivy Hill Asset Management, L.P.","Ivy Hill Asset Management, L.P. (5)",Financial Services,Asset management services,Member interest,,,,06/2009,,100.0,,1700.5,1896.8,(6),15
308,ARCC,2026-06-30,2026-07-29,0001628280-26-050307,"Lido Advisors, LLC and LAL Group Holdings, LLC","Lido Advisors, LLC and LAL Group Holdings, LLC (13)",Financial Services,Wealth management and financial planning firm,First lien senior secured revolving loan,8.43,SOFR (M),4.75,06/2021,05/2032,,2.7,2.7,2.7,(2)(9)(12),15
309,ARCC,2026-06-30,2026-07-29,0001628280-26-050307,"Lido Advisors, LLC and LAL Group Holdings, LLC","Lido Advisors, LLC and LAL Group Holdings, LLC (13)",Financial Services,Wealth management and financial planning firm,First lien senior secured loan,8.45,SOFR (Q),4.75,06/2023,05/2032,,5.9,5.9,5.9,(2)(9),15
310,ARCC,2026-06-30,2026-07-29,0001628280-26-050307,"Lido Advisors, LLC and LAL Group Holdings, LLC","Lido Advisors, LLC and LAL Group Holdings, LLC (13)",Financial Services,Wealth management and financial planning firm,First lien senior secured loan,8.42,SOFR (Q),4.75,06/2021,05/2032,,4.7,4.7,4.7,(2)(9),15
311,ARCC,2026-06-30,2026-07-29,0001628280-26-050307,"Lido Advisors, LLC and LAL Group Holdings, LLC","Lido Advisors, LLC and LAL Group Holdings, LLC (13)",Financial Services,Wealth management and financial planning firm,Class Z preferred units,,,,08/2025,,9671180.0,,10.6,9.8,,15
312,ARCC,2026-06-30,2026-07-29,0001628280-26-050307,"Lido Advisors, LLC and LAL Group Holdings, LLC","Lido Advisors, LLC and LAL Group Holdings, LLC (13)",Financial Services,Wealth management and financial planning firm,Class A-0 common units,,,,08/2025,,4835590.0,,5.0,4.9,,15
313,ARCC,2026-06-30,2026-07-29,0001628280-26-050307,Mai Capital Management Intermediate LLC,Mai Capital Management Intermediate LLC (13),Financial Services,Provider of comprehensive wealth management services and registered investment advisor,First lien senior secured loan,8.48,SOFR (Q),4.75,06/2025,08/2031,,2.0,2.0,2.0,(2)(9),15
314,ARCC,2026-06-30,2026-07-29,0001628280-26-050307,Mai Capital Management Intermediate LLC,Mai Capital Management Intermediate LLC (13),Financial Services,Provider of comprehensive wealth management services and registered investment advisor,First lien senior secured loan,8.48,SOFR (Q),4.75,08/2024,08/2031,,6.0,6.0,6.0,(2)(9),15
315,ARCC,2026-06-30,2026-07-29,0001628280-26-050307,MC Accelerate Co-Invest Feeder LP and MC CIF Wealth Management (UK) Ltd.,MC Accelerate Co-Invest Feeder LP and MC CIF Wealth Management (UK) Ltd.,Financial Services,Global wealth management firm,Z1 preferred shares,,,,08/2025,08/2031,12901.0,,14.2,14.3,(2)(6),16
316,ARCC,2026-06-30,2026-07-29,0001628280-26-050307,MC Accelerate Co-Invest Feeder LP and MC CIF Wealth Management (UK) Ltd.,MC Accelerate Co-Invest Feeder LP and MC CIF Wealth Management (UK) Ltd.,Financial Services,Global wealth management firm,Z2 preferred shares,,,,08/2025,08/2031,12901.0,,13.5,13.6,(2)(6),16
317,ARCC,2026-06-30,2026-07-29,0001628280-26-050307,MC Accelerate Co-Invest Feeder LP and MC CIF Wealth Management (UK) Ltd.,MC Accelerate Co-Invest Feeder LP and MC CIF Wealth Management (UK) Ltd.,Financial Services,Global wealth management firm,Z3 preferred shares,,,,05/2026,,24572.0,,24.8,24.8,(2)(6),16
318,ARCC,2026-06-30,2026-07-29,0001628280-26-050307,MC Accelerate Co-Invest Feeder LP and MC CIF Wealth Management (UK) Ltd.,MC Accelerate Co-Invest Feeder LP and MC CIF Wealth Management (UK) Ltd.,Financial Services,Global wealth management firm,Membership interest,,,,08/2025,,1000.0,,,,(2)(6),16
319,ARCC,2026-06-30,2026-07-29,0001628280-26-050307,Medlar Bidco Limited,Medlar Bidco Limited (13),Financial Services,Provider of fund and corporate services to alternative assets industry,First lien senior secured loan,8.25,SONIA (Q),4.5,12/2024,05/2032,,26.8,26.9,26.8,(2)(6),16
320,ARCC,2026-06-30,2026-07-29,0001628280-26-050307,"Merit Financial Group, LLC and CWC Fund I (MFA) LP","Merit Financial Group, LLC and CWC Fund I (MFA) LP (13)",Financial Services,Registered investment adviser platform,First lien senior secured loan,8.46,SOFR (Q),4.75,08/2025,08/2032,,17.7,17.7,17.7,(2)(9),16
321,ARCC,2026-06-30,2026-07-29,0001628280-26-050307,"Merit Financial Group, LLC and CWC Fund I (MFA) LP","Merit Financial Group, LLC and CWC Fund I (MFA) LP (13)",Financial Services,Registered investment adviser platform,Limited partnership interests,,,,08/2025,,5086230.0,,5.1,5.7,(6),16
322,ARCC,2026-06-30,2026-07-29,0001628280-26-050307,"Monica Holdco (US), Inc.","Monica Holdco (US), Inc. (13)",Financial Services,Investment technology and advisory firm,First lien senior secured loan,9.13,SOFR (Q),5.25,01/2021,07/2030,,2.5,2.5,2.5,(2)(9),16
323,ARCC,2026-06-30,2026-07-29,0001628280-26-050307,"Monica Holdco (US), Inc.","Monica Holdco (US), Inc. (13)",Financial Services,Investment technology and advisory firm,First lien senior secured loan,8.98,SOFR (Q),5.25,08/2024,07/2030,,2.7,2.7,2.7,(2)(9),16
324,ARCC,2026-06-30,2026-07-29,0001628280-26-050307,"Monica Holdco (US), Inc.","Monica Holdco (US), Inc. (13)",Financial Services,Investment technology and advisory firm,First lien senior secured loan,9.13,SOFR (Q),5.25,07/2025,07/2030,,4.2,4.2,4.2,(2)(9),16
325,ARCC,2026-06-30,2026-07-29,0001628280-26-050307,"MWH Intermediate II, LLC","MWH Intermediate II, LLC (13)",Financial Services,Provider of comprehensive wealth management services,First lien senior secured loan,8.89,SOFR (A),5.25,05/2026,08/2032,,7.9,7.9,7.8,(2)(6)(9),16
326,ARCC,2026-06-30,2026-07-29,0001628280-26-050307,Nexus Buyer LLC,Nexus Buyer LLC,Financial Services,Provider of FDIC-insured deposit placement services,Second lien senior secured loan,9.39,SOFR (M),5.75,08/2025,02/2032,,124.9,123.9,121.0,(2)(16),16
327,ARCC,2026-06-30,2026-07-29,0001628280-26-050307,Oak Funding LLC,Oak Funding LLC (13),Financial Services,Provider of wealth management services,First lien senior secured loan,8.16,SOFR (Q),4.5,12/2025,12/2032,,41.9,41.9,41.9,(2)(6)(9),16
328,ARCC,2026-06-30,2026-07-29,0001628280-26-050307,"Pathstone Family Office LLC and Kelso XI Tailwind Co-Investment, L.P.","Pathstone Family Office LLC and Kelso XI Tailwind Co-Investment, L.P. (13)(14)",Financial Services,Provider of comprehensive wealth management services and registered investment advisor,First lien senior secured loan,8.24,SOFR (M),4.5,06/2024,05/2029,,2.4,2.4,2.4,(2)(9),16
329,ARCC,2026-06-30,2026-07-29,0001628280-26-050307,"Pathstone Family Office LLC and Kelso XI Tailwind Co-Investment, L.P.","Pathstone Family Office LLC and Kelso XI Tailwind Co-Investment, L.P. (13)(14)",Financial Services,Provider of comprehensive wealth management services and registered investment advisor,First lien senior secured loan,8.24,SOFR (M),4.5,06/2026,05/2029,,8.0,8.0,8.0,(2)(9),16
330,ARCC,2026-06-30,2026-07-29,0001628280-26-050307,"Pathstone Family Office LLC and Kelso XI Tailwind Co-Investment, L.P.","Pathstone Family Office LLC and Kelso XI Tailwind Co-Investment, L.P. (13)(14)",Financial Services,Provider of comprehensive wealth management services and registered investment advisor,Limited partnership interests,,,,09/2023,,1965100.0,,2.0,3.8,(6),16
331,ARCC,2026-06-30,2026-07-29,0001628280-26-050307,"PCIA SPV-3, LLC and ASE Royal Aggregator, LLC","PCIA SPV-3, LLC and ASE Royal Aggregator, LLC (13)",Financial Services,Provider of comprehensive wealth management services,First lien senior secured loan,8.39,SOFR (M),4.75,08/2023,08/2029,,5.8,5.8,5.8,(2)(9),16
332,ARCC,2026-06-30,2026-07-29,0001628280-26-050307,"PCIA SPV-3, LLC and ASE Royal Aggregator, LLC","PCIA SPV-3, LLC and ASE Royal Aggregator, LLC (13)",Financial Services,Provider of comprehensive wealth management services,Preferred units,,,,07/2023,,6431667.0,,6.5,15.2,(6),16
333,ARCC,2026-06-30,2026-07-29,0001628280-26-050307,"PCS MidCo, Inc. and PCS Parent, L.P.","PCS MidCo, Inc. and PCS Parent, L.P. (13)",Financial Services,Provider of 401K recordkeeping software solutions,First lien senior secured loan,9.48,SOFR (Q),5.75,03/2024,03/2030,,8.1,8.1,8.1,(2)(9),16
334,ARCC,2026-06-30,2026-07-29,0001628280-26-050307,"PCS MidCo, Inc. and PCS Parent, L.P.","PCS MidCo, Inc. and PCS Parent, L.P. (13)",Financial Services,Provider of 401K recordkeeping software solutions,Class A units,,,,03/2024,,785000.0,,0.8,0.7,(2),16
335,ARCC,2026-06-30,2026-07-29,0001628280-26-050307,"Perigon Wealth Management, LLC, Perigon Wealth Advisors Holdings Company, LLC and CWC Fund I Co-Invest (Prism) LP","Perigon Wealth Management, LLC, Perigon Wealth Advisors Holdings Company, LLC and CWC Fund I Co-Invest (Prism) LP (13)",Financial Services,Wealth management and financial planning firm,First lien senior secured loan,8.14,SOFR (M),4.5,08/2025,03/2031,,0.3,0.3,0.3,(2)(9),16
336,ARCC,2026-06-30,2026-07-29,0001628280-26-050307,"Perigon Wealth Management, LLC, Perigon Wealth Advisors Holdings Company, LLC and CWC Fund I Co-Invest (Prism) LP","Perigon Wealth Management, LLC, Perigon Wealth Advisors Holdings Company, LLC and CWC Fund I Co-Invest (Prism) LP (13)",Financial Services,Wealth management and financial planning firm,Limited partnership interest,,,,03/2024,,2374000.0,,2.4,2.7,(6),17
337,ARCC,2026-06-30,2026-07-29,0001628280-26-050307,"Petrus Buyer, Inc.","Petrus Buyer, Inc. (13)",Financial Services,Provider of REIT research data and analytics,First lien senior secured revolving loan,8.42,SOFR (Q),4.75,11/2022,10/2029,,0.8,0.8,0.8,(2)(9),17
338,ARCC,2026-06-30,2026-07-29,0001628280-26-050307,"Petrus Buyer, Inc.","Petrus Buyer, Inc. (13)",Financial Services,Provider of REIT research data and analytics,First lien senior secured loan,8.43,SOFR (Q),4.75,11/2022,10/2029,,6.4,6.4,6.4,(2)(9),17
339,ARCC,2026-06-30,2026-07-29,0001628280-26-050307,"Petrus Buyer, Inc.","Petrus Buyer, Inc. (13)",Financial Services,Provider of REIT research data and analytics,First lien senior secured loan,8.14,SOFR (Q),4.5,02/2025,10/2029,,1.2,1.2,1.2,(2)(9),17
340,ARCC,2026-06-30,2026-07-29,0001628280-26-050307,"Rialto Management Group, LLC","Rialto Management Group, LLC (13)",Financial Services,Investment and asset management platform focused on real estate,First lien senior secured revolving loan,,,,12/2024,12/2030,,,,,(2)(11),17
341,ARCC,2026-06-30,2026-07-29,0001628280-26-050307,"Rialto Management Group, LLC","Rialto Management Group, LLC (13)",Financial Services,Investment and asset management platform focused on real estate,First lien senior secured loan,8.64,SOFR (M),5.0,12/2024,12/2030,,22.9,22.8,22.9,(2)(9),17
342,ARCC,2026-06-30,2026-07-29,0001628280-26-050307,"Rialto Management Group, LLC","Rialto Management Group, LLC (13)",Financial Services,Investment and asset management platform focused on real estate,First lien senior secured loan,8.64,SOFR (M),5.0,12/2025,12/2030,,5.9,5.9,5.9,(2)(9),17
343,ARCC,2026-06-30,2026-07-29,0001628280-26-050307,"RWA Wealth Partners, LLC","RWA Wealth Partners, LLC (13)",Financial Services,Provider of comprehensive wealth management services,First lien senior secured loan,8.39,SOFR (M),4.75,11/2024,11/2030,,9.1,9.1,9.1,(2)(9),17
344,ARCC,2026-06-30,2026-07-29,0001628280-26-050307,"Steward Partners Global Advisory, LLC, Steward Partners Investment Advisory, LLC, Steward Partners Intermediate II, LLC, and Steward Partners New Holdings, LLC","Steward Partners Global Advisory, LLC, Steward Partners Investment Advisory, LLC, Steward Partners Intermediate II, LLC, and Steward Partners New Holdings, LLC (13)",Financial Services,Wealth management platform,First lien senior secured loan,8.64,SOFR (M),5.0,12/2023,10/2028,,4.8,4.8,4.8,(2)(9),17
345,ARCC,2026-06-30,2026-07-29,0001628280-26-050307,"Steward Partners Global Advisory, LLC, Steward Partners Investment Advisory, LLC, Steward Partners Intermediate II, LLC, and Steward Partners New Holdings, LLC","Steward Partners Global Advisory, LLC, Steward Partners Investment Advisory, LLC, Steward Partners Intermediate II, LLC, and Steward Partners New Holdings, LLC (13)",Financial Services,Wealth management platform,First lien senior secured loan,8.64,SOFR (M),5.0,06/2025,10/2028,,9.6,9.6,9.6,(2)(9),17
346,ARCC,2026-06-30,2026-07-29,0001628280-26-050307,"Steward Partners Global Advisory, LLC, Steward Partners Investment Advisory, LLC, Steward Partners Intermediate II, LLC, and Steward Partners New Holdings, LLC","Steward Partners Global Advisory, LLC, Steward Partners Investment Advisory, LLC, Steward Partners Intermediate II, LLC, and Steward Partners New Holdings, LLC (13)",Financial Services,Wealth management platform,Senior subordinated loan,,,,12/2025,12/2032,,25.0,22.5,22.8,(2)(6),17
347,ARCC,2026-06-30,2026-07-29,0001628280-26-050307,"Steward Partners Global Advisory, LLC, Steward Partners Investment Advisory, LLC, Steward Partners Intermediate II, LLC, and Steward Partners New Holdings, LLC","Steward Partners Global Advisory, LLC, Steward Partners Investment Advisory, LLC, Steward Partners Intermediate II, LLC, and Steward Partners New Holdings, LLC (13)",Financial Services,Wealth management platform,Warrant to purchase common stock,,,,12/2025,12/2032,129164.0,,2.4,2.5,(6),17
348,ARCC,2026-06-30,2026-07-29,0001628280-26-050307,"The Mather Group, LLC, TVG-TMG Topco, Inc., and TVG-TMG Holdings, LLC","The Mather Group, LLC, TVG-TMG Topco, Inc., and TVG-TMG Holdings, LLC (13)",Financial Services,Provider of comprehensive wealth management services,First lien senior secured loan,9.13,SOFR (Q),5.25,03/2022,03/2028,,3.8,3.8,3.8,(2)(9),17
349,ARCC,2026-06-30,2026-07-29,0001628280-26-050307,"The Mather Group, LLC, TVG-TMG Topco, Inc., and TVG-TMG Holdings, LLC","The Mather Group, LLC, TVG-TMG Topco, Inc., and TVG-TMG Holdings, LLC (13)",Financial Services,Provider of comprehensive wealth management services,First lien senior secured loan,9.1,SOFR (Q),5.25,11/2025,03/2028,,0.2,0.2,0.2,(2)(9),17
350,ARCC,2026-06-30,2026-07-29,0001628280-26-050307,"The Mather Group, LLC, TVG-TMG Topco, Inc., and TVG-TMG Holdings, LLC","The Mather Group, LLC, TVG-TMG Topco, Inc., and TVG-TMG Holdings, LLC (13)",Financial Services,Provider of comprehensive wealth management services,First lien senior secured loan,9.13,SOFR (Q),5.25,05/2025,03/2028,,0.4,0.4,0.4,(2)(9),17
351,ARCC,2026-06-30,2026-07-29,0001628280-26-050307,"The Mather Group, LLC, TVG-TMG Topco, Inc., and TVG-TMG Holdings, LLC","The Mather Group, LLC, TVG-TMG Topco, Inc., and TVG-TMG Holdings, LLC (13)",Financial Services,Provider of comprehensive wealth management services,Senior subordinated loan,,,,03/2022,03/2029,,4.6,4.6,4.6,(2)(6),17
352,ARCC,2026-06-30,2026-07-29,0001628280-26-050307,"The Mather Group, LLC, TVG-TMG Topco, Inc., and TVG-TMG Holdings, LLC","The Mather Group, LLC, TVG-TMG Topco, Inc., and TVG-TMG Holdings, LLC (13)",Financial Services,Provider of comprehensive wealth management services,Series A preferred units,,,,03/2022,,7199.0,,7.2,7.2,(2)(6),17
353,ARCC,2026-06-30,2026-07-29,0001628280-26-050307,"The Mather Group, LLC, TVG-TMG Topco, Inc., and TVG-TMG Holdings, LLC","The Mather Group, LLC, TVG-TMG Topco, Inc., and TVG-TMG Holdings, LLC (13)",Financial Services,Provider of comprehensive wealth management services,Common units,,,,03/2022,,7199.0,,,4.1,(2)(6),17
354,ARCC,2026-06-30,2026-07-29,0001628280-26-050307,"The Ultimus Group Midco, LLC, The Ultimus Group, LLC, and The Ultimus Group Aggregator, LP","The Ultimus Group Midco, LLC, The Ultimus Group, LLC, and The Ultimus Group Aggregator, LP (13)",Financial Services,Provider of asset-servicing capabilities for fund managers,First lien senior secured loan,8.23,SOFR (Q),4.5,07/2025,07/2032,,12.7,12.7,12.6,(2)(9),17
355,ARCC,2026-06-30,2026-07-29,0001628280-26-050307,"TPG IX Cardiff Debt HoldCo I, LLC, TPG IX Cardiff Debt Holdco II, LLC, TPG IX Cardiff CI I, L.P., and TPG IX Cardiff CI II, L.P.","TPG IX Cardiff Debt HoldCo I, LLC, TPG IX Cardiff Debt Holdco II, LLC, TPG IX Cardiff CI I, L.P., and TPG IX Cardiff CI II, L.P.",Financial Services,Provider of comprehensive wealth management services,Senior subordinated loan,,SOFR (Q),6.5,01/2025,01/2033,,11.7,11.7,11.7,(2)(9),17
356,ARCC,2026-06-30,2026-07-29,0001628280-26-050307,"TPG IX Cardiff Debt HoldCo I, LLC, TPG IX Cardiff Debt Holdco II, LLC, TPG IX Cardiff CI I, L.P., and TPG IX Cardiff CI II, L.P.","TPG IX Cardiff Debt HoldCo I, LLC, TPG IX Cardiff Debt Holdco II, LLC, TPG IX Cardiff CI I, L.P., and TPG IX Cardiff CI II, L.P.",Financial Services,Provider of comprehensive wealth management services,Limited partnership interest,,,,11/2024,,5719511.0,,5.8,8.2,(2)(6),17
357,ARCC,2026-06-30,2026-07-29,0001628280-26-050307,"TPG IX Cardiff Debt HoldCo I, LLC, TPG IX Cardiff Debt Holdco II, LLC, TPG IX Cardiff CI I, L.P., and TPG IX Cardiff CI II, L.P.","TPG IX Cardiff Debt HoldCo I, LLC, TPG IX Cardiff Debt Holdco II, LLC, TPG IX Cardiff CI I, L.P., and TPG IX Cardiff CI II, L.P.",Financial Services,Provider of comprehensive wealth management services,Limited partnership interest,,,,12/2025,,636275.0,,0.6,0.9,(2)(6),18
358,ARCC,2026-06-30,2026-07-29,0001628280-26-050307,"Waverly Advisors, LLC and WAAM Topco, LLC","Waverly Advisors, LLC and WAAM Topco, LLC (13)",Financial Services,Wealth management and financial planning firm,First lien senior secured revolving loan,9.63,SOFR (Q),5.75,03/2022,03/2028,,0.8,0.8,0.8,(2)(6)(9),18
359,ARCC,2026-06-30,2026-07-29,0001628280-26-050307,"Waverly Advisors, LLC and WAAM Topco, LLC","Waverly Advisors, LLC and WAAM Topco, LLC (13)",Financial Services,Wealth management and financial planning firm,First lien senior secured loan,9.13,SOFR (Q),5.25,01/2025,03/2028,,38.5,38.5,38.5,(2)(6)(9),18
360,ARCC,2026-06-30,2026-07-29,0001628280-26-050307,"Waverly Advisors, LLC and WAAM Topco, LLC","Waverly Advisors, LLC and WAAM Topco, LLC (13)",Financial Services,Wealth management and financial planning firm,First lien senior secured loan,9.63,SOFR (Q),5.75,03/2022,03/2028,,0.7,0.7,0.7,(2)(6)(9),18
361,ARCC,2026-06-30,2026-07-29,0001628280-26-050307,"Waverly Advisors, LLC and WAAM Topco, LLC","Waverly Advisors, LLC and WAAM Topco, LLC (13)",Financial Services,Wealth management and financial planning firm,First lien senior secured loan,9.38,SOFR (Q),5.5,03/2024,03/2028,,4.9,4.9,4.9,(2)(6)(9),18
362,ARCC,2026-06-30,2026-07-29,0001628280-26-050307,"Waverly Advisors, LLC and WAAM Topco, LLC","Waverly Advisors, LLC and WAAM Topco, LLC (13)",Financial Services,Wealth management and financial planning firm,Class A units,,,,06/2023,,1584539.0,,2.3,6.2,(6),18
363,ARCC,2026-06-30,2026-07-29,0001628280-26-050307,"Wealth Enhancement Group, LLC","Wealth Enhancement Group, LLC (13)",Financial Services,Wealth management and financial planning firm,First lien senior secured loan,7.94,SOFR (Q),4.25,06/2021,10/2028,,0.1,0.1,0.1,(2)(9),18
364,ARCC,2026-06-30,2026-07-29,0001628280-26-050307,"Wealth Enhancement Group, LLC","Wealth Enhancement Group, LLC (13)",Financial Services,Wealth management and financial planning firm,First lien senior secured loan,7.94,SOFR (Q),4.25,11/2020,10/2028,,1.9,1.9,1.9,(2)(9),18
365,ARCC,2026-06-30,2026-07-29,0001628280-26-050307,"Wealth Enhancement Group, LLC","Wealth Enhancement Group, LLC (13)",Financial Services,Wealth management and financial planning firm,First lien senior secured loan,7.94,SOFR (Q),4.25,08/2021,10/2028,,0.9,0.9,0.9,(2)(9),18
366,ARCC,2026-06-30,2026-07-29,0001628280-26-050307,"Wealth Enhancement Group, LLC","Wealth Enhancement Group, LLC (13)",Financial Services,Wealth management and financial planning firm,First lien senior secured loan,7.94,SOFR (Q),4.25,10/2019,10/2028,,0.5,0.5,0.5,(2)(9),18
367,ARCC,2026-06-30,2026-07-29,0001628280-26-050307,"Wealth Enhancement Group, LLC","Wealth Enhancement Group, LLC (13)",Financial Services,Wealth management and financial planning firm,First lien senior secured loan,7.92,SOFR (M),4.25,12/2024,10/2028,,29.1,29.1,28.8,(2)(9),18
368,ARCC,2026-06-30,2026-07-29,0001628280-26-050307,Wellington-Altus Financial Inc.,Wellington-Altus Financial Inc. (13)(14),Financial Services,Wealth management and advisory firm,First lien senior secured revolving loan,,,,08/2024,08/2030,,,,,(2)(6)(11),18
369,ARCC,2026-06-30,2026-07-29,0001628280-26-050307,Wellington-Altus Financial Inc.,Wellington-Altus Financial Inc. (13)(14),Financial Services,Wealth management and advisory firm,First lien senior secured loan,7.61,CORRA (Q),5.0,08/2024,08/2030,,0.8,0.8,0.8,(2)(6)(9),18
370,ARCC,2026-06-30,2026-07-29,0001628280-26-050307,Wellington-Altus Financial Inc.,Wellington-Altus Financial Inc. (13)(14),Financial Services,Wealth management and advisory firm,Common stock,,,,08/2024,,76375.0,,2.7,4.6,(2)(6),18
371,ARCC,2026-06-30,2026-07-29,0001628280-26-050307,Wharf Street Ratings Acquisition LLC,Wharf Street Ratings Acquisition LLC (13),Financial Services,Global credit rating agency,First lien senior secured loan,8.14,SOFR (M),4.5,09/2025,09/2032,,5.0,4.9,5.0,(2)(9),18
372,ARCC,2026-06-30,2026-07-29,0001628280-26-050307,"Absolute Dental Group LLC and Absolute Dental Equity, LLC","Absolute Dental Group LLC and Absolute Dental Equity, LLC (5)(13)",Health Care Equipment and Services,Dental services provider,First lien senior secured revolving loan,,,,06/2021,06/2028,,24.1,23.1,14.5,(2)(8),18
373,ARCC,2026-06-30,2026-07-29,0001628280-26-050307,"Absolute Dental Group LLC and Absolute Dental Equity, LLC","Absolute Dental Group LLC and Absolute Dental Equity, LLC (5)(13)",Health Care Equipment and Services,Dental services provider,First lien senior secured loan,,,,09/2024,06/2028,,47.5,44.4,28.5,(2)(8),18
374,ARCC,2026-06-30,2026-07-29,0001628280-26-050307,"Absolute Dental Group LLC and Absolute Dental Equity, LLC","Absolute Dental Group LLC and Absolute Dental Equity, LLC (5)(13)",Health Care Equipment and Services,Dental services provider,Class A preferred units,,,,09/2024,,20000000.0,,16.2,,(2),18
375,ARCC,2026-06-30,2026-07-29,0001628280-26-050307,"Absolute Dental Group LLC and Absolute Dental Equity, LLC","Absolute Dental Group LLC and Absolute Dental Equity, LLC (5)(13)",Health Care Equipment and Services,Dental services provider,Class A common units,,,,06/2021,,6553553.0,,4.7,,(2),18
376,ARCC,2026-06-30,2026-07-29,0001628280-26-050307,"ADG, LLC, GEDC Equity, LLC and RC IV GEDC Investor LLC","ADG, LLC, GEDC Equity, LLC and RC IV GEDC Investor LLC (5)",Health Care Equipment and Services,Dental services provider,First lien senior secured loan,,SOFR (Q),7.0,09/2016,09/2026,,15.8,15.8,15.8,(2)(9),18
377,ARCC,2026-06-30,2026-07-29,0001628280-26-050307,"ADG, LLC, GEDC Equity, LLC and RC IV GEDC Investor LLC","ADG, LLC, GEDC Equity, LLC and RC IV GEDC Investor LLC (5)",Health Care Equipment and Services,Dental services provider,Second lien senior secured loan,,,,06/2023,03/2027,,58.1,54.2,15.7,(2)(8),18
378,ARCC,2026-06-30,2026-07-29,0001628280-26-050307,"ADG, LLC, GEDC Equity, LLC and RC IV GEDC Investor LLC","ADG, LLC, GEDC Equity, LLC and RC IV GEDC Investor LLC (5)",Health Care Equipment and Services,Dental services provider,Class A common units,,,,06/2023,,7604889.0,,29.4,,(2),18
379,ARCC,2026-06-30,2026-07-29,0001628280-26-050307,"Advarra Holdings, Inc.","Advarra Holdings, Inc. (13)",Health Care Equipment and Services,Provider of central institutional review boards over clinical trials,First lien senior secured loan,8.14,SOFR (M),4.5,08/2022,09/2031,,3.9,3.9,3.9,(2)(9),18
380,ARCC,2026-06-30,2026-07-29,0001628280-26-050307,"Advarra Holdings, Inc.","Advarra Holdings, Inc. (13)",Health Care Equipment and Services,Provider of central institutional review boards over clinical trials,First lien senior secured loan,8.14,SOFR (M),4.5,10/2025,09/2031,,1.6,1.6,1.6,(2)(9),18
381,ARCC,2026-06-30,2026-07-29,0001628280-26-050307,Aerin Medical Inc.,Aerin Medical Inc.,Health Care Equipment and Services,Developer and manufacturer of non-invasive nasal treatment solutions,First lien senior secured loan,,SOFR (Q),7.75,12/2024,12/2030,,16.1,15.9,16.0,(2)(9),19
382,ARCC,2026-06-30,2026-07-29,0001628280-26-050307,Aerin Medical Inc.,Aerin Medical Inc.,Health Care Equipment and Services,Developer and manufacturer of non-invasive nasal treatment solutions,Series G preferred shares,,,,12/2024,,877379.0,,1.0,0.9,(2),19
383,ARCC,2026-06-30,2026-07-29,0001628280-26-050307,"AHR Funding Holdings, Inc. and AHR Parent Holdings, LP","AHR Funding Holdings, Inc. and AHR Parent Holdings, LP",Health Care Equipment and Services,Provider of revenue cycle management solutions to hospitals,Series A preferred shares,,,,07/2022,07/2028,35000.0,,57.7,56.5,(2),19
384,ARCC,2026-06-30,2026-07-29,0001628280-26-050307,"AHR Funding Holdings, Inc. and AHR Parent Holdings, LP","AHR Funding Holdings, Inc. and AHR Parent Holdings, LP",Health Care Equipment and Services,Provider of revenue cycle management solutions to hospitals,Preferred units,,,,07/2022,,9900.0,,13.5,6.3,(2),19
385,ARCC,2026-06-30,2026-07-29,0001628280-26-050307,"AHR Funding Holdings, Inc. and AHR Parent Holdings, LP","AHR Funding Holdings, Inc. and AHR Parent Holdings, LP",Health Care Equipment and Services,Provider of revenue cycle management solutions to hospitals,Class B common units,,,,07/2022,,100000.0,,0.1,,(2),19
386,ARCC,2026-06-30,2026-07-29,0001628280-26-050307,"Alcresta Therapeutics, Inc.","Alcresta Therapeutics, Inc. (13)",Health Care Equipment and Services,A commercial-stage medical device company,First lien senior secured revolving loan,8.92,SOFR (Q),5.25,12/2025,03/2031,,0.4,0.4,0.4,(2)(9),19
387,ARCC,2026-06-30,2026-07-29,0001628280-26-050307,"Alcresta Therapeutics, Inc.","Alcresta Therapeutics, Inc. (13)",Health Care Equipment and Services,A commercial-stage medical device company,First lien senior secured loan,8.92,SOFR (Q),5.25,12/2025,03/2031,,13.2,13.2,13.2,(2)(9),19
388,ARCC,2026-06-30,2026-07-29,0001628280-26-050307,"Alcresta Therapeutics, Inc.","Alcresta Therapeutics, Inc. (13)",Health Care Equipment and Services,A commercial-stage medical device company,First lien senior secured loan,8.95,SOFR (Q),5.25,12/2025,03/2031,,5.5,5.5,5.5,(2)(9),19
389,ARCC,2026-06-30,2026-07-29,0001628280-26-050307,"Aledade, Inc.","Aledade, Inc. (13)",Health Care Equipment and Services,Network of independent primary care groups to serve patients through value-based care,First lien senior secured revolving loan,9.41,SOFR (M),5.75,11/2025,11/2028,,26.6,26.6,26.6,(2)(9),19
390,ARCC,2026-06-30,2026-07-29,0001628280-26-050307,"Amerivet Partners Management, Inc. and AVE Holdings LP","Amerivet Partners Management, Inc. and AVE Holdings LP",Health Care Equipment and Services,Veterinary practice management platform,Subordinated loan,,,,11/2023,12/2030,,84.6,77.0,52.4,(2)(8),19
391,ARCC,2026-06-30,2026-07-29,0001628280-26-050307,"Amerivet Partners Management, Inc. and AVE Holdings LP","Amerivet Partners Management, Inc. and AVE Holdings LP",Health Care Equipment and Services,Veterinary practice management platform,Class A units,,,,03/2024,,2922.0,,2.9,,(2),19
392,ARCC,2026-06-30,2026-07-29,0001628280-26-050307,"Amerivet Partners Management, Inc. and AVE Holdings LP","Amerivet Partners Management, Inc. and AVE Holdings LP",Health Care Equipment and Services,Veterinary practice management platform,Class C units,,,,11/2023,,7144.0,,1.4,,(2),19
393,ARCC,2026-06-30,2026-07-29,0001628280-26-050307,"Artivion, Inc.","Artivion, Inc. (13)",Health Care Equipment and Services,"Manufacturer, processor and distributor of medical devices and implantable human tissues",First lien senior secured revolving loan,7.19,SOFR (Q),3.5,01/2024,01/2031,,0.9,0.9,0.9,(2)(6)(9),19
394,ARCC,2026-06-30,2026-07-29,0001628280-26-050307,"AthenaHealth Group Inc., Minerva Holdco, Inc. and BCPE Co-Invest (A), LP","AthenaHealth Group Inc., Minerva Holdco, Inc. and BCPE Co-Invest (A), LP (13)(14)",Health Care Equipment and Services,Revenue cycle management provider to the physician practices and acute care hospitals,First lien senior secured loan,6.39,SOFR (M),2.75,07/2023,02/2029,,0.1,0.1,0.1,(2)(9)(16),19
395,ARCC,2026-06-30,2026-07-29,0001628280-26-050307,"AthenaHealth Group Inc., Minerva Holdco, Inc. and BCPE Co-Invest (A), LP","AthenaHealth Group Inc., Minerva Holdco, Inc. and BCPE Co-Invest (A), LP (13)(14)",Health Care Equipment and Services,Revenue cycle management provider to the physician practices and acute care hospitals,Series A preferred units,,,,02/2022,,198505.0,,317.7,317.8,(2),19
396,ARCC,2026-06-30,2026-07-29,0001628280-26-050307,"AthenaHealth Group Inc., Minerva Holdco, Inc. and BCPE Co-Invest (A), LP","AthenaHealth Group Inc., Minerva Holdco, Inc. and BCPE Co-Invest (A), LP (13)(14)",Health Care Equipment and Services,Revenue cycle management provider to the physician practices and acute care hospitals,Class A units,,,,02/2022,,10487951.0,,10.5,14.1,(2),19
397,ARCC,2026-06-30,2026-07-29,0001628280-26-050307,"Avalign Holdings, Inc. and Avalign Technologies, Inc.","Avalign Holdings, Inc. and Avalign Technologies, Inc.",Health Care Equipment and Services,Full-service contract manufacturer of medical device components for the orthopedic OEM industry,First lien senior secured revolving loan,,,,03/2024,12/2028,,3.6,3.5,2.0,(2)(8),19
398,ARCC,2026-06-30,2026-07-29,0001628280-26-050307,"Avalign Holdings, Inc. and Avalign Technologies, Inc.","Avalign Holdings, Inc. and Avalign Technologies, Inc.",Health Care Equipment and Services,Full-service contract manufacturer of medical device components for the orthopedic OEM industry,First lien senior secured loan,,,,03/2024,12/2028,,40.5,40.2,22.7,(2)(8),19
399,ARCC,2026-06-30,2026-07-29,0001628280-26-050307,"BAART Programs, Inc., MedMark Services, Inc., and Canadian Addiction Treatment Centres LP","BAART Programs, Inc., MedMark Services, Inc., and Canadian Addiction Treatment Centres LP",Health Care Equipment and Services,Opiod treatment provider,First lien senior secured loan,,,,05/2022,06/2027,,5.9,5.9,4.9,(2)(8),19
400,ARCC,2026-06-30,2026-07-29,0001628280-26-050307,"Bambino Group Holdings, LLC","Bambino Group Holdings, LLC",Health Care Equipment and Services,Dental services provider,Class A preferred units,,,,12/2016,,1000000.0,,1.0,0.7,(2),19
401,ARCC,2026-06-30,2026-07-29,0001628280-26-050307,"Bayou Intermediate II, LLC","Bayou Intermediate II, LLC (13)",Health Care Equipment and Services,Developer and manufacturer of vascular medical devices,First lien senior secured revolving loan,8.45,SOFR (Q),4.75,09/2025,09/2032,,2.0,2.0,2.0,(2)(9),19
402,ARCC,2026-06-30,2026-07-29,0001628280-26-050307,"Bayou Intermediate II, LLC","Bayou Intermediate II, LLC (13)",Health Care Equipment and Services,Developer and manufacturer of vascular medical devices,First lien senior secured loan,8.48,SOFR (M),4.75,09/2025,09/2032,,31.1,31.1,30.8,(2)(9),20
403,ARCC,2026-06-30,2026-07-29,0001628280-26-050307,Beehive Acquisition Corp,Beehive Acquisition Corp (13),Health Care Equipment and Services,"Provider of regulatory-driven testing, inspection, and compliance services for diagnostic imaging equipment across U.S. healthcare facilities",First lien senior secured loan,8.43,SOFR (Q),4.75,06/2026,06/2033,,9.6,9.6,9.5,(2)(9),20
404,ARCC,2026-06-30,2026-07-29,0001628280-26-050307,"BrightStar Group Holdings, Inc.","BrightStar Group Holdings, Inc.",Health Care Equipment and Services,Provider of private-pay home care services for patients,First lien senior secured revolving loan,10.5,Base Rate (Q),3.75,02/2025,03/2032,,4.0,4.0,4.0,(2)(9),20
405,ARCC,2026-06-30,2026-07-29,0001628280-26-050307,"BrightStar Group Holdings, Inc.","BrightStar Group Holdings, Inc.",Health Care Equipment and Services,Provider of private-pay home care services for patients,First lien senior secured loan,8.38,SOFR (S),4.75,02/2025,03/2032,,7.0,7.0,7.0,(2)(9),20
406,ARCC,2026-06-30,2026-07-29,0001628280-26-050307,"BVI Medical, Inc. and BVI Group Limited","BVI Medical, Inc. and BVI Group Limited (13)",Health Care Equipment and Services,"Developer, manufacturer, and distributor of diverse ophthalmic surgical products",First lien senior secured revolving loan,9.61,SOFR (M),6.0,03/2025,03/2032,,1.7,1.7,1.4,(2)(6)(9),20
407,ARCC,2026-06-30,2026-07-29,0001628280-26-050307,"BVI Medical, Inc. and BVI Group Limited","BVI Medical, Inc. and BVI Group Limited (13)",Health Care Equipment and Services,"Developer, manufacturer, and distributor of diverse ophthalmic surgical products",First lien senior secured loan,9.67,SOFR (Q),6.0,03/2025,03/2032,,4.5,4.5,3.8,(2)(6)(9),20
408,ARCC,2026-06-30,2026-07-29,0001628280-26-050307,"BVI Medical, Inc. and BVI Group Limited","BVI Medical, Inc. and BVI Group Limited (13)",Health Care Equipment and Services,"Developer, manufacturer, and distributor of diverse ophthalmic surgical products",First lien senior secured loan,,SOFR (Q),6.25,03/2025,03/2032,,144.1,144.1,121.0,(2)(6)(9),20
409,ARCC,2026-06-30,2026-07-29,0001628280-26-050307,"BVI Medical, Inc. and BVI Group Limited","BVI Medical, Inc. and BVI Group Limited (13)",Health Care Equipment and Services,"Developer, manufacturer, and distributor of diverse ophthalmic surgical products",Ordinary shares,,,,03/2025,,3742.0,,5.0,1.8,(2)(6),20
410,ARCC,2026-06-30,2026-07-29,0001628280-26-050307,"CMI Parent, Inc.","CMI Parent, Inc. (13)",Health Care Equipment and Services,Developer and manufacturer of regenerative medical devices and implants,First lien senior secured loan,8.23,SOFR (Q),4.5,01/2026,01/2033,,23.6,23.6,23.4,(2)(9),20
411,ARCC,2026-06-30,2026-07-29,0001628280-26-050307,"Color Intermediate, LLC","Color Intermediate, LLC",Health Care Equipment and Services,Provider of pre-payment integrity software solution,First lien senior secured loan,8.58,SOFR (Q),4.75,10/2022,10/2029,,19.7,19.7,19.7,(2)(9),20
412,ARCC,2026-06-30,2026-07-29,0001628280-26-050307,"Convey Health Solutions, Inc.","Convey Health Solutions, Inc.",Health Care Equipment and Services,Healthcare workforce management software provider,First lien senior secured loan,,,,02/2022,07/2029,,0.1,0.1,,(2)(6)(8),20
413,ARCC,2026-06-30,2026-07-29,0001628280-26-050307,"Convey Health Solutions, Inc.","Convey Health Solutions, Inc.",Health Care Equipment and Services,Healthcare workforce management software provider,First lien senior secured loan,,,,10/2022,07/2029,,0.1,0.1,,(2)(6)(8),20
414,ARCC,2026-06-30,2026-07-29,0001628280-26-050307,"Convey Health Solutions, Inc.","Convey Health Solutions, Inc.",Health Care Equipment and Services,Healthcare workforce management software provider,First lien senior secured loan,,,,09/2019,07/2029,,1.9,1.9,0.3,(2)(6)(8),20
415,ARCC,2026-06-30,2026-07-29,0001628280-26-050307,Cradle Lux Bidco S.A.R.L. and Hamilton Thorne Inc.,Cradle Lux Bidco S.A.R.L. and Hamilton Thorne Inc. (13),Health Care Equipment and Services,Provider of consumables and equipment for ART and IVF procedures,First lien senior secured loan,9.17,SOFR (Q),5.5,11/2024,11/2031,,2.9,2.9,2.9,(2)(6)(9),20
416,ARCC,2026-06-30,2026-07-29,0001628280-26-050307,Cradle Lux Bidco S.A.R.L. and Hamilton Thorne Inc.,Cradle Lux Bidco S.A.R.L. and Hamilton Thorne Inc. (13),Health Care Equipment and Services,Provider of consumables and equipment for ART and IVF procedures,First lien senior secured loan,7.73,Euribor (Q),5.5,11/2024,11/2031,,12.1,11.4,12.1,(2)(6)(9),20
417,ARCC,2026-06-30,2026-07-29,0001628280-26-050307,"Crown CT Parent Inc., Crown CT HoldCo Inc. and Crown CT Management LLC","Crown CT Parent Inc., Crown CT HoldCo Inc. and Crown CT Management LLC",Health Care Equipment and Services,Provider of medical devices and services for the treatment of positional plagiocephaly,First lien senior secured revolving loan,9.39,SOFR (Q),5.5,03/2022,03/2028,,0.1,0.1,0.1,(2)(9)(12),20
418,ARCC,2026-06-30,2026-07-29,0001628280-26-050307,"Crown CT Parent Inc., Crown CT HoldCo Inc. and Crown CT Management LLC","Crown CT Parent Inc., Crown CT HoldCo Inc. and Crown CT Management LLC",Health Care Equipment and Services,Provider of medical devices and services for the treatment of positional plagiocephaly,First lien senior secured loan,9.38,SOFR (Q),5.5,03/2022,03/2029,,23.7,23.7,23.7,(2)(9),20
419,ARCC,2026-06-30,2026-07-29,0001628280-26-050307,"Crown CT Parent Inc., Crown CT HoldCo Inc. and Crown CT Management LLC","Crown CT Parent Inc., Crown CT HoldCo Inc. and Crown CT Management LLC",Health Care Equipment and Services,Provider of medical devices and services for the treatment of positional plagiocephaly,Class A shares,,,,03/2022,,192.0,,1.9,2.5,(2),20
420,ARCC,2026-06-30,2026-07-29,0001628280-26-050307,"Crown CT Parent Inc., Crown CT HoldCo Inc. and Crown CT Management LLC","Crown CT Parent Inc., Crown CT HoldCo Inc. and Crown CT Management LLC",Health Care Equipment and Services,Provider of medical devices and services for the treatment of positional plagiocephaly,Common units,,,,03/2022,,31.0,,0.3,0.4,(2),20
421,ARCC,2026-06-30,2026-07-29,0001628280-26-050307,"CVP Holdco, Inc. and OMERS Wildcats Investment Holdings LLC","CVP Holdco, Inc. and OMERS Wildcats Investment Holdings LLC (13)",Health Care Equipment and Services,Veterinary hospital operator,First lien senior secured loan,8.39,SOFR (M),4.75,06/2024,06/2031,,41.8,41.8,41.8,(2)(9),20
422,ARCC,2026-06-30,2026-07-29,0001628280-26-050307,"CVP Holdco, Inc. and OMERS Wildcats Investment Holdings LLC","CVP Holdco, Inc. and OMERS Wildcats Investment Holdings LLC (13)",Health Care Equipment and Services,Veterinary hospital operator,Class A preferred units,,,,08/2023,,3678.0,,2.6,2.0,(2),20
423,ARCC,2026-06-30,2026-07-29,0001628280-26-050307,"CVP Holdco, Inc. and OMERS Wildcats Investment Holdings LLC","CVP Holdco, Inc. and OMERS Wildcats Investment Holdings LLC (13)",Health Care Equipment and Services,Veterinary hospital operator,Common stock,,,,10/2019,,41443.0,,14.5,22.1,(2),20
424,ARCC,2026-06-30,2026-07-29,0001628280-26-050307,"Empower Payments Investor, LLC","Empower Payments Investor, LLC (13)",Health Care Equipment and Services,Financial communication and payment solutions provider,First lien senior secured loan,8.14,SOFR (M),4.5,03/2024,03/2031,,0.1,0.1,0.1,(2)(9),21
425,ARCC,2026-06-30,2026-07-29,0001628280-26-050307,"Empower Payments Investor, LLC","Empower Payments Investor, LLC (13)",Health Care Equipment and Services,Financial communication and payment solutions provider,First lien senior secured loan,8.14,SOFR (M),4.5,06/2025,03/2031,,4.1,4.0,4.0,(2)(9),21
426,ARCC,2026-06-30,2026-07-29,0001628280-26-050307,"Evolent Health LLC and Evolent Health, Inc.","Evolent Health LLC and Evolent Health, Inc.",Health Care Equipment and Services,Medical technology company focused on value based care services and payment solutions,First lien senior secured loan,9.31,SOFR (Q),5.5,12/2024,12/2029,,18.3,18.3,18.3,(2)(6)(9),21
427,ARCC,2026-06-30,2026-07-29,0001628280-26-050307,"Evolent Health LLC and Evolent Health, Inc.","Evolent Health LLC and Evolent Health, Inc.",Health Care Equipment and Services,Medical technology company focused on value based care services and payment solutions,Second lien senior secured loan,9.83,SOFR (Q),6.0,08/2025,12/2029,,3.8,3.8,3.9,(2)(6)(9),21
428,ARCC,2026-06-30,2026-07-29,0001628280-26-050307,"Galaxy Buyer, Inc. and Galaxy Topco I, L.P.","Galaxy Buyer, Inc. and Galaxy Topco I, L.P. (13)",Health Care Equipment and Services,Provider of Laboratory Information Management Systems (LIMS) and informatics solutions,First lien senior secured loan,8.42,SOFR (Q),4.75,01/2026,01/2033,,16.1,16.1,16.0,(2)(9),21
429,ARCC,2026-06-30,2026-07-29,0001628280-26-050307,"Galaxy Buyer, Inc. and Galaxy Topco I, L.P.","Galaxy Buyer, Inc. and Galaxy Topco I, L.P. (13)",Health Care Equipment and Services,Provider of Laboratory Information Management Systems (LIMS) and informatics solutions,Class A-1 units,,,,01/2026,,1406458.0,,1.4,1.7,(2),21
430,ARCC,2026-06-30,2026-07-29,0001628280-26-050307,GHX Ultimate Parent Corporation and Nexus TopCo LP,GHX Ultimate Parent Corporation and Nexus TopCo LP (13),Health Care Equipment and Services,On-demand supply chain automation solutions provider to the healthcare industry,First lien senior secured loan,,SOFR (Q),5.0,12/2024,02/2033,,92.4,92.4,91.4,(2)(9),21
431,ARCC,2026-06-30,2026-07-29,0001628280-26-050307,GHX Ultimate Parent Corporation and Nexus TopCo LP,GHX Ultimate Parent Corporation and Nexus TopCo LP (13),Health Care Equipment and Services,On-demand supply chain automation solutions provider to the healthcare industry,First lien senior secured loan,,SOFR (Q),5.0,02/2026,02/2033,,16.8,16.8,16.6,(2)(9),21
432,ARCC,2026-06-30,2026-07-29,0001628280-26-050307,GHX Ultimate Parent Corporation and Nexus TopCo LP,GHX Ultimate Parent Corporation and Nexus TopCo LP (13),Health Care Equipment and Services,On-demand supply chain automation solutions provider to the healthcare industry,Class C units,,,,02/2026,,3208.0,,,,(2),21
433,ARCC,2026-06-30,2026-07-29,0001628280-26-050307,"Himalaya TopCo LLC and BCPE Hyperlink Holdings, LP","Himalaya TopCo LLC and BCPE Hyperlink Holdings, LP (13)",Health Care Equipment and Services,Provider of software solutions to healthcare payors,First lien senior secured revolving loan,8.64,SOFR (M),5.0,06/2025,06/2032,,5.8,5.8,5.7,(2)(9)(12),21
434,ARCC,2026-06-30,2026-07-29,0001628280-26-050307,"Himalaya TopCo LLC and BCPE Hyperlink Holdings, LP","Himalaya TopCo LLC and BCPE Hyperlink Holdings, LP (13)",Health Care Equipment and Services,Provider of software solutions to healthcare payors,First lien senior secured loan,,SOFR (M),5.25,09/2025,06/2032,,20.9,20.9,20.5,(2)(9),21
435,ARCC,2026-06-30,2026-07-29,0001628280-26-050307,"Himalaya TopCo LLC and BCPE Hyperlink Holdings, LP","Himalaya TopCo LLC and BCPE Hyperlink Holdings, LP (13)",Health Care Equipment and Services,Provider of software solutions to healthcare payors,First lien senior secured loan,,SOFR (M),5.25,06/2025,06/2032,,237.0,236.9,232.3,(2)(9),21
436,ARCC,2026-06-30,2026-07-29,0001628280-26-050307,"Himalaya TopCo LLC and BCPE Hyperlink Holdings, LP","Himalaya TopCo LLC and BCPE Hyperlink Holdings, LP (13)",Health Care Equipment and Services,Provider of software solutions to healthcare payors,Class A units,,,,09/2025,,253551.0,,2.5,2.3,(2),21
437,ARCC,2026-06-30,2026-07-29,0001628280-26-050307,HuFriedy Group Acquisition LLC,HuFriedy Group Acquisition LLC (13),Health Care Equipment and Services,Manufacturer of surgical dental equipment and sterile instruments,First lien senior secured revolving loan,9.23,SOFR (Q),5.5,05/2024,05/2030,,0.6,0.6,0.6,(2)(9)(12),21
438,ARCC,2026-06-30,2026-07-29,0001628280-26-050307,HuFriedy Group Acquisition LLC,HuFriedy Group Acquisition LLC (13),Health Care Equipment and Services,Manufacturer of surgical dental equipment and sterile instruments,First lien senior secured loan,9.16,SOFR (Q),5.5,10/2025,06/2031,,15.2,15.2,15.2,(2)(9),21
439,ARCC,2026-06-30,2026-07-29,0001628280-26-050307,HuFriedy Group Acquisition LLC,HuFriedy Group Acquisition LLC (13),Health Care Equipment and Services,Manufacturer of surgical dental equipment and sterile instruments,First lien senior secured loan,9.18,SOFR (Q),5.5,05/2024,05/2031,,75.7,75.7,75.7,(2)(9),21
440,ARCC,2026-06-30,2026-07-29,0001628280-26-050307,"KBHS Acquisition, LLC (d/b/a Alita Care, LLC)","KBHS Acquisition, LLC (d/b/a Alita Care, LLC)",Health Care Equipment and Services,Provider of behavioral health services,First lien senior secured revolving loan,,,,03/2017,03/2027,,4.8,4.1,2.5,(2)(8),21
441,ARCC,2026-06-30,2026-07-29,0001628280-26-050307,"KBHS Acquisition, LLC (d/b/a Alita Care, LLC)","KBHS Acquisition, LLC (d/b/a Alita Care, LLC)",Health Care Equipment and Services,Provider of behavioral health services,First lien senior secured loan,8.8,SOFR (S),5.0,03/2026,03/2033,,0.5,0.5,0.5,,21
442,ARCC,2026-06-30,2026-07-29,0001628280-26-050307,"LivTech Purchaser, Inc.","LivTech Purchaser, Inc. (13)",Health Care Equipment and Services,"Provider of senior care end-to-end software, payments and RCM platform",First lien senior secured loan,8.65,SOFR (M),5.0,11/2024,11/2031,,10.4,10.4,10.3,(2)(9),21
443,ARCC,2026-06-30,2026-07-29,0001628280-26-050307,"Napa Management Services Corporation and ASP NAPA Holdings, LLC","Napa Management Services Corporation and ASP NAPA Holdings, LLC",Health Care Equipment and Services,Anesthesia management services provider,Preferred units,,,,06/2020,,1842.0,,0.3,0.3,(2),21
444,ARCC,2026-06-30,2026-07-29,0001628280-26-050307,"Napa Management Services Corporation and ASP NAPA Holdings, LLC","Napa Management Services Corporation and ASP NAPA Holdings, LLC",Health Care Equipment and Services,Anesthesia management services provider,Senior preferred units,,,,06/2020,,5320.0,,0.4,0.4,(2),21
445,ARCC,2026-06-30,2026-07-29,0001628280-26-050307,"Napa Management Services Corporation and ASP NAPA Holdings, LLC","Napa Management Services Corporation and ASP NAPA Holdings, LLC",Health Care Equipment and Services,Anesthesia management services provider,Class A units,,,,04/2016,,25277.0,,2.5,2.3,(2),21
446,ARCC,2026-06-30,2026-07-29,0001628280-26-050307,"Next Holdco, LLC","Next Holdco, LLC (13)",Health Care Equipment and Services,Provider of electronic medical record and practice management software,First lien senior secured loan,8.89,SOFR (Q),5.25,11/2023,11/2030,,6.4,6.4,6.4,(2)(9),22
447,ARCC,2026-06-30,2026-07-29,0001628280-26-050307,NMN Holdings III Corp. and NMN Holdings LP,NMN Holdings III Corp. and NMN Holdings LP (13),Health Care Equipment and Services,Provider of complex rehabilitation technology solutions for patients with mobility loss,First lien senior secured revolving loan,,,,07/2024,07/2031,,,,,(2)(11),22
448,ARCC,2026-06-30,2026-07-29,0001628280-26-050307,NMN Holdings III Corp. and NMN Holdings LP,NMN Holdings III Corp. and NMN Holdings LP (13),Health Care Equipment and Services,Provider of complex rehabilitation technology solutions for patients with mobility loss,First lien senior secured loan,8.14,SOFR (M),4.5,07/2024,07/2031,,69.9,69.9,69.9,(2)(9),22
449,ARCC,2026-06-30,2026-07-29,0001628280-26-050307,NMN Holdings III Corp. and NMN Holdings LP,NMN Holdings III Corp. and NMN Holdings LP (13),Health Care Equipment and Services,Provider of complex rehabilitation technology solutions for patients with mobility loss,First lien senior secured loan,7.28,CORRA (M),5.0,09/2025,07/2031,,12.9,13.3,12.9,(2)(9),22
450,ARCC,2026-06-30,2026-07-29,0001628280-26-050307,NMN Holdings III Corp. and NMN Holdings LP,NMN Holdings III Corp. and NMN Holdings LP (13),Health Care Equipment and Services,Provider of complex rehabilitation technology solutions for patients with mobility loss,First lien senior secured loan,8.39,SOFR (M),4.75,09/2025,07/2031,,7.1,7.1,7.1,(2)(9),22
451,ARCC,2026-06-30,2026-07-29,0001628280-26-050307,NMN Holdings III Corp. and NMN Holdings LP,NMN Holdings III Corp. and NMN Holdings LP (13),Health Care Equipment and Services,Provider of complex rehabilitation technology solutions for patients with mobility loss,Partnership units,,,,11/2018,,30000.0,,3.0,9.5,(2),22
452,ARCC,2026-06-30,2026-07-29,0001628280-26-050307,"Nomi Health, Inc.","Nomi Health, Inc.",Health Care Equipment and Services,Provider of software payment services for healthcare industry,Warrant to purchase Series B preferred stock,,,,07/2023,07/2033,9941.0,,,,(2),22
453,ARCC,2026-06-30,2026-07-29,0001628280-26-050307,"Nomi Health, Inc.","Nomi Health, Inc.",Health Care Equipment and Services,Provider of software payment services for healthcare industry,Warrant to purchase Class A common stock,,,,06/2024,06/2034,22211.0,,,,(2),22
454,ARCC,2026-06-30,2026-07-29,0001628280-26-050307,"Olympia Acquisition, Inc., Olympia TopCo, L.P., and Asclepius Holdings LLC","Olympia Acquisition, Inc., Olympia TopCo, L.P., and Asclepius Holdings LLC (5)",Health Care Equipment and Services,Behavioral health and special education platform provider,Preferred units,,,,07/2021,,417189.0,,,,(2),22
455,ARCC,2026-06-30,2026-07-29,0001628280-26-050307,"Olympia Acquisition, Inc., Olympia TopCo, L.P., and Asclepius Holdings LLC","Olympia Acquisition, Inc., Olympia TopCo, L.P., and Asclepius Holdings LLC (5)",Health Care Equipment and Services,Behavioral health and special education platform provider,Preferred stock,,,,02/2022,,7983.0,,,,(2),22
456,ARCC,2026-06-30,2026-07-29,0001628280-26-050307,"Olympia Acquisition, Inc., Olympia TopCo, L.P., and Asclepius Holdings LLC","Olympia Acquisition, Inc., Olympia TopCo, L.P., and Asclepius Holdings LLC (5)",Health Care Equipment and Services,Behavioral health and special education platform provider,Class A common units,,,,09/2019,,9549000.0,,,,(2),22
457,ARCC,2026-06-30,2026-07-29,0001628280-26-050307,"Olympia Acquisition, Inc., Olympia TopCo, L.P., and Asclepius Holdings LLC","Olympia Acquisition, Inc., Olympia TopCo, L.P., and Asclepius Holdings LLC (5)",Health Care Equipment and Services,Behavioral health and special education platform provider,Common units,,,,02/2022,,7584.0,,,,(2),22
458,ARCC,2026-06-30,2026-07-29,0001628280-26-050307,Pathway Vet Alliance LLC and Jedi Group Holdings LLC,Pathway Vet Alliance LLC and Jedi Group Holdings LLC (13),Health Care Equipment and Services,Veterinary hospital operator,First lien senior secured revolving loan,,,,03/2025,06/2028,,,,,(2)(11),22
459,ARCC,2026-06-30,2026-07-29,0001628280-26-050307,Pathway Vet Alliance LLC and Jedi Group Holdings LLC,Pathway Vet Alliance LLC and Jedi Group Holdings LLC (13),Health Care Equipment and Services,Veterinary hospital operator,Second lien senior secured loan,,,,03/2020,06/2028,,88.4,75.5,57.5,(2)(8),22
460,ARCC,2026-06-30,2026-07-29,0001628280-26-050307,Pathway Vet Alliance LLC and Jedi Group Holdings LLC,Pathway Vet Alliance LLC and Jedi Group Holdings LLC (13),Health Care Equipment and Services,Veterinary hospital operator,Class R common units,,,,03/2020,,6004768.0,,6.0,,(2),22
461,ARCC,2026-06-30,2026-07-29,0001628280-26-050307,Pegasus Aggregator Parent LLC,Pegasus Aggregator Parent LLC,Health Care Equipment and Services,Emergency air medical services provider,Class B units,,,,05/2026,,3952946.0,,43.2,50.2,(2)(6),22
462,ARCC,2026-06-30,2026-07-29,0001628280-26-050307,"PetVet Care Centers, LLC","PetVet Care Centers, LLC (13)",Health Care Equipment and Services,Veterinary hospital operator,First lien senior secured revolving loan,9.62,SOFR (M),6.0,11/2023,11/2029,,8.1,8.1,6.8,(2)(9),22
463,ARCC,2026-06-30,2026-07-29,0001628280-26-050307,"PetVet Care Centers, LLC","PetVet Care Centers, LLC (13)",Health Care Equipment and Services,Veterinary hospital operator,First lien senior secured loan,9.64,SOFR (M),6.0,11/2023,11/2030,,129.5,129.5,108.7,(2)(9),22
464,ARCC,2026-06-30,2026-07-29,0001628280-26-050307,Premise Health Holding Corp. and OMERS Bluejay Investment Holdings LP,Premise Health Holding Corp. and OMERS Bluejay Investment Holdings LP (13),Health Care Equipment and Services,Provider of employer-sponsored onsite health and wellness clinics and pharmacies,First lien senior secured revolving loan,,,,02/2024,11/2031,,,,,(2)(11),22
465,ARCC,2026-06-30,2026-07-29,0001628280-26-050307,Premise Health Holding Corp. and OMERS Bluejay Investment Holdings LP,Premise Health Holding Corp. and OMERS Bluejay Investment Holdings LP (13),Health Care Equipment and Services,Provider of employer-sponsored onsite health and wellness clinics and pharmacies,First lien senior secured loan,8.48,SOFR (Q),4.75,02/2024,11/2032,,11.9,11.9,11.9,(2)(9),22
466,ARCC,2026-06-30,2026-07-29,0001628280-26-050307,Premise Health Holding Corp. and OMERS Bluejay Investment Holdings LP,Premise Health Holding Corp. and OMERS Bluejay Investment Holdings LP (13),Health Care Equipment and Services,Provider of employer-sponsored onsite health and wellness clinics and pharmacies,First lien senior secured loan,8.48,SOFR (Q),4.75,11/2025,11/2032,,10.6,10.6,10.6,(2)(9),22
467,ARCC,2026-06-30,2026-07-29,0001628280-26-050307,Premise Health Holding Corp. and OMERS Bluejay Investment Holdings LP,Premise Health Holding Corp. and OMERS Bluejay Investment Holdings LP (13),Health Care Equipment and Services,Provider of employer-sponsored onsite health and wellness clinics and pharmacies,Class A units,,,,07/2018,,9775.0,,5.4,18.9,(2),22
468,ARCC,2026-06-30,2026-07-29,0001628280-26-050307,"Project Alliance Buyer, LLC","Project Alliance Buyer, LLC (13)",Health Care Equipment and Services,Provider of technology solutions for specialty medication management,First lien senior secured loan,8.67,SOFR (Q),5.0,08/2025,08/2031,,6.7,6.7,6.7,(2)(9),22
469,ARCC,2026-06-30,2026-07-29,0001628280-26-050307,"Revival Animal Health, LLC","Revival Animal Health, LLC (13)",Health Care Equipment and Services,B2B distributor of animal health products,First lien senior secured revolving loan,9.73,SOFR (Q),6.0,01/2025,01/2028,,1.8,1.8,1.6,(2)(9),23
470,ARCC,2026-06-30,2026-07-29,0001628280-26-050307,"Revival Animal Health, LLC","Revival Animal Health, LLC (13)",Health Care Equipment and Services,B2B distributor of animal health products,First lien senior secured loan,9.71,SOFR (Q),6.0,01/2025,01/2028,,26.6,26.6,24.2,(2)(9),23
471,ARCC,2026-06-30,2026-07-29,0001628280-26-050307,"Revival Animal Health, LLC","Revival Animal Health, LLC (13)",Health Care Equipment and Services,B2B distributor of animal health products,First lien senior secured loan,9.73,SOFR (Q),6.0,04/2025,01/2028,,2.0,2.0,1.8,(2)(9),23
472,ARCC,2026-06-30,2026-07-29,0001628280-26-050307,Signant Finance One Limited and Bracket Intermediate Holding Corp.,Signant Finance One Limited and Bracket Intermediate Holding Corp. (13),Health Care Equipment and Services,Provider of eClinical software solutions for clinical trial management,First lien senior secured revolving loan,8.67,SOFR (M),5.0,10/2025,10/2031,,0.1,0.1,0.1,(2)(6)(9),23
473,ARCC,2026-06-30,2026-07-29,0001628280-26-050307,Signant Finance One Limited and Bracket Intermediate Holding Corp.,Signant Finance One Limited and Bracket Intermediate Holding Corp. (13),Health Care Equipment and Services,Provider of eClinical software solutions for clinical trial management,First lien senior secured revolving loan,8.74,SOFR (M),5.0,10/2025,10/2031,,1.1,1.0,1.0,(2)(6)(9),23
474,ARCC,2026-06-30,2026-07-29,0001628280-26-050307,Signant Finance One Limited and Bracket Intermediate Holding Corp.,Signant Finance One Limited and Bracket Intermediate Holding Corp. (13),Health Care Equipment and Services,Provider of eClinical software solutions for clinical trial management,First lien senior secured loan,8.7,SOFR (Q),5.0,10/2025,10/2031,,63.5,63.0,62.3,(2)(6)(9),23
475,ARCC,2026-06-30,2026-07-29,0001628280-26-050307,"SiroMed Physician Services, Inc. and SiroMed Equity Holdings, LLC","SiroMed Physician Services, Inc. and SiroMed Equity Holdings, LLC",Health Care Equipment and Services,Outsourced anesthesia provider,Common units,,,,03/2018,,684854.0,,4.8,1.5,(2),23
476,ARCC,2026-06-30,2026-07-29,0001628280-26-050307,"SOC Telemed, Inc. and PSC Spark Holdings, LP","SOC Telemed, Inc. and PSC Spark Holdings, LP",Health Care Equipment and Services,Provider of acute care telemedicine,First lien senior secured loan,,SOFR (Q),7.5,08/2022,08/2027,,110.6,109.5,107.3,(2)(9),23
477,ARCC,2026-06-30,2026-07-29,0001628280-26-050307,"SOC Telemed, Inc. and PSC Spark Holdings, LP","SOC Telemed, Inc. and PSC Spark Holdings, LP",Health Care Equipment and Services,Provider of acute care telemedicine,Class A-2 units,,,,08/2022,,4812.0,,4.9,1.5,(2),23
478,ARCC,2026-06-30,2026-07-29,0001628280-26-050307,"SOC Telemed, Inc. and PSC Spark Holdings, LP","SOC Telemed, Inc. and PSC Spark Holdings, LP",Health Care Equipment and Services,Provider of acute care telemedicine,Warrant to purchase units of common stock,,,,08/2022,08/2029,6118.0,,4.7,0.3,(2),23
479,ARCC,2026-06-30,2026-07-29,0001628280-26-050307,Spruce Bidco II Inc.,Spruce Bidco II Inc. (13),Health Care Equipment and Services,Provider of medical devices relating to dialysis treatments and services for kidney disease,First lien senior secured revolving loan,8.41,SOFR (Q),4.75,01/2025,01/2032,,19.7,19.7,19.7,(2)(9),23
480,ARCC,2026-06-30,2026-07-29,0001628280-26-050307,Spruce Bidco II Inc.,Spruce Bidco II Inc. (13),Health Care Equipment and Services,Provider of medical devices relating to dialysis treatments and services for kidney disease,First lien senior secured loan,7.05,CORRA (S),4.75,01/2025,01/2032,,7.4,7.2,7.4,(2)(9),23
481,ARCC,2026-06-30,2026-07-29,0001628280-26-050307,Spruce Bidco II Inc.,Spruce Bidco II Inc. (13),Health Care Equipment and Services,Provider of medical devices relating to dialysis treatments and services for kidney disease,First lien senior secured loan,5.75,TONA (Q),5.0,01/2025,01/2032,,24.8,25.9,24.8,(2)(9),23
482,ARCC,2026-06-30,2026-07-29,0001628280-26-050307,Spruce Bidco II Inc.,Spruce Bidco II Inc. (13),Health Care Equipment and Services,Provider of medical devices relating to dialysis treatments and services for kidney disease,First lien senior secured loan,8.41,SOFR (Q),4.75,01/2025,01/2032,,25.5,25.5,25.5,(2)(9),23
483,ARCC,2026-06-30,2026-07-29,0001628280-26-050307,"Surescripts, LLC","Surescripts, LLC (13)",Health Care Equipment and Services,"Healthcare network for e-prescription routing, patient eligibility checks, and secure exchange of medical records",First lien senior secured loan,8.73,SOFR (Q),5.0,11/2024,11/2031,,4.9,4.9,4.9,(2)(9),23
484,ARCC,2026-06-30,2026-07-29,0001628280-26-050307,"Surescripts, LLC","Surescripts, LLC (13)",Health Care Equipment and Services,"Healthcare network for e-prescription routing, patient eligibility checks, and secure exchange of medical records",First lien senior secured loan,8.48,SOFR (Q),4.75,11/2025,11/2031,,38.1,38.1,38.1,(2)(9),23
485,ARCC,2026-06-30,2026-07-29,0001628280-26-050307,"Symplr Software Inc. and Symplr Software Intermediate Holdings, Inc.","Symplr Software Inc. and Symplr Software Intermediate Holdings, Inc.",Health Care Equipment and Services,SaaS based healthcare compliance platform provider,First lien senior secured revolving loan,7.41,SOFR (Q),3.75,12/2020,12/2027,,0.8,0.8,0.5,(2),23
486,ARCC,2026-06-30,2026-07-29,0001628280-26-050307,"Symplr Software Inc. and Symplr Software Intermediate Holdings, Inc.","Symplr Software Inc. and Symplr Software Intermediate Holdings, Inc.",Health Care Equipment and Services,SaaS based healthcare compliance platform provider,First lien senior secured revolving loan,9.5,Base Rate (Q),2.75,12/2020,12/2027,,9.2,9.2,6.0,(2),23
487,ARCC,2026-06-30,2026-07-29,0001628280-26-050307,"Symplr Software Inc. and Symplr Software Intermediate Holdings, Inc.","Symplr Software Inc. and Symplr Software Intermediate Holdings, Inc.",Health Care Equipment and Services,SaaS based healthcare compliance platform provider,First lien senior secured loan,9.01,SOFR (Q),5.25,04/2024,12/2027,,17.0,17.0,11.2,(2)(9),23
488,ARCC,2026-06-30,2026-07-29,0001628280-26-050307,"Symplr Software Inc. and Symplr Software Intermediate Holdings, Inc.","Symplr Software Inc. and Symplr Software Intermediate Holdings, Inc.",Health Care Equipment and Services,SaaS based healthcare compliance platform provider,First lien senior secured loan,8.26,SOFR (Q),4.5,02/2022,12/2027,,28.3,27.9,18.5,(2)(9)(16),23
489,ARCC,2026-06-30,2026-07-29,0001628280-26-050307,"Symplr Software Inc. and Symplr Software Intermediate Holdings, Inc.","Symplr Software Inc. and Symplr Software Intermediate Holdings, Inc.",Health Care Equipment and Services,SaaS based healthcare compliance platform provider,Second lien senior secured loan,11.64,SOFR (Q),7.88,12/2020,12/2028,,76.2,76.2,51.1,(2)(9),23
490,ARCC,2026-06-30,2026-07-29,0001628280-26-050307,"Symplr Software Inc. and Symplr Software Intermediate Holdings, Inc.","Symplr Software Inc. and Symplr Software Intermediate Holdings, Inc.",Health Care Equipment and Services,SaaS based healthcare compliance platform provider,Second lien senior secured loan,,SOFR (Q),10.0,04/2024,12/2028,,56.2,56.2,39.4,(2)(9),23
491,ARCC,2026-06-30,2026-07-29,0001628280-26-050307,"Symplr Software Inc. and Symplr Software Intermediate Holdings, Inc.","Symplr Software Inc. and Symplr Software Intermediate Holdings, Inc.",Health Care Equipment and Services,SaaS based healthcare compliance platform provider,Series C-1 preferred shares,,,,06/2021,,75939.0,,138.3,88.5,(2),23
492,ARCC,2026-06-30,2026-07-29,0001628280-26-050307,"Symplr Software Inc. and Symplr Software Intermediate Holdings, Inc.","Symplr Software Inc. and Symplr Software Intermediate Holdings, Inc.",Health Care Equipment and Services,SaaS based healthcare compliance platform provider,Series C-2 preferred shares,,,,06/2021,,40115.0,,69.3,44.3,(2),23
493,ARCC,2026-06-30,2026-07-29,0001628280-26-050307,"Symplr Software Inc. and Symplr Software Intermediate Holdings, Inc.","Symplr Software Inc. and Symplr Software Intermediate Holdings, Inc.",Health Care Equipment and Services,SaaS based healthcare compliance platform provider,Series C-3 preferred shares,,,,10/2021,,16201.0,,27.0,17.3,(2),24
494,ARCC,2026-06-30,2026-07-29,0001628280-26-050307,"Tempus AI, Inc.","Tempus AI, Inc.",Health Care Equipment and Services,Provider of technology enabled precision medicine solutions,Common units,,,,10/2023,,60821.0,,1.9,3.5,(2)(6)(16),24
495,ARCC,2026-06-30,2026-07-29,0001628280-26-050307,Therapy Brands Holdings LLC,Therapy Brands Holdings LLC,Health Care Equipment and Services,Provider of software solutions for the mental and behavioral health market segments,Second lien senior secured loan,10.68,SOFR (Q),6.75,06/2021,05/2029,,29.1,29.0,22.4,(2)(9),24
496,ARCC,2026-06-30,2026-07-29,0001628280-26-050307,"U.S. Anesthesia Partners, Inc. & U.S. Anesthesia Partners Holdings, Inc.","U.S. Anesthesia Partners, Inc. & U.S. Anesthesia Partners Holdings, Inc.",Health Care Equipment and Services,Anesthesiology service provider,Second lien senior secured loan,11.23,SOFR (M),7.5,10/2021,10/2029,,147.8,147.8,147.8,(2)(9),24
497,ARCC,2026-06-30,2026-07-29,0001628280-26-050307,"U.S. Anesthesia Partners, Inc. & U.S. Anesthesia Partners Holdings, Inc.","U.S. Anesthesia Partners, Inc. & U.S. Anesthesia Partners Holdings, Inc.",Health Care Equipment and Services,Anesthesiology service provider,Common stock,,,,12/2021,,3671429.0,,12.9,12.1,(2),24
498,ARCC,2026-06-30,2026-07-29,0001628280-26-050307,"U.S. Urology Partners, LLC, General Atlantic (USU) Blocker Collection Holdco, L.P., and General Atlantic (USU-2) Coinvest, L.P.","U.S. Urology Partners, LLC, General Atlantic (USU) Blocker Collection Holdco, L.P., and General Atlantic (USU-2) Coinvest, L.P. (13)",Health Care Equipment and Services,Integrated urologic care platform,First lien senior secured revolving loan,8.16,SOFR (Q),4.5,04/2025,04/2032,,0.6,0.6,0.6,(2)(9),24
499,ARCC,2026-06-30,2026-07-29,0001628280-26-050307,"U.S. Urology Partners, LLC, General Atlantic (USU) Blocker Collection Holdco, L.P., and General Atlantic (USU-2) Coinvest, L.P.","U.S. Urology Partners, LLC, General Atlantic (USU) Blocker Collection Holdco, L.P., and General Atlantic (USU-2) Coinvest, L.P. (13)",Health Care Equipment and Services,Integrated urologic care platform,First lien senior secured loan,8.23,SOFR (Q),4.5,04/2025,04/2032,,13.3,13.3,13.3,(2)(9),24
500,ARCC,2026-06-30,2026-07-29,0001628280-26-050307,"U.S. Urology Partners, LLC, General Atlantic (USU) Blocker Collection Holdco, L.P., and General Atlantic (USU-2) Coinvest, L.P.","U.S. Urology Partners, LLC, General Atlantic (USU) Blocker Collection Holdco, L.P., and General Atlantic (USU-2) Coinvest, L.P. (13)",Health Care Equipment and Services,Integrated urologic care platform,First lien senior secured loan,8.23,SOFR (Q),4.5,10/2025,04/2032,,3.9,3.9,3.9,(2)(9),24
501,ARCC,2026-06-30,2026-07-29,0001628280-26-050307,"U.S. Urology Partners, LLC, General Atlantic (USU) Blocker Collection Holdco, L.P., and General Atlantic (USU-2) Coinvest, L.P.","U.S. Urology Partners, LLC, General Atlantic (USU) Blocker Collection Holdco, L.P., and General Atlantic (USU-2) Coinvest, L.P. (13)",Health Care Equipment and Services,Integrated urologic care platform,Common units,,,,10/2025,,442686.0,,0.5,0.5,(2),24
502,ARCC,2026-06-30,2026-07-29,0001628280-26-050307,"U.S. Urology Partners, LLC, General Atlantic (USU) Blocker Collection Holdco, L.P., and General Atlantic (USU-2) Coinvest, L.P.","U.S. Urology Partners, LLC, General Atlantic (USU) Blocker Collection Holdco, L.P., and General Atlantic (USU-2) Coinvest, L.P. (13)",Health Care Equipment and Services,Integrated urologic care platform,Limited partnership interest,,,,04/2025,,2190000.0,,2.2,3.8,(2),24
503,ARCC,2026-06-30,2026-07-29,0001628280-26-050307,"United Digestive MSO Parent, LLC and Koln Co-Invest Unblocked, LP","United Digestive MSO Parent, LLC and Koln Co-Invest Unblocked, LP (13)",Health Care Equipment and Services,Gastroenterology physician group,First lien senior secured loan,9.47,SOFR (Q),5.75,03/2023,03/2029,,12.8,12.8,12.8,(2)(9),24
504,ARCC,2026-06-30,2026-07-29,0001628280-26-050307,"United Digestive MSO Parent, LLC and Koln Co-Invest Unblocked, LP","United Digestive MSO Parent, LLC and Koln Co-Invest Unblocked, LP (13)",Health Care Equipment and Services,Gastroenterology physician group,First lien senior secured loan,9.43,SOFR (Q),5.75,10/2024,03/2029,,2.0,2.0,2.0,(2)(9),24
505,ARCC,2026-06-30,2026-07-29,0001628280-26-050307,"United Digestive MSO Parent, LLC and Koln Co-Invest Unblocked, LP","United Digestive MSO Parent, LLC and Koln Co-Invest Unblocked, LP (13)",Health Care Equipment and Services,Gastroenterology physician group,Class A interests,,,,03/2023,,4623.0,,4.6,8.3,,24
506,ARCC,2026-06-30,2026-07-29,0001628280-26-050307,"VPP Intermediate Holdings, LLC and VPP Group Holdings, L.P.","VPP Intermediate Holdings, LLC and VPP Group Holdings, L.P. (13)",Health Care Equipment and Services,Veterinary hospital operator,First lien senior secured loan,9.49,SOFR (M),5.75,12/2021,12/2027,,6.0,6.0,6.0,(2)(9),24
507,ARCC,2026-06-30,2026-07-29,0001628280-26-050307,"VPP Intermediate Holdings, LLC and VPP Group Holdings, L.P.","VPP Intermediate Holdings, LLC and VPP Group Holdings, L.P. (13)",Health Care Equipment and Services,Veterinary hospital operator,First lien senior secured loan,8.89,SOFR (M),5.25,01/2025,12/2027,,8.7,8.7,8.7,(2)(9),24
508,ARCC,2026-06-30,2026-07-29,0001628280-26-050307,"VPP Intermediate Holdings, LLC and VPP Group Holdings, L.P.","VPP Intermediate Holdings, LLC and VPP Group Holdings, L.P. (13)",Health Care Equipment and Services,Veterinary hospital operator,First lien senior secured loan,9.39,SOFR (M),5.75,03/2024,12/2027,,2.6,2.6,2.6,(2)(9),24
509,ARCC,2026-06-30,2026-07-29,0001628280-26-050307,"VPP Intermediate Holdings, LLC and VPP Group Holdings, L.P.","VPP Intermediate Holdings, LLC and VPP Group Holdings, L.P. (13)",Health Care Equipment and Services,Veterinary hospital operator,First lien senior secured loan,9.39,SOFR (M),5.75,08/2023,12/2027,,12.2,12.2,12.2,(2)(9),24
510,ARCC,2026-06-30,2026-07-29,0001628280-26-050307,"VPP Intermediate Holdings, LLC and VPP Group Holdings, L.P.","VPP Intermediate Holdings, LLC and VPP Group Holdings, L.P. (13)",Health Care Equipment and Services,Veterinary hospital operator,First lien senior secured loan,9.49,SOFR (M),5.75,08/2022,12/2027,,8.9,8.9,8.9,(2)(9),24
511,ARCC,2026-06-30,2026-07-29,0001628280-26-050307,"VPP Intermediate Holdings, LLC and VPP Group Holdings, L.P.","VPP Intermediate Holdings, LLC and VPP Group Holdings, L.P. (13)",Health Care Equipment and Services,Veterinary hospital operator,Class A-2 units,,,,03/2023,,45.0,,0.1,0.1,(2),24
512,ARCC,2026-06-30,2026-07-29,0001628280-26-050307,"VPP Intermediate Holdings, LLC and VPP Group Holdings, L.P.","VPP Intermediate Holdings, LLC and VPP Group Holdings, L.P. (13)",Health Care Equipment and Services,Veterinary hospital operator,Class A-2 units,,,,12/2021,,7524.0,,7.5,9.4,(2),24
513,ARCC,2026-06-30,2026-07-29,0001628280-26-050307,WSHP FC Acquisition LLC and WSHP FC Holdings LLC,WSHP FC Acquisition LLC and WSHP FC Holdings LLC (13),Health Care Equipment and Services,Provider of biospecimen products for pharma research,First lien senior secured revolving loan,,,,03/2018,03/2028,,,,,(2)(11),24
514,ARCC,2026-06-30,2026-07-29,0001628280-26-050307,WSHP FC Acquisition LLC and WSHP FC Holdings LLC,WSHP FC Acquisition LLC and WSHP FC Holdings LLC (13),Health Care Equipment and Services,Provider of biospecimen products for pharma research,First lien senior secured loan,,SOFR (Q),8.0,08/2025,04/2030,,77.7,77.7,77.7,(2)(9),24
515,ARCC,2026-06-30,2026-07-29,0001628280-26-050307,WSHP FC Acquisition LLC and WSHP FC Holdings LLC,WSHP FC Acquisition LLC and WSHP FC Holdings LLC (13),Health Care Equipment and Services,Provider of biospecimen products for pharma research,First lien senior secured loan,,,,08/2025,03/2030,,25.0,22.1,21.5,(2),24
516,ARCC,2026-06-30,2026-07-29,0001628280-26-050307,WSHP FC Acquisition LLC and WSHP FC Holdings LLC,WSHP FC Acquisition LLC and WSHP FC Holdings LLC (13),Health Care Equipment and Services,Provider of biospecimen products for pharma research,Class A preferred units,,,,11/2024,,455.0,,0.3,,,24
517,ARCC,2026-06-30,2026-07-29,0001628280-26-050307,WSHP FC Acquisition LLC and WSHP FC Holdings LLC,WSHP FC Acquisition LLC and WSHP FC Holdings LLC (13),Health Care Equipment and Services,Provider of biospecimen products for pharma research,Common units,,,,07/2022,,35299.0,,5.0,0.8,,24
518,ARCC,2026-06-30,2026-07-29,0001628280-26-050307,"ZocDoc, Inc.","ZocDoc, Inc. (13)",Health Care Equipment and Services,Healthcare marketplace connecting patients and providers,First lien senior secured loan,8.89,SOFR (Q),5.25,07/2025,07/2030,,1.6,1.6,1.6,(2)(9),25
519,ARCC,2026-06-30,2026-07-29,0001628280-26-050307,"ZocDoc, Inc.","ZocDoc, Inc. (13)",Health Care Equipment and Services,Healthcare marketplace connecting patients and providers,First lien senior secured loan,8.89,SOFR (Q),5.25,05/2024,07/2030,,64.9,64.9,64.9,(2)(9),25
520,ARCC,2026-06-30,2026-07-29,0001628280-26-050307,Accommodations Plus Technologies LLC,Accommodations Plus Technologies LLC (13),Commercial and Professional Services,Provider of outsourced crew accommodations and logistics management solutions to the airline industry,First lien senior secured loan,8.94,SOFR (Q),5.25,05/2025,05/2032,,87.0,87.0,87.0,(2)(9),25
521,ARCC,2026-06-30,2026-07-29,0001628280-26-050307,Accommodations Plus Technologies LLC,Accommodations Plus Technologies LLC (13),Commercial and Professional Services,Provider of outsourced crew accommodations and logistics management solutions to the airline industry,First lien senior secured loan,8.95,SOFR (Q),5.25,12/2025,05/2032,,29.9,29.9,29.9,(2)(9),25
522,ARCC,2026-06-30,2026-07-29,0001628280-26-050307,Aldinger Company Inc,Aldinger Company Inc (13),Commercial and Professional Services,Provider of outsourced calibration and repair services,First lien senior secured revolving loan,8.49,SOFR (Q),4.75,07/2024,10/2030,,0.9,0.9,0.9,(2)(9),25
523,ARCC,2026-06-30,2026-07-29,0001628280-26-050307,Aldinger Company Inc,Aldinger Company Inc (13),Commercial and Professional Services,Provider of outsourced calibration and repair services,First lien senior secured loan,8.48,SOFR (Q),4.75,08/2025,10/2030,,4.6,4.6,4.6,(2)(9),25
524,ARCC,2026-06-30,2026-07-29,0001628280-26-050307,Aldinger Company Inc,Aldinger Company Inc (13),Commercial and Professional Services,Provider of outsourced calibration and repair services,First lien senior secured loan,8.48,SOFR (Q),4.75,07/2024,10/2030,,6.7,6.7,6.7,(2)(9),25
525,ARCC,2026-06-30,2026-07-29,0001628280-26-050307,"AMCP Clean Acquisition Company, LLC","AMCP Clean Acquisition Company, LLC",Commercial and Professional Services,Provider of commercial laundry services,First lien senior secured loan,7.98,SOFR (Q),4.25,12/2025,06/2030,,14.9,14.9,14.9,(2)(9),25
526,ARCC,2026-06-30,2026-07-29,0001628280-26-050307,"ATI Restoration, LLC","ATI Restoration, LLC (13)",Commercial and Professional Services,Provider of disaster recovery services,First lien senior secured revolving loan,,SOFR (M),6.5,07/2020,01/2029,,12.2,12.2,10.8,(2)(9)(12),25
527,ARCC,2026-06-30,2026-07-29,0001628280-26-050307,"ATI Restoration, LLC","ATI Restoration, LLC (13)",Commercial and Professional Services,Provider of disaster recovery services,First lien senior secured loan,,SOFR (M),6.5,07/2020,01/2029,,29.3,29.3,25.8,(2)(9),25
528,ARCC,2026-06-30,2026-07-29,0001628280-26-050307,"ATI Restoration, LLC","ATI Restoration, LLC (13)",Commercial and Professional Services,Provider of disaster recovery services,First lien senior secured loan,,SOFR (M),6.5,05/2022,01/2029,,0.1,0.1,0.1,(2)(9),25
529,ARCC,2026-06-30,2026-07-29,0001628280-26-050307,"ATI Restoration, LLC","ATI Restoration, LLC (13)",Commercial and Professional Services,Provider of disaster recovery services,First lien senior secured loan,,SOFR (M),6.5,05/2022,07/2026,,43.4,43.4,38.2,(2)(9),25
530,ARCC,2026-06-30,2026-07-29,0001628280-26-050307,"ATI Restoration, LLC","ATI Restoration, LLC (13)",Commercial and Professional Services,Provider of disaster recovery services,First lien senior secured loan,,SOFR (M),6.5,09/2023,07/2026,,10.8,10.8,9.5,(2)(9),25
531,ARCC,2026-06-30,2026-07-29,0001628280-26-050307,"Bluejack Fire Acquisition, Inc. and Bluejack Fire Holdings LLC","Bluejack Fire Acquisition, Inc. and Bluejack Fire Holdings LLC (13)",Commercial and Professional Services,Provider of fire and life safety services including inspection and repair,First lien senior secured revolving loan,8.39,SOFR (M),4.75,01/2025,01/2031,,1.3,1.3,1.3,(2)(9),25
532,ARCC,2026-06-30,2026-07-29,0001628280-26-050307,"Bluejack Fire Acquisition, Inc. and Bluejack Fire Holdings LLC","Bluejack Fire Acquisition, Inc. and Bluejack Fire Holdings LLC (13)",Commercial and Professional Services,Provider of fire and life safety services including inspection and repair,First lien senior secured loan,8.39,SOFR (M),4.75,01/2025,01/2031,,6.9,6.9,6.9,(2)(9),25
533,ARCC,2026-06-30,2026-07-29,0001628280-26-050307,"Bluejack Fire Acquisition, Inc. and Bluejack Fire Holdings LLC","Bluejack Fire Acquisition, Inc. and Bluejack Fire Holdings LLC (13)",Commercial and Professional Services,Provider of fire and life safety services including inspection and repair,Class A-1 units,,,,01/2025,,1368.0,,1.4,1.2,(2),25
534,ARCC,2026-06-30,2026-07-29,0001628280-26-050307,"Bobtail AcquisitionCo, LLC","Bobtail AcquisitionCo, LLC (13)",Commercial and Professional Services,"Provider of non-hazardous liquid waste collection, transportation, processing, recycling, reclamation, and disposal services",First lien senior secured revolving loan,8.46,SOFR (Q),4.75,09/2025,09/2031,,0.2,0.2,0.2,(2)(12),25
535,ARCC,2026-06-30,2026-07-29,0001628280-26-050307,"Bobtail AcquisitionCo, LLC","Bobtail AcquisitionCo, LLC (13)",Commercial and Professional Services,"Provider of non-hazardous liquid waste collection, transportation, processing, recycling, reclamation, and disposal services",First lien senior secured loan,8.41,SOFR (Q),4.75,09/2025,09/2031,,10.1,10.1,10.1,(2),25
536,ARCC,2026-06-30,2026-07-29,0001628280-26-050307,"Capstone Acquisition Holdings, Inc., Capstone Logistics Holdings, Inc. and Capstone Parent Holdings, LP","Capstone Acquisition Holdings, Inc., Capstone Logistics Holdings, Inc. and Capstone Parent Holdings, LP (13)",Commercial and Professional Services,Outsourced supply chain solutions provider to operators of distribution centers,First lien senior secured revolving loan,,,,08/2024,05/2029,,,,,(2)(11),26
537,ARCC,2026-06-30,2026-07-29,0001628280-26-050307,"Capstone Acquisition Holdings, Inc., Capstone Logistics Holdings, Inc. and Capstone Parent Holdings, LP","Capstone Acquisition Holdings, Inc., Capstone Logistics Holdings, Inc. and Capstone Parent Holdings, LP (13)",Commercial and Professional Services,Outsourced supply chain solutions provider to operators of distribution centers,First lien senior secured loan,8.24,SOFR (M),4.5,08/2024,11/2029,,6.5,6.5,6.5,(2)(9),26
538,ARCC,2026-06-30,2026-07-29,0001628280-26-050307,"Capstone Acquisition Holdings, Inc., Capstone Logistics Holdings, Inc. and Capstone Parent Holdings, LP","Capstone Acquisition Holdings, Inc., Capstone Logistics Holdings, Inc. and Capstone Parent Holdings, LP (13)",Commercial and Professional Services,Outsourced supply chain solutions provider to operators of distribution centers,Second lien senior secured loan,12.24,SOFR (M),8.5,08/2024,11/2030,,92.7,92.7,92.7,(2)(9),26
539,ARCC,2026-06-30,2026-07-29,0001628280-26-050307,"Capstone Acquisition Holdings, Inc., Capstone Logistics Holdings, Inc. and Capstone Parent Holdings, LP","Capstone Acquisition Holdings, Inc., Capstone Logistics Holdings, Inc. and Capstone Parent Holdings, LP (13)",Commercial and Professional Services,Outsourced supply chain solutions provider to operators of distribution centers,Class A units,,,,11/2020,,10581.0,,7.3,26.3,(2),26
540,ARCC,2026-06-30,2026-07-29,0001628280-26-050307,"Cards-Live Oak Holdings, Inc.","Cards-Live Oak Holdings, Inc. (13)",Commercial and Professional Services,"Provider of solid waste collection services for residential, commercial, and industrial customers",First lien senior secured revolving loan,8.48,SOFR (Q),4.75,10/2025,10/2032,,3.2,3.2,3.2,(2)(9),26
541,ARCC,2026-06-30,2026-07-29,0001628280-26-050307,"Cards-Live Oak Holdings, Inc.","Cards-Live Oak Holdings, Inc. (13)",Commercial and Professional Services,"Provider of solid waste collection services for residential, commercial, and industrial customers",First lien senior secured revolving loan,10.5,Base Rate (Q),3.75,10/2025,10/2032,,0.9,0.9,0.9,(2)(9),26
542,ARCC,2026-06-30,2026-07-29,0001628280-26-050307,"Cards-Live Oak Holdings, Inc.","Cards-Live Oak Holdings, Inc. (13)",Commercial and Professional Services,"Provider of solid waste collection services for residential, commercial, and industrial customers",First lien senior secured loan,8.48,SOFR (Q),4.75,10/2025,10/2032,,66.4,66.4,66.4,(2)(9),26
543,ARCC,2026-06-30,2026-07-29,0001628280-26-050307,"Cards-Live Oak Holdings, Inc.","Cards-Live Oak Holdings, Inc. (13)",Commercial and Professional Services,"Provider of solid waste collection services for residential, commercial, and industrial customers",First lien senior secured loan,10.5,Base Rate (Q),3.75,10/2025,10/2032,,1.2,1.2,1.2,(2)(9),26
544,ARCC,2026-06-30,2026-07-29,0001628280-26-050307,"Covert HoldCo, LP","Covert HoldCo, LP",Commercial and Professional Services,Environmentally sustainable North American waste-management platform,Senior subordinated loan,9.48,SOFR (Q),5.75,03/2026,03/2031,,168.6,168.6,165.2,(2)(9),26
545,ARCC,2026-06-30,2026-07-29,0001628280-26-050307,"Denali Intermediate Holdings, Inc. and Denali Parent Holdings, L.P.","Denali Intermediate Holdings, Inc. and Denali Parent Holdings, L.P. (13)",Commercial and Professional Services,Provider of business decisioning data and analytics,First lien senior secured revolving loan,9.12,SOFR (M),5.5,08/2025,08/2032,,6.5,6.5,6.2,(2)(9)(12),26
546,ARCC,2026-06-30,2026-07-29,0001628280-26-050307,"Denali Intermediate Holdings, Inc. and Denali Parent Holdings, L.P.","Denali Intermediate Holdings, Inc. and Denali Parent Holdings, L.P. (13)",Commercial and Professional Services,Provider of business decisioning data and analytics,First lien senior secured loan,9.15,SOFR (M),5.5,08/2025,08/2032,,377.6,377.6,359.6,(2)(9),26
547,ARCC,2026-06-30,2026-07-29,0001628280-26-050307,"Denali Intermediate Holdings, Inc. and Denali Parent Holdings, L.P.","Denali Intermediate Holdings, Inc. and Denali Parent Holdings, L.P. (13)",Commercial and Professional Services,Provider of business decisioning data and analytics,Series A units,,,,08/2025,,540800.0,,5.8,6.2,(2),26
548,ARCC,2026-06-30,2026-07-29,0001628280-26-050307,"Divisions Holding Corporation, Divisions, Inc. and RC V Tecmo Investor LLC","Divisions Holding Corporation, Divisions, Inc. and RC V Tecmo Investor LLC (13)",Commercial and Professional Services,Technology based aggregator for facility maintenance services,First lien senior secured revolving loan,8.15,SOFR (M),4.5,04/2025,04/2032,,1.9,1.9,1.9,(2)(9)(12),26
549,ARCC,2026-06-30,2026-07-29,0001628280-26-050307,"Divisions Holding Corporation, Divisions, Inc. and RC V Tecmo Investor LLC","Divisions Holding Corporation, Divisions, Inc. and RC V Tecmo Investor LLC (13)",Commercial and Professional Services,Technology based aggregator for facility maintenance services,First lien senior secured loan,8.23,SOFR (Q),4.5,04/2025,04/2032,,0.1,0.1,0.1,(2)(9),26
550,ARCC,2026-06-30,2026-07-29,0001628280-26-050307,"Divisions Holding Corporation, Divisions, Inc. and RC V Tecmo Investor LLC","Divisions Holding Corporation, Divisions, Inc. and RC V Tecmo Investor LLC (13)",Commercial and Professional Services,Technology based aggregator for facility maintenance services,Common member units,,,,08/2020,,9624000.0,,6.7,16.5,(2),26
551,ARCC,2026-06-30,2026-07-29,0001628280-26-050307,"Dorado Bidco, Inc.","Dorado Bidco, Inc. (13)",Commercial and Professional Services,Provider of consumer and market insights for the food and beverage industry,First lien senior secured loan,7.92,SOFR (Q),4.25,09/2024,09/2031,,7.7,7.7,7.7,(2)(9),26
552,ARCC,2026-06-30,2026-07-29,0001628280-26-050307,"DP Flores Holdings, LLC","DP Flores Holdings, LLC (13)",Commercial and Professional Services,Benefits administrator of tax-advantaged reimbursement plans,First lien senior secured loan,,SOFR (M),6.5,09/2024,09/2030,,28.1,28.1,27.8,(2)(9),26
553,ARCC,2026-06-30,2026-07-29,0001628280-26-050307,Drogon Bidco Inc. & Drogon Aggregator LP,Drogon Bidco Inc. & Drogon Aggregator LP (13),Commercial and Professional Services,Provider of fire safety and life safety services,First lien senior secured revolving loan,8.64,SOFR (M),5.0,08/2024,08/2030,,0.1,0.1,0.1,(2)(9)(12),26
554,ARCC,2026-06-30,2026-07-29,0001628280-26-050307,Drogon Bidco Inc. & Drogon Aggregator LP,Drogon Bidco Inc. & Drogon Aggregator LP (13),Commercial and Professional Services,Provider of fire safety and life safety services,First lien senior secured loan,8.64,SOFR (M),5.0,08/2024,08/2031,,11.0,11.0,11.0,(2)(9),26
555,ARCC,2026-06-30,2026-07-29,0001628280-26-050307,Drogon Bidco Inc. & Drogon Aggregator LP,Drogon Bidco Inc. & Drogon Aggregator LP (13),Commercial and Professional Services,Provider of fire safety and life safety services,Class A-2 common units,,,,08/2024,,1850000.0,,1.9,2.4,(2),26
556,ARCC,2026-06-30,2026-07-29,0001628280-26-050307,"DTI Holdco, Inc. and OPE DTI Holdings, Inc.","DTI Holdco, Inc. and OPE DTI Holdings, Inc.",Commercial and Professional Services,Provider of legal process outsourcing and managed services,Class A common stock,,,,08/2014,,7500.0,,7.5,9.7,(2),26
557,ARCC,2026-06-30,2026-07-29,0001628280-26-050307,"DTI Holdco, Inc. and OPE DTI Holdings, Inc.","DTI Holdco, Inc. and OPE DTI Holdings, Inc.",Commercial and Professional Services,Provider of legal process outsourcing and managed services,Class B common stock,,,,08/2014,,7500.0,,,,(2),26
558,ARCC,2026-06-30,2026-07-29,0001628280-26-050307,Duraserv LLC,Duraserv LLC (13),Commercial and Professional Services,Provider of commercial loading dock maintenance and remodeling services,First lien senior secured revolving loan,8.65,SOFR (M),5.0,06/2024,06/2030,,0.5,0.5,0.5,(2)(9),27
559,ARCC,2026-06-30,2026-07-29,0001628280-26-050307,Duraserv LLC,Duraserv LLC (13),Commercial and Professional Services,Provider of commercial loading dock maintenance and remodeling services,First lien senior secured loan,8.65,SOFR (M),5.0,06/2024,06/2031,,10.2,10.2,10.1,(2)(9),27
560,ARCC,2026-06-30,2026-07-29,0001628280-26-050307,Duraserv LLC,Duraserv LLC (13),Commercial and Professional Services,Provider of commercial loading dock maintenance and remodeling services,First lien senior secured loan,8.65,SOFR (M),5.0,03/2025,06/2031,,4.8,4.8,4.8,(2)(9),27
561,ARCC,2026-06-30,2026-07-29,0001628280-26-050307,"Elevation Services Parent Holdings, LLC","Elevation Services Parent Holdings, LLC (13)",Commercial and Professional Services,Elevator service platform,First lien senior secured revolving loan,10.31,SOFR (Q),6.5,12/2020,12/2028,,2.5,2.5,2.5,(2)(9)(12),27
562,ARCC,2026-06-30,2026-07-29,0001628280-26-050307,"Elevation Services Parent Holdings, LLC","Elevation Services Parent Holdings, LLC (13)",Commercial and Professional Services,Elevator service platform,First lien senior secured loan,10.31,SOFR (Q),6.5,05/2022,12/2028,,13.7,13.7,13.7,(2)(9),27
563,ARCC,2026-06-30,2026-07-29,0001628280-26-050307,"Elevation Services Parent Holdings, LLC","Elevation Services Parent Holdings, LLC (13)",Commercial and Professional Services,Elevator service platform,First lien senior secured loan,10.31,SOFR (Q),6.5,12/2020,12/2028,,1.6,1.6,1.6,(2)(9),27
564,ARCC,2026-06-30,2026-07-29,0001628280-26-050307,"Elevation Services Parent Holdings, LLC","Elevation Services Parent Holdings, LLC (13)",Commercial and Professional Services,Elevator service platform,First lien senior secured loan,10.33,SOFR (Q),6.5,12/2020,12/2028,,8.3,8.3,8.3,(2)(9),27
565,ARCC,2026-06-30,2026-07-29,0001628280-26-050307,"Elliott Davis Advisory, LLC and Elliott Davis Advisory HoldCo, LLC","Elliott Davis Advisory, LLC and Elliott Davis Advisory HoldCo, LLC (13)",Commercial and Professional Services,"Provider of tax, comprehensive assurance and consulting services",First lien senior secured loan,8.33,SOFR (S),4.75,07/2025,07/2031,,7.3,7.3,7.3,(2)(9),27
566,ARCC,2026-06-30,2026-07-29,0001628280-26-050307,"Elliott Davis Advisory, LLC and Elliott Davis Advisory HoldCo, LLC","Elliott Davis Advisory, LLC and Elliott Davis Advisory HoldCo, LLC (13)",Commercial and Professional Services,"Provider of tax, comprehensive assurance and consulting services",Common stock,,,,07/2025,,4273000.0,,4.3,5.6,,27
567,ARCC,2026-06-30,2026-07-29,0001628280-26-050307,"EMB Purchaser, Inc.","EMB Purchaser, Inc. (13)",Commercial and Professional Services,Provider of fire and life safety solutions,First lien senior secured revolving loan,8.16,SOFR (Q),4.5,03/2025,03/2032,,0.8,0.8,0.7,(2)(9),27
568,ARCC,2026-06-30,2026-07-29,0001628280-26-050307,"EMB Purchaser, Inc.","EMB Purchaser, Inc. (13)",Commercial and Professional Services,Provider of fire and life safety solutions,First lien senior secured loan,8.23,SOFR (Q),4.5,03/2025,03/2032,,10.6,10.6,10.4,(2)(9),27
569,ARCC,2026-06-30,2026-07-29,0001628280-26-050307,"Firebird Acquisition Corp, Inc.","Firebird Acquisition Corp, Inc. (13)",Commercial and Professional Services,Provider of fire safety and life safety services,First lien senior secured revolving loan,,,,01/2025,02/2032,,,,,(2)(11),27
570,ARCC,2026-06-30,2026-07-29,0001628280-26-050307,"Firebird Acquisition Corp, Inc.","Firebird Acquisition Corp, Inc. (13)",Commercial and Professional Services,Provider of fire safety and life safety services,First lien senior secured loan,,SOFR (Q),5.0,01/2025,02/2032,,4.2,4.2,4.2,(2)(9),27
571,ARCC,2026-06-30,2026-07-29,0001628280-26-050307,"FlyWheel Acquireco, Inc.","FlyWheel Acquireco, Inc. (13)",Commercial and Professional Services,"Professional employer organization offering human resources, compliance and risk management services",First lien senior secured revolving loan,9.88,SOFR (M),6.25,05/2023,05/2028,,7.4,7.4,7.4,(2)(9),27
572,ARCC,2026-06-30,2026-07-29,0001628280-26-050307,"FlyWheel Acquireco, Inc.","FlyWheel Acquireco, Inc. (13)",Commercial and Professional Services,"Professional employer organization offering human resources, compliance and risk management services",First lien senior secured loan,9.89,SOFR (M),6.25,05/2023,05/2030,,51.2,51.2,51.2,(2)(9),27
573,ARCC,2026-06-30,2026-07-29,0001628280-26-050307,"Frontline Road Safety Operations, LLC","Frontline Road Safety Operations, LLC (13)",Commercial and Professional Services,Provider of pavement marking services to roadways,First lien senior secured revolving loan,,,,03/2025,03/2032,,,,,(2)(11),27
574,ARCC,2026-06-30,2026-07-29,0001628280-26-050307,"Frontline Road Safety Operations, LLC","Frontline Road Safety Operations, LLC (13)",Commercial and Professional Services,Provider of pavement marking services to roadways,First lien senior secured loan,,SOFR (M),5.0,03/2025,03/2032,,2.6,2.6,2.6,(2),27
575,ARCC,2026-06-30,2026-07-29,0001628280-26-050307,"Frontline Road Safety Operations, LLC","Frontline Road Safety Operations, LLC (13)",Commercial and Professional Services,Provider of pavement marking services to roadways,First lien senior secured loan,,SOFR (M),5.0,10/2025,03/2032,,7.8,7.8,7.6,(2),27
576,ARCC,2026-06-30,2026-07-29,0001628280-26-050307,"Frontline Road Safety Operations, LLC","Frontline Road Safety Operations, LLC (13)",Commercial and Professional Services,Provider of pavement marking services to roadways,First lien senior secured loan,8.64,SOFR (M),5.0,06/2026,03/2032,,13.8,13.8,13.7,(2),27
577,ARCC,2026-06-30,2026-07-29,0001628280-26-050307,"G702 Buyer, Inc.","G702 Buyer, Inc. (13)",Commercial and Professional Services,"Provider of standardized contracts and forms platform for the architecture, engineering, and construction industry",First lien senior secured loan,8.48,SOFR (Q),4.75,07/2025,07/2031,,10.4,10.4,10.4,(2)(9),27
578,ARCC,2026-06-30,2026-07-29,0001628280-26-050307,"HH-Stella, Inc. and Bedrock Parent Holdings, LP","HH-Stella, Inc. and Bedrock Parent Holdings, LP (13)",Commercial and Professional Services,Provider of municipal solid waste transfer management services,First lien senior secured revolving loan,,,,04/2021,04/2027,,,,,(2)(11),28
579,ARCC,2026-06-30,2026-07-29,0001628280-26-050307,"HH-Stella, Inc. and Bedrock Parent Holdings, LP","HH-Stella, Inc. and Bedrock Parent Holdings, LP (13)",Commercial and Professional Services,Provider of municipal solid waste transfer management services,First lien senior secured loan,9.88,SOFR (Q),6.0,04/2024,04/2028,,18.6,18.6,18.4,(2)(9),28
580,ARCC,2026-06-30,2026-07-29,0001628280-26-050307,"HH-Stella, Inc. and Bedrock Parent Holdings, LP","HH-Stella, Inc. and Bedrock Parent Holdings, LP (13)",Commercial and Professional Services,Provider of municipal solid waste transfer management services,First lien senior secured loan,9.88,SOFR (Q),6.0,04/2021,04/2028,,8.7,8.7,8.6,(2)(9),28
581,ARCC,2026-06-30,2026-07-29,0001628280-26-050307,"HH-Stella, Inc. and Bedrock Parent Holdings, LP","HH-Stella, Inc. and Bedrock Parent Holdings, LP (13)",Commercial and Professional Services,Provider of municipal solid waste transfer management services,First lien senior secured loan,9.88,SOFR (Q),6.0,10/2025,04/2028,,18.1,18.1,17.9,(2)(9),28
582,ARCC,2026-06-30,2026-07-29,0001628280-26-050307,"HH-Stella, Inc. and Bedrock Parent Holdings, LP","HH-Stella, Inc. and Bedrock Parent Holdings, LP (13)",Commercial and Professional Services,Provider of municipal solid waste transfer management services,First lien senior secured loan,9.88,SOFR (Q),6.0,09/2023,04/2028,,21.4,21.4,21.2,(2)(9),28
583,ARCC,2026-06-30,2026-07-29,0001628280-26-050307,"HH-Stella, Inc. and Bedrock Parent Holdings, LP","HH-Stella, Inc. and Bedrock Parent Holdings, LP (13)",Commercial and Professional Services,Provider of municipal solid waste transfer management services,Class A units,,,,04/2021,,32982.0,,3.3,2.5,(2),28
584,ARCC,2026-06-30,2026-07-29,0001628280-26-050307,"HP RSS Buyer, Inc.","HP RSS Buyer, Inc.",Commercial and Professional Services,"Provider of road striping, and road safety related services",First lien senior secured loan,8.47,SOFR (Q),4.75,12/2023,12/2029,,16.7,16.7,16.7,(2)(9),28
585,ARCC,2026-06-30,2026-07-29,0001628280-26-050307,"IRI Group Holdings, Inc. and Circana, LLC","IRI Group Holdings, Inc. and Circana, LLC (13)",Commercial and Professional Services,Market research company focused on the consumer packaged goods industry,First lien senior secured revolving loan,,,,08/2022,12/2028,,,,,(2)(11),28
586,ARCC,2026-06-30,2026-07-29,0001628280-26-050307,"IRI Group Holdings, Inc. and Circana, LLC","IRI Group Holdings, Inc. and Circana, LLC (13)",Commercial and Professional Services,Market research company focused on the consumer packaged goods industry,First lien senior secured loan,7.89,SOFR (M),4.25,08/2022,12/2029,,139.9,139.8,139.9,(2)(9),28
587,ARCC,2026-06-30,2026-07-29,0001628280-26-050307,"ISQ Hawkeye Holdco, Inc. and ISQ Hawkeye Holdings, L.P.","ISQ Hawkeye Holdco, Inc. and ISQ Hawkeye Holdings, L.P. (13)",Commercial and Professional Services,Provider of commercial and industrial waste processing and disposal services,First lien senior secured revolving loan,7.69,SOFR (M),4.0,01/2026,08/2030,,7.1,7.1,7.1,(2)(9),28
588,ARCC,2026-06-30,2026-07-29,0001628280-26-050307,"ISQ Hawkeye Holdco, Inc. and ISQ Hawkeye Holdings, L.P.","ISQ Hawkeye Holdco, Inc. and ISQ Hawkeye Holdings, L.P. (13)",Commercial and Professional Services,Provider of commercial and industrial waste processing and disposal services,First lien senior secured loan,7.69,SOFR (M),4.0,01/2026,08/2031,,63.3,63.3,63.3,(2)(9),28
589,ARCC,2026-06-30,2026-07-29,0001628280-26-050307,"ISQ Hawkeye Holdco, Inc. and ISQ Hawkeye Holdings, L.P.","ISQ Hawkeye Holdco, Inc. and ISQ Hawkeye Holdings, L.P. (13)",Commercial and Professional Services,Provider of commercial and industrial waste processing and disposal services,Class A units,,,,09/2022,,13587.0,,14.5,27.8,(2),28
590,ARCC,2026-06-30,2026-07-29,0001628280-26-050307,"Jones Fish Hatcheries & Distributors, LLC and Pond Management Group Holdings, LLC","Jones Fish Hatcheries & Distributors, LLC and Pond Management Group Holdings, LLC (13)",Commercial and Professional Services,Provider of lake and pond management services,First lien senior secured loan,7.89,SOFR (M),4.25,11/2025,11/2032,,17.1,17.1,17.1,(2)(9),28
591,ARCC,2026-06-30,2026-07-29,0001628280-26-050307,"Jones Fish Hatcheries & Distributors, LLC and Pond Management Group Holdings, LLC","Jones Fish Hatcheries & Distributors, LLC and Pond Management Group Holdings, LLC (13)",Commercial and Professional Services,Provider of lake and pond management services,Class A units,,,,11/2025,,26260.0,,2.6,2.5,,28
592,ARCC,2026-06-30,2026-07-29,0001628280-26-050307,"Kellermeyer Bergensons Services, LLC and KBS TopCo, LLC","Kellermeyer Bergensons Services, LLC and KBS TopCo, LLC",Commercial and Professional Services,Provider of janitorial and facilities management services,First lien senior secured loan,,SOFR (Q),5.25,11/2019,11/2028,,47.8,47.7,47.7,(2)(9),28
593,ARCC,2026-06-30,2026-07-29,0001628280-26-050307,"Kellermeyer Bergensons Services, LLC and KBS TopCo, LLC","Kellermeyer Bergensons Services, LLC and KBS TopCo, LLC",Commercial and Professional Services,Provider of janitorial and facilities management services,First lien senior secured loan,,,,12/2023,11/2028,,16.6,13.9,0.8,(2)(8),28
594,ARCC,2026-06-30,2026-07-29,0001628280-26-050307,"Kellermeyer Bergensons Services, LLC and KBS TopCo, LLC","Kellermeyer Bergensons Services, LLC and KBS TopCo, LLC",Commercial and Professional Services,Provider of janitorial and facilities management services,Preferred units,,,,03/2024,,4042767.0,,7.7,,(2),28
595,ARCC,2026-06-30,2026-07-29,0001628280-26-050307,"Kellermeyer Bergensons Services, LLC and KBS TopCo, LLC","Kellermeyer Bergensons Services, LLC and KBS TopCo, LLC",Commercial and Professional Services,Provider of janitorial and facilities management services,Class A common units,,,,03/2024,,4042767.0,,,,(2),28
596,ARCC,2026-06-30,2026-07-29,0001628280-26-050307,"Kings Buyer, LLC","Kings Buyer, LLC (13)",Commercial and Professional Services,Provider of comprehensive outsourced waste management consolidation services,First lien senior secured revolving loan,11.0,Base Rate (Q),4.25,09/2023,10/2027,,3.0,3.0,2.8,(2)(9),28
597,ARCC,2026-06-30,2026-07-29,0001628280-26-050307,"Kings Buyer, LLC","Kings Buyer, LLC (13)",Commercial and Professional Services,Provider of comprehensive outsourced waste management consolidation services,First lien senior secured loan,9.05,SOFR (Q),5.25,09/2023,10/2027,,16.0,16.0,14.9,(2)(9),28
598,ARCC,2026-06-30,2026-07-29,0001628280-26-050307,KPS Global LLC and Cool Group LLC,KPS Global LLC and Cool Group LLC (13),Commercial and Professional Services,Manufacturer of walk-in cooler and freezer systems,First lien senior secured loan,8.48,SOFR (Q),4.75,09/2024,09/2030,,5.2,5.2,5.2,(2)(9),28
599,ARCC,2026-06-30,2026-07-29,0001628280-26-050307,Laboratories Bidco LLC and Laboratories Topco LLC,Laboratories Bidco LLC and Laboratories Topco LLC (13),Commercial and Professional Services,Lab testing services for nicotine containing products,First lien senior secured revolving loan,7.5,Base Rate (Q),0.75,07/2021,07/2029,,4.7,4.5,3.6,(2)(9),28
600,ARCC,2026-06-30,2026-07-29,0001628280-26-050307,Laboratories Bidco LLC and Laboratories Topco LLC,Laboratories Bidco LLC and Laboratories Topco LLC (13),Commercial and Professional Services,Lab testing services for nicotine containing products,First lien senior secured revolving loan,5.63,SOFR (Q),1.75,07/2021,07/2029,,15.7,15.1,12.1,(2)(9),28
601,ARCC,2026-06-30,2026-07-29,0001628280-26-050307,Laboratories Bidco LLC and Laboratories Topco LLC,Laboratories Bidco LLC and Laboratories Topco LLC (13),Commercial and Professional Services,Lab testing services for nicotine containing products,First lien senior secured loan,5.63,SOFR (Q),1.75,07/2021,07/2029,,4.7,4.4,3.6,(2)(9),29
602,ARCC,2026-06-30,2026-07-29,0001628280-26-050307,Laboratories Bidco LLC and Laboratories Topco LLC,Laboratories Bidco LLC and Laboratories Topco LLC (13),Commercial and Professional Services,Lab testing services for nicotine containing products,First lien senior secured loan,4.19,CORRA (Q),1.75,10/2019,07/2029,,24.0,23.9,18.4,(2)(9),29
603,ARCC,2026-06-30,2026-07-29,0001628280-26-050307,Laboratories Bidco LLC and Laboratories Topco LLC,Laboratories Bidco LLC and Laboratories Topco LLC (13),Commercial and Professional Services,Lab testing services for nicotine containing products,First lien senior secured loan,5.63,SOFR (Q),1.75,10/2020,07/2029,,0.1,0.1,0.1,(2)(9),29
604,ARCC,2026-06-30,2026-07-29,0001628280-26-050307,Laboratories Bidco LLC and Laboratories Topco LLC,Laboratories Bidco LLC and Laboratories Topco LLC (13),Commercial and Professional Services,Lab testing services for nicotine containing products,First lien senior secured loan,9.48,SOFR (Q),5.75,06/2026,07/2029,,0.4,0.4,0.3,(2)(9),29
605,ARCC,2026-06-30,2026-07-29,0001628280-26-050307,Laboratories Bidco LLC and Laboratories Topco LLC,Laboratories Bidco LLC and Laboratories Topco LLC (13),Commercial and Professional Services,Lab testing services for nicotine containing products,First lien senior secured loan,5.63,SOFR (Q),1.75,10/2019,07/2029,,17.8,16.8,13.7,(2)(9),29
606,ARCC,2026-06-30,2026-07-29,0001628280-26-050307,Laboratories Bidco LLC and Laboratories Topco LLC,Laboratories Bidco LLC and Laboratories Topco LLC (13),Commercial and Professional Services,Lab testing services for nicotine containing products,Class A units,,,,07/2021,,3099335.0,,4.6,,(2),29
607,ARCC,2026-06-30,2026-07-29,0001628280-26-050307,LBC Woodlands Purchaser LLC and LBC Woodlands Holdings LP,LBC Woodlands Purchaser LLC and LBC Woodlands Holdings LP (13),Commercial and Professional Services,Provider of human resources and workforce management solutions,First lien senior secured revolving loan,8.66,SOFR (Q),5.0,07/2024,07/2030,,0.2,0.2,0.2,(2)(9),29
608,ARCC,2026-06-30,2026-07-29,0001628280-26-050307,LBC Woodlands Purchaser LLC and LBC Woodlands Holdings LP,LBC Woodlands Purchaser LLC and LBC Woodlands Holdings LP (13),Commercial and Professional Services,Provider of human resources and workforce management solutions,First lien senior secured loan,8.66,SOFR (Q),5.0,07/2024,07/2031,,18.9,18.9,18.3,(2)(9),29
609,ARCC,2026-06-30,2026-07-29,0001628280-26-050307,LBC Woodlands Purchaser LLC and LBC Woodlands Holdings LP,LBC Woodlands Purchaser LLC and LBC Woodlands Holdings LP (13),Commercial and Professional Services,Provider of human resources and workforce management solutions,Class A common units,,,,07/2024,,1205000.0,,1.2,0.8,(2),29
610,ARCC,2026-06-30,2026-07-29,0001628280-26-050307,"Lightbeam Bidco, Inc.","Lightbeam Bidco, Inc. (13)",Commercial and Professional Services,Provider of yard management services,First lien senior secured revolving loan,,,,05/2023,05/2029,,,,,(2)(11),29
611,ARCC,2026-06-30,2026-07-29,0001628280-26-050307,"Lightbeam Bidco, Inc.","Lightbeam Bidco, Inc. (13)",Commercial and Professional Services,Provider of yard management services,First lien senior secured loan,8.46,SOFR (Q),4.8,12/2025,05/2030,,3.3,3.3,3.3,(2)(9),29
612,ARCC,2026-06-30,2026-07-29,0001628280-26-050307,"Lightbeam Bidco, Inc.","Lightbeam Bidco, Inc. (13)",Commercial and Professional Services,Provider of yard management services,First lien senior secured loan,8.46,SOFR (Q),4.8,05/2023,05/2030,,5.2,5.2,5.2,(2)(9),29
613,ARCC,2026-06-30,2026-07-29,0001628280-26-050307,"Lightbeam Bidco, Inc.","Lightbeam Bidco, Inc. (13)",Commercial and Professional Services,Provider of yard management services,First lien senior secured loan,8.46,SOFR (Q),4.8,11/2023,05/2030,,3.3,3.3,3.3,(2)(9),29
614,ARCC,2026-06-30,2026-07-29,0001628280-26-050307,"LJP Purchaser, Inc. and LJP Topco, LP","LJP Purchaser, Inc. and LJP Topco, LP (13)",Commercial and Professional Services,Provider of non-hazardous solid waste and recycling services,First lien senior secured loan,9.23,SOFR (Q),5.5,09/2022,09/2030,,3.4,3.4,3.4,(2)(9),29
615,ARCC,2026-06-30,2026-07-29,0001628280-26-050307,"LJP Purchaser, Inc. and LJP Topco, LP","LJP Purchaser, Inc. and LJP Topco, LP (13)",Commercial and Professional Services,Provider of non-hazardous solid waste and recycling services,First lien senior secured loan,9.23,SOFR (Q),5.5,03/2026,09/2030,,17.5,17.5,17.5,(2)(9),29
616,ARCC,2026-06-30,2026-07-29,0001628280-26-050307,"LJP Purchaser, Inc. and LJP Topco, LP","LJP Purchaser, Inc. and LJP Topco, LP (13)",Commercial and Professional Services,Provider of non-hazardous solid waste and recycling services,First lien senior secured loan,9.23,SOFR (Q),5.5,09/2022,09/2030,,8.2,8.2,8.2,(2)(9),29
617,ARCC,2026-06-30,2026-07-29,0001628280-26-050307,"LJP Purchaser, Inc. and LJP Topco, LP","LJP Purchaser, Inc. and LJP Topco, LP (13)",Commercial and Professional Services,Provider of non-hazardous solid waste and recycling services,Class A units,,,,09/2022,,5884191.0,,8.0,7.6,(2),29
618,ARCC,2026-06-30,2026-07-29,0001628280-26-050307,"Microstar Logistics LLC, Microstar Global Asset Management LLC, MStar Holding Corporation and Kegstar USA Inc.","Microstar Logistics LLC, Microstar Global Asset Management LLC, MStar Holding Corporation and Kegstar USA Inc.",Commercial and Professional Services,Keg management solutions provider,First lien senior secured loan,11.23,SOFR (Q),7.5,12/2024,12/2030,,134.1,134.1,134.1,(2)(9),29
619,ARCC,2026-06-30,2026-07-29,0001628280-26-050307,"MSIS Holdings, Inc. and MS Precision Parent, LP","MSIS Holdings, Inc. and MS Precision Parent, LP (13)",Commercial and Professional Services,Provider of heavy industrial machinery maintenance and repair services,First lien senior secured revolving loan,10.5,Base Rate (Q),3.75,03/2025,03/2031,,1.0,1.0,1.0,(2)(9)(12),29
620,ARCC,2026-06-30,2026-07-29,0001628280-26-050307,"MSIS Holdings, Inc. and MS Precision Parent, LP","MSIS Holdings, Inc. and MS Precision Parent, LP (13)",Commercial and Professional Services,Provider of heavy industrial machinery maintenance and repair services,First lien senior secured loan,8.48,SOFR (Q),4.75,03/2025,03/2031,,23.4,23.4,23.4,(2)(9),29
621,ARCC,2026-06-30,2026-07-29,0001628280-26-050307,"MSIS Holdings, Inc. and MS Precision Parent, LP","MSIS Holdings, Inc. and MS Precision Parent, LP (13)",Commercial and Professional Services,Provider of heavy industrial machinery maintenance and repair services,Class A-1 units,,,,03/2025,,1184000.0,,1.2,1.5,(2),29
622,ARCC,2026-06-30,2026-07-29,0001628280-26-050307,"NAS, LLC and Nationwide Marketing Group, LLC","NAS, LLC and Nationwide Marketing Group, LLC",Commercial and Professional Services,"Buying and marketing services organization for appliance, furniture and consumer electronics dealers",First lien senior secured revolving loan,,,,11/2020,05/2026,,3.0,3.0,2.5,(2)(8),29
623,ARCC,2026-06-30,2026-07-29,0001628280-26-050307,"NAS, LLC and Nationwide Marketing Group, LLC","NAS, LLC and Nationwide Marketing Group, LLC",Commercial and Professional Services,"Buying and marketing services organization for appliance, furniture and consumer electronics dealers",First lien senior secured loan,,,,05/2022,05/2026,,1.3,1.3,1.1,(2)(8),29
624,ARCC,2026-06-30,2026-07-29,0001628280-26-050307,"NAS, LLC and Nationwide Marketing Group, LLC","NAS, LLC and Nationwide Marketing Group, LLC",Commercial and Professional Services,"Buying and marketing services organization for appliance, furniture and consumer electronics dealers",First lien senior secured loan,,,,12/2021,05/2026,,2.2,2.2,1.9,(2)(8),29
625,ARCC,2026-06-30,2026-07-29,0001628280-26-050307,"NAS, LLC and Nationwide Marketing Group, LLC","NAS, LLC and Nationwide Marketing Group, LLC",Commercial and Professional Services,"Buying and marketing services organization for appliance, furniture and consumer electronics dealers",First lien senior secured loan,,,,11/2020,05/2026,,6.0,6.0,5.1,(2)(8),29
626,ARCC,2026-06-30,2026-07-29,0001628280-26-050307,Neptune Bidco US Inc. and Elliott Metron Co-Investor Aggregator L.P.,Neptune Bidco US Inc. and Elliott Metron Co-Investor Aggregator L.P. (13),Commercial and Professional Services,"Provider of audience insights, data and analytics to entertainment industry",First lien senior secured revolving loan,,,,10/2022,10/2027,,,,,(2)(11),30
627,ARCC,2026-06-30,2026-07-29,0001628280-26-050307,Neptune Bidco US Inc. and Elliott Metron Co-Investor Aggregator L.P.,Neptune Bidco US Inc. and Elliott Metron Co-Investor Aggregator L.P. (13),Commercial and Professional Services,"Provider of audience insights, data and analytics to entertainment industry",First lien senior secured notes,9.29,,,11/2022,04/2029,,52.8,52.1,53.9,(2)(16),30
628,ARCC,2026-06-30,2026-07-29,0001628280-26-050307,Neptune Bidco US Inc. and Elliott Metron Co-Investor Aggregator L.P.,Neptune Bidco US Inc. and Elliott Metron Co-Investor Aggregator L.P. (13),Commercial and Professional Services,"Provider of audience insights, data and analytics to entertainment industry",First lien senior secured loan,8.77,SOFR (Q),5.0,01/2026,02/2033,,50.0,50.0,49.5,(2)(16),30
629,ARCC,2026-06-30,2026-07-29,0001628280-26-050307,Neptune Bidco US Inc. and Elliott Metron Co-Investor Aggregator L.P.,Neptune Bidco US Inc. and Elliott Metron Co-Investor Aggregator L.P. (13),Commercial and Professional Services,"Provider of audience insights, data and analytics to entertainment industry",Limited partnership interests,,,,10/2022,,4040000.0,,4.1,7.2,(2),30
630,ARCC,2026-06-30,2026-07-29,0001628280-26-050307,"Nest Topco Borrower Inc., KKR Nest Co-Invest L.P., and NBLY 2021-1","Nest Topco Borrower Inc., KKR Nest Co-Invest L.P., and NBLY 2021-1",Commercial and Professional Services,Operator of multiple franchise concepts primarily related to home maintenance or repairs,Limited partner interest,,,,09/2021,,9725000.0,,9.7,12.5,(2),30
631,ARCC,2026-06-30,2026-07-29,0001628280-26-050307,Priority Waste Holdings LLC and Priority Waste Holdings Indiana LLC,Priority Waste Holdings LLC and Priority Waste Holdings Indiana LLC,Commercial and Professional Services,Solid waste services provider,First lien senior secured loan,,SOFR (S),5.75,05/2026,05/2031,,45.1,45.1,45.1,(2)(9),30
632,ARCC,2026-06-30,2026-07-29,0001628280-26-050307,Priority Waste Holdings LLC and Priority Waste Holdings Indiana LLC,Priority Waste Holdings LLC and Priority Waste Holdings Indiana LLC,Commercial and Professional Services,Solid waste services provider,First lien senior secured loan,,SOFR (Q),5.5,05/2026,05/2031,,2.9,2.9,2.9,(2)(9),30
633,ARCC,2026-06-30,2026-07-29,0001628280-26-050307,"Pritchard Industries, LLC and LJ Pritchard TopCo Holdings, LLC","Pritchard Industries, LLC and LJ Pritchard TopCo Holdings, LLC",Commercial and Professional Services,Provider of janitorial and facilities management services,First lien senior secured loan,9.85,SOFR (S),6.0,11/2023,10/2027,,18.7,18.7,17.6,(2)(9),30
634,ARCC,2026-06-30,2026-07-29,0001628280-26-050307,"Pritchard Industries, LLC and LJ Pritchard TopCo Holdings, LLC","Pritchard Industries, LLC and LJ Pritchard TopCo Holdings, LLC",Commercial and Professional Services,Provider of janitorial and facilities management services,First lien senior secured loan,9.6,SOFR (S),5.75,10/2021,10/2027,,66.0,66.0,61.3,(2)(9),30
635,ARCC,2026-06-30,2026-07-29,0001628280-26-050307,"Pritchard Industries, LLC and LJ Pritchard TopCo Holdings, LLC","Pritchard Industries, LLC and LJ Pritchard TopCo Holdings, LLC",Commercial and Professional Services,Provider of janitorial and facilities management services,Class A units,,,,10/2021,,8749201.0,,9.0,6.3,(2),30
636,ARCC,2026-06-30,2026-07-29,0001628280-26-050307,PS Operating Company LLC and PS Op Holdings LLC,PS Operating Company LLC and PS Op Holdings LLC (5),Commercial and Professional Services,Specialty distributor and solutions provider to the swine and poultry markets,First lien senior secured revolving loan,,,,12/2021,06/2028,,5.8,4.4,1.0,(2)(8),30
637,ARCC,2026-06-30,2026-07-29,0001628280-26-050307,PS Operating Company LLC and PS Op Holdings LLC,PS Operating Company LLC and PS Op Holdings LLC (5),Commercial and Professional Services,Specialty distributor and solutions provider to the swine and poultry markets,First lien senior secured loan,,,,12/2021,06/2028,,19.6,15.5,3.2,(2)(8),30
638,ARCC,2026-06-30,2026-07-29,0001628280-26-050307,PS Operating Company LLC and PS Op Holdings LLC,PS Operating Company LLC and PS Op Holdings LLC (5),Commercial and Professional Services,Specialty distributor and solutions provider to the swine and poultry markets,Common units,,,,12/2021,,279200.0,,7.4,,(2),30
639,ARCC,2026-06-30,2026-07-29,0001628280-26-050307,"PSC Parent, Inc.","PSC Parent, Inc. (13)",Commercial and Professional Services,Provider of operational services for US petrochemical and refining companies,First lien senior secured revolving loan,8.89,SOFR (M),5.25,04/2024,04/2030,,2.3,2.3,2.3,(2)(9)(12),30
640,ARCC,2026-06-30,2026-07-29,0001628280-26-050307,"PSC Parent, Inc.","PSC Parent, Inc. (13)",Commercial and Professional Services,Provider of operational services for US petrochemical and refining companies,First lien senior secured loan,8.89,SOFR (M),5.25,04/2024,04/2031,,17.0,17.0,17.0,(2)(9),30
641,ARCC,2026-06-30,2026-07-29,0001628280-26-050307,"PSC Parent, Inc.","PSC Parent, Inc. (13)",Commercial and Professional Services,Provider of operational services for US petrochemical and refining companies,First lien senior secured loan,8.89,SOFR (M),5.25,04/2024,04/2031,,41.7,41.7,41.7,(2)(9),30
642,ARCC,2026-06-30,2026-07-29,0001628280-26-050307,R2 Acquisition Corp.,R2 Acquisition Corp.,Commercial and Professional Services,Marketing services,Common stock,,,,05/2007,,250000.0,,0.2,0.3,(2),30
643,ARCC,2026-06-30,2026-07-29,0001628280-26-050307,"RE Community Holdings GP, LLC and RE Community Holdings, LP","RE Community Holdings GP, LLC and RE Community Holdings, LP",Commercial and Professional Services,Operator of municipal recycling facilities,Limited partnership interest,,,,03/2011,,2.49,,,,(2),30
644,ARCC,2026-06-30,2026-07-29,0001628280-26-050307,"RE Community Holdings GP, LLC and RE Community Holdings, LP","RE Community Holdings GP, LLC and RE Community Holdings, LP",Commercial and Professional Services,Operator of municipal recycling facilities,Limited partnership interest,,,,03/2011,,2.86,,,,(2),30
645,ARCC,2026-06-30,2026-07-29,0001628280-26-050307,"Registrar Intermediate, LLC and PSP Registrar Co-Investment Fund, L.P.","Registrar Intermediate, LLC and PSP Registrar Co-Investment Fund, L.P.",Commercial and Professional Services,Provider of FDA registration and consulting services,First lien senior secured revolving loan,8.68,SOFR (Q),5.0,08/2021,08/2029,,7.1,7.1,6.9,(2)(9),30
646,ARCC,2026-06-30,2026-07-29,0001628280-26-050307,"Registrar Intermediate, LLC and PSP Registrar Co-Investment Fund, L.P.","Registrar Intermediate, LLC and PSP Registrar Co-Investment Fund, L.P.",Commercial and Professional Services,Provider of FDA registration and consulting services,First lien senior secured loan,8.7,SOFR (Q),5.0,03/2025,08/2029,,7.9,7.9,7.7,(2)(9),30
647,ARCC,2026-06-30,2026-07-29,0001628280-26-050307,"Registrar Intermediate, LLC and PSP Registrar Co-Investment Fund, L.P.","Registrar Intermediate, LLC and PSP Registrar Co-Investment Fund, L.P.",Commercial and Professional Services,Provider of FDA registration and consulting services,First lien senior secured loan,8.67,SOFR (Q),5.0,08/2021,08/2029,,3.5,3.5,3.4,(2)(9),30
648,ARCC,2026-06-30,2026-07-29,0001628280-26-050307,"Registrar Intermediate, LLC and PSP Registrar Co-Investment Fund, L.P.","Registrar Intermediate, LLC and PSP Registrar Co-Investment Fund, L.P.",Commercial and Professional Services,Provider of FDA registration and consulting services,Limited partner interests,,,,08/2021,,1.08,,2.7,2.0,(2),31
649,ARCC,2026-06-30,2026-07-29,0001628280-26-050307,"Research Now Group, LLC and Dynata, LLC and New Insight Holdings, Inc.","Research Now Group, LLC and Dynata, LLC and New Insight Holdings, Inc.",Commercial and Professional Services,Provider of outsourced data collection to the market research industry,Common units,,,,07/2024,,49.0,,,,(2),31
650,ARCC,2026-06-30,2026-07-29,0001628280-26-050307,"Research Now Group, LLC and Dynata, LLC and New Insight Holdings, Inc.","Research Now Group, LLC and Dynata, LLC and New Insight Holdings, Inc.",Commercial and Professional Services,Provider of outsourced data collection to the market research industry,Warrants to purchase shares of common stock,,,,07/2024,07/2028,142.0,,,,(2),31
651,ARCC,2026-06-30,2026-07-29,0001628280-26-050307,"Rocket Buyer, LLC","Rocket Buyer, LLC (13)",Commercial and Professional Services,Provider of security systems to enterprises,First lien senior secured revolving loan,8.16,SOFR (Q),4.5,02/2026,02/2033,,1.5,1.5,1.5,(2)(9),31
652,ARCC,2026-06-30,2026-07-29,0001628280-26-050307,"Rocket Buyer, LLC","Rocket Buyer, LLC (13)",Commercial and Professional Services,Provider of security systems to enterprises,First lien senior secured loan,8.14,SOFR (M),4.5,02/2026,02/2033,,15.9,15.9,15.7,(2)(9),31
653,ARCC,2026-06-30,2026-07-29,0001628280-26-050307,Rodeo AcquisitionCo LLC,Rodeo AcquisitionCo LLC (13),Commercial and Professional Services,Provider of food inspection and recovery services,First lien senior secured revolving loan,8.48,SOFR (Q),4.75,07/2021,07/2029,,0.2,0.2,0.2,(2)(9),31
654,ARCC,2026-06-30,2026-07-29,0001628280-26-050307,Rodeo AcquisitionCo LLC,Rodeo AcquisitionCo LLC (13),Commercial and Professional Services,Provider of food inspection and recovery services,First lien senior secured loan,8.48,SOFR (Q),4.75,07/2021,07/2029,,18.4,18.4,18.4,(2)(9),31
655,ARCC,2026-06-30,2026-07-29,0001628280-26-050307,Saturn Purchaser Corp.,Saturn Purchaser Corp. (13),Commercial and Professional Services,Private aviation management company,First lien senior secured loan,8.52,SOFR (M),4.85,07/2023,07/2030,,1.7,1.7,1.7,(2)(9),31
656,ARCC,2026-06-30,2026-07-29,0001628280-26-050307,"SGM Acquisition Sub, LLC and Schill Holdings, LP","SGM Acquisition Sub, LLC and Schill Holdings, LP (13)",Commercial and Professional Services,"Provider of landscape design and planning, and snow removal services",First lien senior secured revolving loan,8.39,SOFR (M),4.75,12/2025,12/2031,,1.5,1.5,1.5,(2)(9),31
657,ARCC,2026-06-30,2026-07-29,0001628280-26-050307,"SGM Acquisition Sub, LLC and Schill Holdings, LP","SGM Acquisition Sub, LLC and Schill Holdings, LP (13)",Commercial and Professional Services,"Provider of landscape design and planning, and snow removal services",First lien senior secured loan,8.48,SOFR (Q),4.75,12/2025,12/2031,,26.1,26.1,26.1,(2)(9),31
658,ARCC,2026-06-30,2026-07-29,0001628280-26-050307,"SGM Acquisition Sub, LLC and Schill Holdings, LP","SGM Acquisition Sub, LLC and Schill Holdings, LP (13)",Commercial and Professional Services,"Provider of landscape design and planning, and snow removal services",Common units,,,,12/2025,,1492000.0,,1.5,1.3,,31
659,ARCC,2026-06-30,2026-07-29,0001628280-26-050307,"Startec Equity, LLC","Startec Equity, LLC (5)",Commercial and Professional Services,Communication services,Member interest,,,,04/2010,,190581.0,,,,,31
660,ARCC,2026-06-30,2026-07-29,0001628280-26-050307,"SV Newco 2, Inc. and Site 2020 Incorporated","SV Newco 2, Inc. and Site 2020 Incorporated (13)",Commercial and Professional Services,Provider of outsourced traffic control safety services,First lien senior secured revolving loan,10.75,Base Rate (Q),4.0,05/2024,06/2031,,0.4,0.4,0.4,(2)(6)(9)(12),31
661,ARCC,2026-06-30,2026-07-29,0001628280-26-050307,"SV Newco 2, Inc. and Site 2020 Incorporated","SV Newco 2, Inc. and Site 2020 Incorporated (13)",Commercial and Professional Services,Provider of outsourced traffic control safety services,First lien senior secured revolving loan,8.68,SOFR (Q),5.0,05/2024,06/2031,,0.8,0.8,0.8,(2)(6)(9)(12),31
662,ARCC,2026-06-30,2026-07-29,0001628280-26-050307,"SV Newco 2, Inc. and Site 2020 Incorporated","SV Newco 2, Inc. and Site 2020 Incorporated (13)",Commercial and Professional Services,Provider of outsourced traffic control safety services,First lien senior secured loan,8.73,SOFR (Q),5.0,05/2024,06/2031,,14.4,14.4,14.4,(2)(6)(9),31
663,ARCC,2026-06-30,2026-07-29,0001628280-26-050307,"SV Newco 2, Inc. and Site 2020 Incorporated","SV Newco 2, Inc. and Site 2020 Incorporated (13)",Commercial and Professional Services,Provider of outsourced traffic control safety services,First lien senior secured loan,8.73,SOFR (Q),5.0,09/2025,06/2031,,2.5,2.5,2.5,(2)(6)(9),31
664,ARCC,2026-06-30,2026-07-29,0001628280-26-050307,"Systems Planning and Analysis, Inc.","Systems Planning and Analysis, Inc. (13)",Commercial and Professional Services,Provider of systems engineering and technical assistance to the US DoD,First lien senior secured revolving loan,8.45,SOFR (Q),4.75,05/2022,08/2027,,1.5,1.4,1.5,(2)(9)(12),31
665,ARCC,2026-06-30,2026-07-29,0001628280-26-050307,"Systems Planning and Analysis, Inc.","Systems Planning and Analysis, Inc. (13)",Commercial and Professional Services,Provider of systems engineering and technical assistance to the US DoD,First lien senior secured loan,8.48,SOFR (Q),4.75,05/2022,08/2027,,1.0,1.0,1.0,(2)(9),31
666,ARCC,2026-06-30,2026-07-29,0001628280-26-050307,Talon Buyer Inc. and Talon Holdings SCSP,Talon Buyer Inc. and Talon Holdings SCSP (13),Commercial and Professional Services,Provider of fire safety and life safety services,First lien senior secured loan,7.92,SOFR (Q),4.25,07/2025,07/2032,,16.1,16.1,15.9,(2)(9),31
667,ARCC,2026-06-30,2026-07-29,0001628280-26-050307,Talon Buyer Inc. and Talon Holdings SCSP,Talon Buyer Inc. and Talon Holdings SCSP (13),Commercial and Professional Services,Provider of fire safety and life safety services,Class A units,,,,07/2025,,6445000.0,,6.4,7.8,(2)(6),31
668,ARCC,2026-06-30,2026-07-29,0001628280-26-050307,"Thermostat Purchaser III, Inc.","Thermostat Purchaser III, Inc. (13)",Commercial and Professional Services,Provider of commercial HVAC equipment maintenance and repair services,First lien senior secured revolving loan,9.75,Base Rate (M),3.0,08/2021,08/2028,,1.1,1.1,1.1,(2)(12),31
669,ARCC,2026-06-30,2026-07-29,0001628280-26-050307,"Thermostat Purchaser III, Inc.","Thermostat Purchaser III, Inc. (13)",Commercial and Professional Services,Provider of commercial HVAC equipment maintenance and repair services,Second lien senior secured loan,11.07,SOFR (Q),7.25,08/2021,08/2029,,23.0,23.0,22.8,(2)(9),31
670,ARCC,2026-06-30,2026-07-29,0001628280-26-050307,"TSS Buyer, LLC","TSS Buyer, LLC (13)",Commercial and Professional Services,"Provider of outsourced testing, inspection, certification, and compliance services to healthcare and life sciences end markets",First lien senior secured loan,8.69,SOFR (Q),5.0,03/2026,06/2029,,0.3,0.3,0.3,(2)(9),32
671,ARCC,2026-06-30,2026-07-29,0001628280-26-050307,"TSS Buyer, LLC","TSS Buyer, LLC (13)",Commercial and Professional Services,"Provider of outsourced testing, inspection, certification, and compliance services to healthcare and life sciences end markets",First lien senior secured loan,8.73,SOFR (Q),5.0,07/2023,06/2029,,2.6,2.5,2.6,(2)(9),32
672,ARCC,2026-06-30,2026-07-29,0001628280-26-050307,"TVG-MGT Upper Intermediate Holdings, LLC and Vistria Blocked MGT Investor, LP","TVG-MGT Upper Intermediate Holdings, LLC and Vistria Blocked MGT Investor, LP",Commercial and Professional Services,"Management consulting firm servicing education, technology and public sectors",Senior subordinated loan,,,,08/2025,08/2031,,27.9,27.9,27.1,(2),32
673,ARCC,2026-06-30,2026-07-29,0001628280-26-050307,"TVG-MGT Upper Intermediate Holdings, LLC and Vistria Blocked MGT Investor, LP","TVG-MGT Upper Intermediate Holdings, LLC and Vistria Blocked MGT Investor, LP",Commercial and Professional Services,"Management consulting firm servicing education, technology and public sectors",Class A common units,,,,08/2025,,2712.0,,4.1,3.4,(2),32
674,ARCC,2026-06-30,2026-07-29,0001628280-26-050307,"Unifi Aviation North America LLC and Unifi Aviation Canada, Inc.","Unifi Aviation North America LLC and Unifi Aviation Canada, Inc. (13)",Commercial and Professional Services,"Provider of outsourced security guard services, outsourced facilities management and outsourced aviation services",First lien senior secured loan,9.07,SOFR (Q),5.25,04/2024,09/2028,,48.5,48.5,48.5,(2)(6)(9),32
675,ARCC,2026-06-30,2026-07-29,0001628280-26-050307,"Unifi Aviation North America LLC and Unifi Aviation Canada, Inc.","Unifi Aviation North America LLC and Unifi Aviation Canada, Inc. (13)",Commercial and Professional Services,"Provider of outsourced security guard services, outsourced facilities management and outsourced aviation services",First lien senior secured loan,9.07,SOFR (Q),5.25,01/2026,09/2028,,8.7,8.7,8.7,(2)(6)(9),32
676,ARCC,2026-06-30,2026-07-29,0001628280-26-050307,"Unity Purchaser, LLC and Unity Ultimate Holdings, LP","Unity Purchaser, LLC and Unity Ultimate Holdings, LP (13)",Commercial and Professional Services,"Provider of specialty mechanical services for critical HVAC, plumbing, and related systems",First lien senior secured loan,8.73,SOFR (Q),5.0,01/2025,01/2031,,14.2,14.2,14.1,(2)(9),32
677,ARCC,2026-06-30,2026-07-29,0001628280-26-050307,"Unity Purchaser, LLC and Unity Ultimate Holdings, LP","Unity Purchaser, LLC and Unity Ultimate Holdings, LP (13)",Commercial and Professional Services,"Provider of specialty mechanical services for critical HVAC, plumbing, and related systems",Class A-1 units,,,,01/2025,,2068000.0,,2.1,2.1,(2),32
678,ARCC,2026-06-30,2026-07-29,0001628280-26-050307,UP Intermediate II LLC and UPBW Blocker LLC,UP Intermediate II LLC and UPBW Blocker LLC (13),Commercial and Professional Services,"Provider of essential mechanical, electrical and plumbing services to commercial customers",First lien senior secured revolving loan,10.25,Base Rate (Q),3.5,03/2024,03/2031,,0.6,0.6,0.6,(2)(9)(12),32
679,ARCC,2026-06-30,2026-07-29,0001628280-26-050307,UP Intermediate II LLC and UPBW Blocker LLC,UP Intermediate II LLC and UPBW Blocker LLC (13),Commercial and Professional Services,"Provider of essential mechanical, electrical and plumbing services to commercial customers",First lien senior secured loan,8.23,SOFR (Q),4.5,03/2024,03/2032,,4.7,4.7,4.7,(2)(9),32
680,ARCC,2026-06-30,2026-07-29,0001628280-26-050307,UP Intermediate II LLC and UPBW Blocker LLC,UP Intermediate II LLC and UPBW Blocker LLC (13),Commercial and Professional Services,"Provider of essential mechanical, electrical and plumbing services to commercial customers",Senior preferred units,,,,07/2025,,10340.0,,1.2,1.2,(2),32
681,ARCC,2026-06-30,2026-07-29,0001628280-26-050307,UP Intermediate II LLC and UPBW Blocker LLC,UP Intermediate II LLC and UPBW Blocker LLC (13),Commercial and Professional Services,"Provider of essential mechanical, electrical and plumbing services to commercial customers",Common units,,,,03/2024,,60470.0,,6.0,9.2,(2),32
682,ARCC,2026-06-30,2026-07-29,0001628280-26-050307,UP Intermediate II LLC and UPBW Blocker LLC,UP Intermediate II LLC and UPBW Blocker LLC (13),Commercial and Professional Services,"Provider of essential mechanical, electrical and plumbing services to commercial customers",Common units,,,,09/2024,,3918.0,,0.3,0.6,(2),32
683,ARCC,2026-06-30,2026-07-29,0001628280-26-050307,"Valcourt Holdings II, LLC and Jobs Holdings, Inc.","Valcourt Holdings II, LLC and Jobs Holdings, Inc. (13)",Commercial and Professional Services,Provider of window cleaning and building facade maintenance and restoration services,First lien senior secured loan,8.39,SOFR (S),4.75,05/2026,05/2033,,117.6,117.6,117.6,(2)(9),32
684,ARCC,2026-06-30,2026-07-29,0001628280-26-050307,"Visual Edge Technology, Inc., VEIT, LLC, and VEIT Topco, LLC","Visual Edge Technology, Inc., VEIT, LLC, and VEIT Topco, LLC (5)",Commercial and Professional Services,Provider of outsourced office solutions with a focus on printer and copier equipment and other parts and supplies,First lien senior secured revolving loan,8.84,SOFR (Q),5.0,12/2025,01/2029,,2.6,2.6,2.6,(2)(9),32
685,ARCC,2026-06-30,2026-07-29,0001628280-26-050307,"Visual Edge Technology, Inc., VEIT, LLC, and VEIT Topco, LLC","Visual Edge Technology, Inc., VEIT, LLC, and VEIT Topco, LLC (5)",Commercial and Professional Services,Provider of outsourced office solutions with a focus on printer and copier equipment and other parts and supplies,First lien senior secured loan,,SOFR (S),12.15,06/2026,01/2029,,2.4,2.4,2.4,(2)(9),32
686,ARCC,2026-06-30,2026-07-29,0001628280-26-050307,"Visual Edge Technology, Inc., VEIT, LLC, and VEIT Topco, LLC","Visual Edge Technology, Inc., VEIT, LLC, and VEIT Topco, LLC (5)",Commercial and Professional Services,Provider of outsourced office solutions with a focus on printer and copier equipment and other parts and supplies,First lien senior secured loan,8.88,SOFR (Q),5.0,12/2025,01/2029,,2.2,2.2,2.2,(2)(9),32
687,ARCC,2026-06-30,2026-07-29,0001628280-26-050307,"Visual Edge Technology, Inc., VEIT, LLC, and VEIT Topco, LLC","Visual Edge Technology, Inc., VEIT, LLC, and VEIT Topco, LLC (5)",Commercial and Professional Services,Provider of outsourced office solutions with a focus on printer and copier equipment and other parts and supplies,First lien senior secured loan,,SOFR (Q),12.15,12/2025,01/2029,,10.2,10.2,10.2,(2)(9),32
688,ARCC,2026-06-30,2026-07-29,0001628280-26-050307,"Visual Edge Technology, Inc., VEIT, LLC, and VEIT Topco, LLC","Visual Edge Technology, Inc., VEIT, LLC, and VEIT Topco, LLC (5)",Commercial and Professional Services,Provider of outsourced office solutions with a focus on printer and copier equipment and other parts and supplies,First lien senior secured loan,,SOFR (Q),12.15,07/2023,01/2029,,8.1,8.0,8.1,(2)(9),32
689,ARCC,2026-06-30,2026-07-29,0001628280-26-050307,"Visual Edge Technology, Inc., VEIT, LLC, and VEIT Topco, LLC","Visual Edge Technology, Inc., VEIT, LLC, and VEIT Topco, LLC (5)",Commercial and Professional Services,Provider of outsourced office solutions with a focus on printer and copier equipment and other parts and supplies,First lien senior secured loan,,SOFR (Q),7.0,07/2023,01/2029,,34.7,34.2,34.7,(2)(9),32
690,ARCC,2026-06-30,2026-07-29,0001628280-26-050307,"Visual Edge Technology, Inc., VEIT, LLC, and VEIT Topco, LLC","Visual Edge Technology, Inc., VEIT, LLC, and VEIT Topco, LLC (5)",Commercial and Professional Services,Provider of outsourced office solutions with a focus on printer and copier equipment and other parts and supplies,Limited partnership interests,,,,12/2025,,947000.0,,17.5,6.7,(2),33
691,ARCC,2026-06-30,2026-07-29,0001628280-26-050307,"VRC Companies, LLC","VRC Companies, LLC (13)",Commercial and Professional Services,Provider of records and information management services,Senior subordinated loan,,,,05/2022,06/2028,,5.4,5.4,5.4,(2),33
692,ARCC,2026-06-30,2026-07-29,0001628280-26-050307,"VRS Buyer, Inc.","VRS Buyer, Inc. (13)",Commercial and Professional Services,Provider of on-site mobile and rail re-fueling solutions,First lien senior secured loan,7.23,SOFR (Q),3.5,10/2025,10/2032,,51.7,51.7,51.1,(2)(16),33
693,ARCC,2026-06-30,2026-07-29,0001628280-26-050307,"W.S. Connelly & Co., LLC and WSC Ultimate Holdings, LLC","W.S. Connelly & Co., LLC and WSC Ultimate Holdings, LLC (13)",Commercial and Professional Services,"Provider of agronomics products for landscapers, contractors and golf course end users",First lien senior secured loan,8.98,SOFR (Q),5.25,05/2024,05/2030,,17.0,17.0,17.0,(2)(9),33
694,ARCC,2026-06-30,2026-07-29,0001628280-26-050307,"W.S. Connelly & Co., LLC and WSC Ultimate Holdings, LLC","W.S. Connelly & Co., LLC and WSC Ultimate Holdings, LLC (13)",Commercial and Professional Services,"Provider of agronomics products for landscapers, contractors and golf course end users",First lien senior secured loan,8.98,SOFR (Q),5.25,04/2025,05/2030,,6.4,6.4,6.4,(2)(9),33
695,ARCC,2026-06-30,2026-07-29,0001628280-26-050307,"W.S. Connelly & Co., LLC and WSC Ultimate Holdings, LLC","W.S. Connelly & Co., LLC and WSC Ultimate Holdings, LLC (13)",Commercial and Professional Services,"Provider of agronomics products for landscapers, contractors and golf course end users",Class A preferred units,,,,05/2024,,9260.0,,1.1,1.1,,33
696,ARCC,2026-06-30,2026-07-29,0001628280-26-050307,"W.S. Connelly & Co., LLC and WSC Ultimate Holdings, LLC","W.S. Connelly & Co., LLC and WSC Ultimate Holdings, LLC (13)",Commercial and Professional Services,"Provider of agronomics products for landscapers, contractors and golf course end users",Class A common units,,,,05/2024,,862.0,,,0.3,,33
697,ARCC,2026-06-30,2026-07-29,0001628280-26-050307,"XIFIN, Inc. and ACP Charger Co-Invest LLC","XIFIN, Inc. and ACP Charger Co-Invest LLC",Commercial and Professional Services,Revenue cycle management provider to labs,Class A units,,,,02/2020,,180000.0,,1.8,4.7,(2),33
698,ARCC,2026-06-30,2026-07-29,0001628280-26-050307,"XIFIN, Inc. and ACP Charger Co-Invest LLC","XIFIN, Inc. and ACP Charger Co-Invest LLC",Commercial and Professional Services,Revenue cycle management provider to labs,Class B units,,,,12/2021,,46363.0,,0.9,2.3,(2),33
699,ARCC,2026-06-30,2026-07-29,0001628280-26-050307,"Zinc Buyer Corporation and Marmic Fire & Safety Co., Inc.","Zinc Buyer Corporation and Marmic Fire & Safety Co., Inc. (13)",Commercial and Professional Services,Provider of recurring fire protection services,First lien senior secured revolving loan,8.4,SOFR (M),4.75,07/2024,07/2031,,0.1,0.1,0.1,(2)(9)(12),33
700,ARCC,2026-06-30,2026-07-29,0001628280-26-050307,"Zinc Buyer Corporation and Marmic Fire & Safety Co., Inc.","Zinc Buyer Corporation and Marmic Fire & Safety Co., Inc. (13)",Commercial and Professional Services,Provider of recurring fire protection services,First lien senior secured loan,8.45,SOFR (Q),4.75,07/2024,07/2031,,12.7,12.7,12.6,(2)(9),33
701,ARCC,2026-06-30,2026-07-29,0001628280-26-050307,"Aimbridge Topco, LLC","Aimbridge Topco, LLC",Consumer Services,Hotel operator,Common units,,,,03/2025,,56310.0,,3.3,2.9,(2),33
702,ARCC,2026-06-30,2026-07-29,0001628280-26-050307,American Residential Services L.L.C. and Aragorn Parent Holdings LP,American Residential Services L.L.C. and Aragorn Parent Holdings LP,Consumer Services,"Heating, ventilation and air conditioning services provider",Series A preferred units,,,,10/2020,,2531500.0,,3.8,8.3,(2),33
703,ARCC,2026-06-30,2026-07-29,0001628280-26-050307,"Apex Service Partners, LLC and Apex Service Partners Holdings, LLC","Apex Service Partners, LLC and Apex Service Partners Holdings, LLC (13)",Consumer Services,"Provider of residential HVAC, plumbing, and electrical maintenance and repair services",First lien senior secured revolving loan,8.73,SOFR (Q),5.0,10/2023,10/2029,,4.0,4.0,4.0,(2)(9)(12),33
704,ARCC,2026-06-30,2026-07-29,0001628280-26-050307,"Apex Service Partners, LLC and Apex Service Partners Holdings, LLC","Apex Service Partners, LLC and Apex Service Partners Holdings, LLC (13)",Consumer Services,"Provider of residential HVAC, plumbing, and electrical maintenance and repair services",First lien senior secured loan,8.73,SOFR (Q),5.0,09/2024,10/2030,,198.9,198.7,198.9,(2)(9),33
705,ARCC,2026-06-30,2026-07-29,0001628280-26-050307,"Apex Service Partners, LLC and Apex Service Partners Holdings, LLC","Apex Service Partners, LLC and Apex Service Partners Holdings, LLC (13)",Consumer Services,"Provider of residential HVAC, plumbing, and electrical maintenance and repair services",Series B common units,,,,10/2023,,262165.0,,7.2,12.0,,33
706,ARCC,2026-06-30,2026-07-29,0001628280-26-050307,"Belfor Holdings, Inc.","Belfor Holdings, Inc. (13)",Consumer Services,Disaster recovery services provider,First lien senior secured revolving loan,,,,11/2023,11/2028,,,,,(2)(11),33
707,ARCC,2026-06-30,2026-07-29,0001628280-26-050307,"Birdie Bidco, Inc.","Birdie Bidco, Inc. (13)",Consumer Services,Golf club owner and operator,First lien senior secured loan,,SOFR (Q),4.75,11/2025,11/2032,,22.9,22.9,22.9,(2)(9),33
708,ARCC,2026-06-30,2026-07-29,0001628280-26-050307,"Calera XXVIII, LLC","Calera XXVIII, LLC (14)",Consumer Services,Platform of residential floor coating and vinyl fence installers,Limited liability company interests,,,,12/2025,,5420161.0,,5.4,5.7,(2)(6),33
709,ARCC,2026-06-30,2026-07-29,0001628280-26-050307,"Clarion Home Services Group, LLC and LBC Breeze Holdings LLC","Clarion Home Services Group, LLC and LBC Breeze Holdings LLC (13)",Consumer Services,Provider of HVAC and plumbing services to residential and commercial customers,First lien senior secured revolving loan,9.79,SOFR (Q),6.0,12/2021,12/2027,,1.0,1.0,0.8,(2)(9),33
710,ARCC,2026-06-30,2026-07-29,0001628280-26-050307,"Clarion Home Services Group, LLC and LBC Breeze Holdings LLC","Clarion Home Services Group, LLC and LBC Breeze Holdings LLC (13)",Consumer Services,Provider of HVAC and plumbing services to residential and commercial customers,First lien senior secured loan,,SOFR (Q),8.0,12/2021,12/2027,,3.6,3.6,2.9,(2)(9),34
711,ARCC,2026-06-30,2026-07-29,0001628280-26-050307,"Clarion Home Services Group, LLC and LBC Breeze Holdings LLC","Clarion Home Services Group, LLC and LBC Breeze Holdings LLC (13)",Consumer Services,Provider of HVAC and plumbing services to residential and commercial customers,First lien senior secured loan,,SOFR (Q),8.25,03/2023,12/2027,,7.0,7.0,5.7,(2)(9),34
712,ARCC,2026-06-30,2026-07-29,0001628280-26-050307,"Clarion Home Services Group, LLC and LBC Breeze Holdings LLC","Clarion Home Services Group, LLC and LBC Breeze Holdings LLC (13)",Consumer Services,Provider of HVAC and plumbing services to residential and commercial customers,Class A units,,,,12/2021,,4296.0,,4.3,,,34
713,ARCC,2026-06-30,2026-07-29,0001628280-26-050307,"CMG HoldCo, LLC and CMG Buyer Holdings, Inc.","CMG HoldCo, LLC and CMG Buyer Holdings, Inc. (13)",Consumer Services,Provider of commercial HVAC equipment maintenance and repair services,First lien senior secured revolving loan,8.66,SOFR (Q),5.0,05/2022,11/2030,,7.2,7.2,7.0,(2)(9),34
714,ARCC,2026-06-30,2026-07-29,0001628280-26-050307,"CMG HoldCo, LLC and CMG Buyer Holdings, Inc.","CMG HoldCo, LLC and CMG Buyer Holdings, Inc. (13)",Consumer Services,Provider of commercial HVAC equipment maintenance and repair services,First lien senior secured loan,8.67,SOFR (S),5.0,05/2022,11/2030,,16.9,16.9,16.4,(2)(9),34
715,ARCC,2026-06-30,2026-07-29,0001628280-26-050307,"CMG HoldCo, LLC and CMG Buyer Holdings, Inc.","CMG HoldCo, LLC and CMG Buyer Holdings, Inc. (13)",Consumer Services,Provider of commercial HVAC equipment maintenance and repair services,First lien senior secured loan,8.72,SOFR (Q),5.0,11/2023,11/2030,,3.6,3.6,3.4,(2)(9),34
716,ARCC,2026-06-30,2026-07-29,0001628280-26-050307,"CMG HoldCo, LLC and CMG Buyer Holdings, Inc.","CMG HoldCo, LLC and CMG Buyer Holdings, Inc. (13)",Consumer Services,Provider of commercial HVAC equipment maintenance and repair services,First lien senior secured loan,8.67,SOFR (S),5.0,05/2022,11/2030,,4.0,4.0,3.8,(2)(9),34
717,ARCC,2026-06-30,2026-07-29,0001628280-26-050307,"CMG HoldCo, LLC and CMG Buyer Holdings, Inc.","CMG HoldCo, LLC and CMG Buyer Holdings, Inc. (13)",Consumer Services,Provider of commercial HVAC equipment maintenance and repair services,Common stock,,,,05/2022,,302.0,,3.1,3.4,(2),34
718,ARCC,2026-06-30,2026-07-29,0001628280-26-050307,CST Holding Company,CST Holding Company (13),Consumer Services,Provider of ignition interlock devices,First lien senior secured loan,8.74,SOFR (M),5.0,11/2022,11/2028,,11.3,11.3,11.3,(2)(9),34
719,ARCC,2026-06-30,2026-07-29,0001628280-26-050307,CST Holding Company,CST Holding Company (13),Consumer Services,Provider of ignition interlock devices,First lien senior secured loan,8.74,SOFR (M),5.0,07/2024,11/2028,,0.1,0.1,0.1,(2)(9),34
720,ARCC,2026-06-30,2026-07-29,0001628280-26-050307,Davidson Hotel Company LLC,Davidson Hotel Company LLC (13),Consumer Services,Provider of hotel operations solutions and advisory services,First lien senior secured loan,8.64,SOFR (M),5.0,10/2024,10/2031,,9.1,9.1,9.1,(2)(9),34
721,ARCC,2026-06-30,2026-07-29,0001628280-26-050307,"Equinox Holdings, Inc.","Equinox Holdings, Inc.",Consumer Services,"Operator of luxury, full-service health fitness clubs",First lien senior secured loan,10.98,SOFR (Q),7.25,03/2024,03/2029,,46.5,45.9,46.5,(2)(9),34
722,ARCC,2026-06-30,2026-07-29,0001628280-26-050307,"Equinox Holdings, Inc.","Equinox Holdings, Inc.",Consumer Services,"Operator of luxury, full-service health fitness clubs",Second lien senior secured loan,,,,03/2024,06/2027,,4.9,4.9,4.9,(2),34
723,ARCC,2026-06-30,2026-07-29,0001628280-26-050307,Essential Services Holding Corporation and OMERS Mahomes Investment Holdings LLC,Essential Services Holding Corporation and OMERS Mahomes Investment Holdings LLC (13),Consumer Services,Provider of plumbing and HVAC services,First lien senior secured revolving loan,8.91,SOFR (Q),5.25,06/2024,06/2030,,8.6,8.6,8.1,(2)(9)(12),34
724,ARCC,2026-06-30,2026-07-29,0001628280-26-050307,Essential Services Holding Corporation and OMERS Mahomes Investment Holdings LLC,Essential Services Holding Corporation and OMERS Mahomes Investment Holdings LLC (13),Consumer Services,Provider of plumbing and HVAC services,First lien senior secured loan,9.3,SOFR (Q),5.63,06/2024,06/2031,,152.2,152.1,143.0,(2)(9),34
725,ARCC,2026-06-30,2026-07-29,0001628280-26-050307,Essential Services Holding Corporation and OMERS Mahomes Investment Holdings LLC,Essential Services Holding Corporation and OMERS Mahomes Investment Holdings LLC (13),Consumer Services,Provider of plumbing and HVAC services,Preferred units,,,,07/2023,,768.0,,10.8,10.8,(2),34
726,ARCC,2026-06-30,2026-07-29,0001628280-26-050307,Essential Services Holding Corporation and OMERS Mahomes Investment Holdings LLC,Essential Services Holding Corporation and OMERS Mahomes Investment Holdings LLC (13),Consumer Services,Provider of plumbing and HVAC services,Class A units,,,,11/2020,,6447.0,,22.9,8.5,(2),34
727,ARCC,2026-06-30,2026-07-29,0001628280-26-050307,Eternal Aus Bidco Pty Ltd,Eternal Aus Bidco Pty Ltd (13),Consumer Services,"Operator of cemetery, crematoria and funeral services",First lien senior secured loan,9.5,BBSY (Q),5.0,11/2023,10/2029,,3.9,3.7,3.9,(2)(6)(9),34
728,ARCC,2026-06-30,2026-07-29,0001628280-26-050307,"Excel Fitness Consolidator LLC, Health Buyer LLC and Excel Fitness Holdings, Inc.","Excel Fitness Consolidator LLC, Health Buyer LLC and Excel Fitness Holdings, Inc. (13)",Consumer Services,Fitness facility operator,First lien senior secured loan,8.48,SOFR (Q),4.75,05/2024,04/2030,,9.6,9.5,9.5,(2)(9),34
729,ARCC,2026-06-30,2026-07-29,0001628280-26-050307,"Fitness Ventures Holdings, Inc. and Meaningful Partners Fitness Ventures Co-Investment LP","Fitness Ventures Holdings, Inc. and Meaningful Partners Fitness Ventures Co-Investment LP (4)(13)",Consumer Services,Crunch Fitness franchisee,First lien senior secured revolving loan,7.64,SOFR (M),4.0,08/2024,08/2030,,2.4,2.4,2.4,(2)(9)(12),34
730,ARCC,2026-06-30,2026-07-29,0001628280-26-050307,"Fitness Ventures Holdings, Inc. and Meaningful Partners Fitness Ventures Co-Investment LP","Fitness Ventures Holdings, Inc. and Meaningful Partners Fitness Ventures Co-Investment LP (4)(13)",Consumer Services,Crunch Fitness franchisee,First lien senior secured loan,8.39,SOFR (M),4.75,08/2024,08/2031,,10.5,10.5,10.5,(2)(9),34
731,ARCC,2026-06-30,2026-07-29,0001628280-26-050307,"Fitness Ventures Holdings, Inc. and Meaningful Partners Fitness Ventures Co-Investment LP","Fitness Ventures Holdings, Inc. and Meaningful Partners Fitness Ventures Co-Investment LP (4)(13)",Consumer Services,Crunch Fitness franchisee,First lien senior secured loan,8.39,SOFR (M),4.75,05/2026,08/2031,,3.2,3.2,3.2,(2)(9),34
732,ARCC,2026-06-30,2026-07-29,0001628280-26-050307,"Fitness Ventures Holdings, Inc. and Meaningful Partners Fitness Ventures Co-Investment LP","Fitness Ventures Holdings, Inc. and Meaningful Partners Fitness Ventures Co-Investment LP (4)(13)",Consumer Services,Crunch Fitness franchisee,Common units,,,,07/2024,,11957000.0,,12.0,17.3,(2),34
733,ARCC,2026-06-30,2026-07-29,0001628280-26-050307,"Flinn Scientific, Inc. and WCI-Quantum Holdings, Inc.","Flinn Scientific, Inc. and WCI-Quantum Holdings, Inc. (13)",Consumer Services,"Distributor of instructional products, services and resources",First lien senior secured revolving loan,9.26,SOFR (M),5.5,08/2018,04/2027,,9.9,9.9,9.7,(2)(9)(12),34
734,ARCC,2026-06-30,2026-07-29,0001628280-26-050307,"Flinn Scientific, Inc. and WCI-Quantum Holdings, Inc.","Flinn Scientific, Inc. and WCI-Quantum Holdings, Inc. (13)",Consumer Services,"Distributor of instructional products, services and resources",First lien senior secured revolving loan,10.5,Base Rate (Q),3.75,08/2018,04/2027,,4.1,4.1,4.0,(2)(9)(12),35
735,ARCC,2026-06-30,2026-07-29,0001628280-26-050307,"Flinn Scientific, Inc. and WCI-Quantum Holdings, Inc.","Flinn Scientific, Inc. and WCI-Quantum Holdings, Inc. (13)",Consumer Services,"Distributor of instructional products, services and resources",First lien senior secured loan,9.49,SOFR (Q),5.5,06/2024,04/2027,,7.4,7.4,7.2,(2)(9),35
736,ARCC,2026-06-30,2026-07-29,0001628280-26-050307,"Flinn Scientific, Inc. and WCI-Quantum Holdings, Inc.","Flinn Scientific, Inc. and WCI-Quantum Holdings, Inc. (13)",Consumer Services,"Distributor of instructional products, services and resources",First lien senior secured loan,9.49,SOFR (Q),5.5,07/2017,04/2027,,28.6,28.6,28.0,(2)(9),35
737,ARCC,2026-06-30,2026-07-29,0001628280-26-050307,"Flinn Scientific, Inc. and WCI-Quantum Holdings, Inc.","Flinn Scientific, Inc. and WCI-Quantum Holdings, Inc. (13)",Consumer Services,"Distributor of instructional products, services and resources",First lien senior secured loan,9.43,SOFR (Q),5.5,05/2025,04/2027,,5.0,5.0,4.9,(2)(9),35
738,ARCC,2026-06-30,2026-07-29,0001628280-26-050307,"Flinn Scientific, Inc. and WCI-Quantum Holdings, Inc.","Flinn Scientific, Inc. and WCI-Quantum Holdings, Inc. (13)",Consumer Services,"Distributor of instructional products, services and resources",First lien senior secured loan,9.49,SOFR (Q),5.5,08/2018,04/2027,,1.1,1.1,1.1,(2)(9),35
739,ARCC,2026-06-30,2026-07-29,0001628280-26-050307,"Flinn Scientific, Inc. and WCI-Quantum Holdings, Inc.","Flinn Scientific, Inc. and WCI-Quantum Holdings, Inc. (13)",Consumer Services,"Distributor of instructional products, services and resources",Series A preferred stock,,,,10/2014,,1272.0,,0.7,0.3,(2),35
740,ARCC,2026-06-30,2026-07-29,0001628280-26-050307,"Flint OpCo, LLC","Flint OpCo, LLC (13)",Consumer Services,Provider of residential HVAC and plumbing services,First lien senior secured loan,8.41,SOFR (Q),4.75,05/2024,08/2030,,4.1,4.1,4.1,(2)(9),35
741,ARCC,2026-06-30,2026-07-29,0001628280-26-050307,"Flint OpCo, LLC","Flint OpCo, LLC (13)",Consumer Services,Provider of residential HVAC and plumbing services,First lien senior secured loan,8.41,SOFR (Q),4.75,08/2023,08/2030,,6.9,6.9,6.9,(2)(9),35
742,ARCC,2026-06-30,2026-07-29,0001628280-26-050307,"Flint OpCo, LLC","Flint OpCo, LLC (13)",Consumer Services,Provider of residential HVAC and plumbing services,First lien senior secured loan,8.4,SOFR (Q),4.75,06/2025,08/2030,,2.0,2.0,2.0,(2)(9),35
743,ARCC,2026-06-30,2026-07-29,0001628280-26-050307,"Flint OpCo, LLC","Flint OpCo, LLC (13)",Consumer Services,Provider of residential HVAC and plumbing services,First lien senior secured loan,8.4,SOFR (Q),4.75,06/2026,08/2030,,14.9,14.9,14.9,(2)(9),35
744,ARCC,2026-06-30,2026-07-29,0001628280-26-050307,Goodlife Fitness Centers Inc. and AP Rainbow Co-Invest L.P.,Goodlife Fitness Centers Inc. and AP Rainbow Co-Invest L.P. (13),Consumer Services,Operator of fitness centers,First lien senior secured revolving loan,,,,04/2026,04/2033,,,,,(2)(6)(11),35
745,ARCC,2026-06-30,2026-07-29,0001628280-26-050307,Goodlife Fitness Centers Inc. and AP Rainbow Co-Invest L.P.,Goodlife Fitness Centers Inc. and AP Rainbow Co-Invest L.P. (13),Consumer Services,Operator of fitness centers,First lien senior secured loan,7.54,CORRA (Q),5.25,04/2026,04/2033,,35.3,36.0,34.9,(2)(6)(9),35
746,ARCC,2026-06-30,2026-07-29,0001628280-26-050307,Goodlife Fitness Centers Inc. and AP Rainbow Co-Invest L.P.,Goodlife Fitness Centers Inc. and AP Rainbow Co-Invest L.P. (13),Consumer Services,Operator of fitness centers,Limited partnership interest,,,,03/2026,,7321000.0,,7.4,7.3,(2)(6),35
747,ARCC,2026-06-30,2026-07-29,0001628280-26-050307,GS SEER Group Borrower LLC and GS SEER Group Holdings LLC,GS SEER Group Borrower LLC and GS SEER Group Holdings LLC (13),Consumer Services,"Provider of commercial and residential HVAC, electrical, and plumbing services",First lien senior secured revolving loan,10.38,SOFR (M),6.75,04/2023,04/2029,,2.4,2.4,2.1,(2)(9)(12),35
748,ARCC,2026-06-30,2026-07-29,0001628280-26-050307,GS SEER Group Borrower LLC and GS SEER Group Holdings LLC,GS SEER Group Borrower LLC and GS SEER Group Holdings LLC (13),Consumer Services,"Provider of commercial and residential HVAC, electrical, and plumbing services",First lien senior secured loan,10.48,SOFR (Q),6.75,04/2023,04/2030,,24.2,24.2,21.8,(2)(9),35
749,ARCC,2026-06-30,2026-07-29,0001628280-26-050307,GS SEER Group Borrower LLC and GS SEER Group Holdings LLC,GS SEER Group Borrower LLC and GS SEER Group Holdings LLC (13),Consumer Services,"Provider of commercial and residential HVAC, electrical, and plumbing services",Class A common units,,,,04/2023,,4424.0,,4.4,0.8,(2),35
750,ARCC,2026-06-30,2026-07-29,0001628280-26-050307,"Helios Service Partners, LLC and Astra Service Partners, LLC","Helios Service Partners, LLC and Astra Service Partners, LLC (13)",Consumer Services,"Critical HVAC, refrigeration, and plumbing services for commercial businesses",First lien senior secured loan,8.23,SOFR (Q),4.5,11/2025,11/2032,,50.9,50.9,50.9,(2)(9),35
751,ARCC,2026-06-30,2026-07-29,0001628280-26-050307,"IFH Franchisee Holdings, LLC","IFH Franchisee Holdings, LLC (13)",Consumer Services,Operator of fitness centers,First lien senior secured revolving loan,7.64,SOFR (Q),4.0,12/2024,12/2029,,4.3,4.3,4.3,(2)(9),35
752,ARCC,2026-06-30,2026-07-29,0001628280-26-050307,"IFH Franchisee Holdings, LLC","IFH Franchisee Holdings, LLC (13)",Consumer Services,Operator of fitness centers,First lien senior secured loan,9.14,SOFR (Q),5.5,12/2024,12/2029,,54.5,54.5,54.5,(2)(9),35
753,ARCC,2026-06-30,2026-07-29,0001628280-26-050307,"Infinity Home Services Holdco, Inc., D'Angelo & Sons Construction Limited and IHS Parent Holdings, L.P.","Infinity Home Services Holdco, Inc., D'Angelo & Sons Construction Limited and IHS Parent Holdings, L.P. (13)",Consumer Services,Provider of residential roofing and exterior repair and replacement services,First lien senior secured revolving loan,,,,12/2022,12/2028,,,,,(2)(6)(11),35
754,ARCC,2026-06-30,2026-07-29,0001628280-26-050307,"Infinity Home Services Holdco, Inc., D'Angelo & Sons Construction Limited and IHS Parent Holdings, L.P.","Infinity Home Services Holdco, Inc., D'Angelo & Sons Construction Limited and IHS Parent Holdings, L.P. (13)",Consumer Services,Provider of residential roofing and exterior repair and replacement services,First lien senior secured revolving loan,,,,11/2023,12/2028,,,,,(2)(6),35
755,ARCC,2026-06-30,2026-07-29,0001628280-26-050307,"Infinity Home Services Holdco, Inc., D'Angelo & Sons Construction Limited and IHS Parent Holdings, L.P.","Infinity Home Services Holdco, Inc., D'Angelo & Sons Construction Limited and IHS Parent Holdings, L.P. (13)",Consumer Services,Provider of residential roofing and exterior repair and replacement services,First lien senior secured loan,9.73,SOFR (Q),6.0,12/2022,12/2028,,3.4,3.4,3.4,(2)(6)(9),35
756,ARCC,2026-06-30,2026-07-29,0001628280-26-050307,"Infinity Home Services Holdco, Inc., D'Angelo & Sons Construction Limited and IHS Parent Holdings, L.P.","Infinity Home Services Holdco, Inc., D'Angelo & Sons Construction Limited and IHS Parent Holdings, L.P. (13)",Consumer Services,Provider of residential roofing and exterior repair and replacement services,First lien senior secured loan,9.73,SOFR (Q),6.0,12/2022,12/2028,,11.0,11.0,11.0,(2)(6)(9),35
757,ARCC,2026-06-30,2026-07-29,0001628280-26-050307,"Infinity Home Services Holdco, Inc., D'Angelo & Sons Construction Limited and IHS Parent Holdings, L.P.","Infinity Home Services Holdco, Inc., D'Angelo & Sons Construction Limited and IHS Parent Holdings, L.P. (13)",Consumer Services,Provider of residential roofing and exterior repair and replacement services,First lien senior secured loan,9.23,SOFR (Q),5.5,10/2024,12/2028,,5.5,5.5,5.5,(2)(6)(9),35
758,ARCC,2026-06-30,2026-07-29,0001628280-26-050307,"Infinity Home Services Holdco, Inc., D'Angelo & Sons Construction Limited and IHS Parent Holdings, L.P.","Infinity Home Services Holdco, Inc., D'Angelo & Sons Construction Limited and IHS Parent Holdings, L.P. (13)",Consumer Services,Provider of residential roofing and exterior repair and replacement services,First lien senior secured loan,9.73,SOFR (Q),6.0,11/2023,12/2028,,6.3,6.3,6.3,(2)(6)(9),35
759,ARCC,2026-06-30,2026-07-29,0001628280-26-050307,"Infinity Home Services Holdco, Inc., D'Angelo & Sons Construction Limited and IHS Parent Holdings, L.P.","Infinity Home Services Holdco, Inc., D'Angelo & Sons Construction Limited and IHS Parent Holdings, L.P. (13)",Consumer Services,Provider of residential roofing and exterior repair and replacement services,First lien senior secured loan,8.29,CORRA (Q),6.0,11/2023,12/2028,,0.9,0.9,1.3,(2)(6)(9),36
760,ARCC,2026-06-30,2026-07-29,0001628280-26-050307,"Infinity Home Services Holdco, Inc., D'Angelo & Sons Construction Limited and IHS Parent Holdings, L.P.","Infinity Home Services Holdco, Inc., D'Angelo & Sons Construction Limited and IHS Parent Holdings, L.P. (13)",Consumer Services,Provider of residential roofing and exterior repair and replacement services,Class A units,,,,12/2022,,9524000.0,,9.5,9.0,(2)(6),36
761,ARCC,2026-06-30,2026-07-29,0001628280-26-050307,"Invited, Inc. and KSL Longdrive Co-Invest, L.P.","Invited, Inc. and KSL Longdrive Co-Invest, L.P. (13)",Consumer Services,A manager of golf & country clubs throughout the United States,First lien senior secured loan,8.98,SOFR (Q),5.25,06/2026,06/2032,,181.3,181.3,179.5,(2)(9),36
762,ARCC,2026-06-30,2026-07-29,0001628280-26-050307,"Invited, Inc. and KSL Longdrive Co-Invest, L.P.","Invited, Inc. and KSL Longdrive Co-Invest, L.P. (13)",Consumer Services,A manager of golf & country clubs throughout the United States,Limited partnership interest,,,,05/2026,,4492000.0,,4.5,4.5,(2),36
763,ARCC,2026-06-30,2026-07-29,0001628280-26-050307,"Leviathan Intermediate Holdco, LLC and Leviathan Holdings, L.P.","Leviathan Intermediate Holdco, LLC and Leviathan Holdings, L.P. (13)",Consumer Services,Franchising platform offering adolescent development programs,First lien senior secured loan,9.73,SOFR (Q),6.0,01/2025,12/2027,,1.4,1.4,1.4,(2)(9),36
764,ARCC,2026-06-30,2026-07-29,0001628280-26-050307,"Leviathan Intermediate Holdco, LLC and Leviathan Holdings, L.P.","Leviathan Intermediate Holdco, LLC and Leviathan Holdings, L.P. (13)",Consumer Services,Franchising platform offering adolescent development programs,First lien senior secured loan,9.73,SOFR (Q),6.0,12/2022,12/2027,,29.8,29.8,29.2,(2)(9),36
765,ARCC,2026-06-30,2026-07-29,0001628280-26-050307,"Leviathan Intermediate Holdco, LLC and Leviathan Holdings, L.P.","Leviathan Intermediate Holdco, LLC and Leviathan Holdings, L.P. (13)",Consumer Services,Franchising platform offering adolescent development programs,Limited partnership interests,,,,12/2022,,2149690.0,,2.1,2.3,,36
766,ARCC,2026-06-30,2026-07-29,0001628280-26-050307,"LHS Borrower, LLC, LH Equity Investors, L.P., Leaf Home, LLC and GC Fund IV Blocker LLC","LHS Borrower, LLC, LH Equity Investors, L.P., Leaf Home, LLC and GC Fund IV Blocker LLC (13)",Consumer Services,A direct-to-consumer home solutions and residential improvements platform,First lien senior secured revolving loan,8.89,SOFR (M),5.25,09/2025,09/2031,,2.7,2.7,2.6,(2)(9)(12),36
767,ARCC,2026-06-30,2026-07-29,0001628280-26-050307,"LHS Borrower, LLC, LH Equity Investors, L.P., Leaf Home, LLC and GC Fund IV Blocker LLC","LHS Borrower, LLC, LH Equity Investors, L.P., Leaf Home, LLC and GC Fund IV Blocker LLC (13)",Consumer Services,A direct-to-consumer home solutions and residential improvements platform,First lien senior secured loan,8.89,SOFR (M),5.25,09/2025,09/2031,,171.4,171.4,166.2,(2)(9),36
768,ARCC,2026-06-30,2026-07-29,0001628280-26-050307,"LHS Borrower, LLC, LH Equity Investors, L.P., Leaf Home, LLC and GC Fund IV Blocker LLC","LHS Borrower, LLC, LH Equity Investors, L.P., Leaf Home, LLC and GC Fund IV Blocker LLC (13)",Consumer Services,A direct-to-consumer home solutions and residential improvements platform,Limited partnership units,,,,09/2025,,64787.0,,67.3,73.0,(2),36
769,ARCC,2026-06-30,2026-07-29,0001628280-26-050307,ME Equity LLC,ME Equity LLC,Consumer Services,Franchisor in the massage industry,Common stock,,,,09/2012,,3000000.0,,3.0,4.1,(2),36
770,ARCC,2026-06-30,2026-07-29,0001628280-26-050307,"Modigent, LLC and OMERS PMC Investment Holdings LLC","Modigent, LLC and OMERS PMC Investment Holdings LLC (13)",Consumer Services,Provider of commercial HVAC services,First lien senior secured loan,8.98,SOFR (Q),5.25,09/2023,08/2028,,6.2,6.2,6.2,(2)(9),36
771,ARCC,2026-06-30,2026-07-29,0001628280-26-050307,"Modigent, LLC and OMERS PMC Investment Holdings LLC","Modigent, LLC and OMERS PMC Investment Holdings LLC (13)",Consumer Services,Provider of commercial HVAC services,First lien senior secured loan,8.98,SOFR (Q),5.25,08/2022,08/2028,,12.2,12.2,12.2,(2)(9),36
772,ARCC,2026-06-30,2026-07-29,0001628280-26-050307,"Modigent, LLC and OMERS PMC Investment Holdings LLC","Modigent, LLC and OMERS PMC Investment Holdings LLC (13)",Consumer Services,Provider of commercial HVAC services,Preferred units,,,,05/2025,,82.0,,1.0,1.0,(2),36
773,ARCC,2026-06-30,2026-07-29,0001628280-26-050307,"Modigent, LLC and OMERS PMC Investment Holdings LLC","Modigent, LLC and OMERS PMC Investment Holdings LLC (13)",Consumer Services,Provider of commercial HVAC services,Class A units,,,,08/2022,,1001.0,,9.7,11.1,(2),36
774,ARCC,2026-06-30,2026-07-29,0001628280-26-050307,"Mustang Prospects Purchaser, LLC, Senske Acquisition, Inc., and Mustang Prospects Holdco, LLC","Mustang Prospects Purchaser, LLC, Senske Acquisition, Inc., and Mustang Prospects Holdco, LLC (13)",Consumer Services,"Provider of lawn care, tree care and pest control services",First lien senior secured revolving loan,,,,06/2024,06/2031,,,,,(2)(11),36
775,ARCC,2026-06-30,2026-07-29,0001628280-26-050307,"Mustang Prospects Purchaser, LLC, Senske Acquisition, Inc., and Mustang Prospects Holdco, LLC","Mustang Prospects Purchaser, LLC, Senske Acquisition, Inc., and Mustang Prospects Holdco, LLC (13)",Consumer Services,"Provider of lawn care, tree care and pest control services",First lien senior secured loan,8.98,SOFR (Q),5.25,03/2026,06/2031,,0.9,0.9,0.9,(2)(9),36
776,ARCC,2026-06-30,2026-07-29,0001628280-26-050307,"Mustang Prospects Purchaser, LLC, Senske Acquisition, Inc., and Mustang Prospects Holdco, LLC","Mustang Prospects Purchaser, LLC, Senske Acquisition, Inc., and Mustang Prospects Holdco, LLC (13)",Consumer Services,"Provider of lawn care, tree care and pest control services",First lien senior secured loan,8.95,SOFR (M),5.25,06/2024,06/2031,,27.8,27.8,27.8,(2)(9),36
777,ARCC,2026-06-30,2026-07-29,0001628280-26-050307,"Mustang Prospects Purchaser, LLC, Senske Acquisition, Inc., and Mustang Prospects Holdco, LLC","Mustang Prospects Purchaser, LLC, Senske Acquisition, Inc., and Mustang Prospects Holdco, LLC (13)",Consumer Services,"Provider of lawn care, tree care and pest control services",First lien senior secured loan,8.98,SOFR (Q),5.25,08/2025,06/2031,,2.0,2.0,2.0,(2)(9),36
778,ARCC,2026-06-30,2026-07-29,0001628280-26-050307,"Mustang Prospects Purchaser, LLC, Senske Acquisition, Inc., and Mustang Prospects Holdco, LLC","Mustang Prospects Purchaser, LLC, Senske Acquisition, Inc., and Mustang Prospects Holdco, LLC (13)",Consumer Services,"Provider of lawn care, tree care and pest control services",Class A preferred units,,,,09/2024,,690.0,,0.7,0.7,,36
779,ARCC,2026-06-30,2026-07-29,0001628280-26-050307,"Mustang Prospects Purchaser, LLC, Senske Acquisition, Inc., and Mustang Prospects Holdco, LLC","Mustang Prospects Purchaser, LLC, Senske Acquisition, Inc., and Mustang Prospects Holdco, LLC (13)",Consumer Services,"Provider of lawn care, tree care and pest control services",Class B common units,,,,09/2024,,690179.0,,0.3,0.3,,36
780,ARCC,2026-06-30,2026-07-29,0001628280-26-050307,"North Haven Fairway Buyer, LLC and Fairway Lawns, LLC","North Haven Fairway Buyer, LLC and Fairway Lawns, LLC (13)",Consumer Services,Provider of lawncare services,First lien senior secured revolving loan,8.7,SOFR (Q),5.0,12/2022,05/2028,,5.7,5.7,5.7,(2)(9),36
781,ARCC,2026-06-30,2026-07-29,0001628280-26-050307,"North Haven Fairway Buyer, LLC and Fairway Lawns, LLC","North Haven Fairway Buyer, LLC and Fairway Lawns, LLC (13)",Consumer Services,Provider of lawncare services,First lien senior secured loan,8.7,SOFR (Q),5.0,12/2022,05/2028,,17.4,17.4,17.4,(2)(9),36
782,ARCC,2026-06-30,2026-07-29,0001628280-26-050307,"North Haven Fairway Buyer, LLC and Fairway Lawns, LLC","North Haven Fairway Buyer, LLC and Fairway Lawns, LLC (13)",Consumer Services,Provider of lawncare services,First lien senior secured loan,8.66,SOFR (Q),5.0,02/2025,05/2028,,10.0,10.0,10.0,(2)(9),36
783,ARCC,2026-06-30,2026-07-29,0001628280-26-050307,"North Haven Fairway Buyer, LLC and Fairway Lawns, LLC","North Haven Fairway Buyer, LLC and Fairway Lawns, LLC (13)",Consumer Services,Provider of lawncare services,First lien senior secured loan,8.66,SOFR (Q),5.0,06/2024,05/2028,,6.6,6.6,6.6,(2)(9),36
784,ARCC,2026-06-30,2026-07-29,0001628280-26-050307,"North Haven Fairway Buyer, LLC and Fairway Lawns, LLC","North Haven Fairway Buyer, LLC and Fairway Lawns, LLC (13)",Consumer Services,Provider of lawncare services,First lien senior secured loan,8.66,SOFR (Q),5.0,03/2026,05/2028,,2.0,2.0,2.0,(2)(9),37
785,ARCC,2026-06-30,2026-07-29,0001628280-26-050307,"Northwinds Holding, Inc. and Northwinds Services Group LLC","Northwinds Holding, Inc. and Northwinds Services Group LLC (13)",Consumer Services,Provider of HVAC and plumbing services,First lien senior secured loan,9.08,SOFR (Q),5.25,08/2024,05/2029,,6.1,6.1,6.1,(2)(9),37
786,ARCC,2026-06-30,2026-07-29,0001628280-26-050307,"Northwinds Holding, Inc. and Northwinds Services Group LLC","Northwinds Holding, Inc. and Northwinds Services Group LLC (13)",Consumer Services,Provider of HVAC and plumbing services,First lien senior secured loan,9.07,SOFR (Q),5.25,05/2023,05/2029,,26.6,26.6,26.6,(2)(9),37
787,ARCC,2026-06-30,2026-07-29,0001628280-26-050307,"Northwinds Holding, Inc. and Northwinds Services Group LLC","Northwinds Holding, Inc. and Northwinds Services Group LLC (13)",Consumer Services,Provider of HVAC and plumbing services,First lien senior secured loan,9.08,SOFR (Q),5.25,06/2025,05/2029,,2.7,2.7,2.7,(2)(9),37
788,ARCC,2026-06-30,2026-07-29,0001628280-26-050307,"Northwinds Holding, Inc. and Northwinds Services Group LLC","Northwinds Holding, Inc. and Northwinds Services Group LLC (13)",Consumer Services,Provider of HVAC and plumbing services,Common units,,,,05/2023,,2911607.0,,4.0,5.0,(2),37
789,ARCC,2026-06-30,2026-07-29,0001628280-26-050307,"OTG Concessions Management, LLC and Octa Parent Holdings, LLC","OTG Concessions Management, LLC and Octa Parent Holdings, LLC",Consumer Services,Airport restaurant operator,Second lien notes,,,,02/2024,02/2031,,9.7,9.7,7.3,(2)(8),37
790,ARCC,2026-06-30,2026-07-29,0001628280-26-050307,"OTG Concessions Management, LLC and Octa Parent Holdings, LLC","OTG Concessions Management, LLC and Octa Parent Holdings, LLC",Consumer Services,Airport restaurant operator,Participation rights,,,,02/2024,02/2054,1.0,,,,(2),37
791,ARCC,2026-06-30,2026-07-29,0001628280-26-050307,"PestCo Holdings, LLC and PestCo, LLC","PestCo Holdings, LLC and PestCo, LLC (13)",Consumer Services,Provider of pest control services to the residential and commercial markets,First lien senior secured revolving loan,10.5,Base Rate (Q),3.75,08/2025,08/2030,,0.5,0.5,0.5,(2)(9),37
792,ARCC,2026-06-30,2026-07-29,0001628280-26-050307,"PestCo Holdings, LLC and PestCo, LLC","PestCo Holdings, LLC and PestCo, LLC (13)",Consumer Services,Provider of pest control services to the residential and commercial markets,First lien senior secured loan,8.41,SOFR (M),4.75,08/2025,08/2030,,16.6,16.5,16.6,(2)(9),37
793,ARCC,2026-06-30,2026-07-29,0001628280-26-050307,"PestCo Holdings, LLC and PestCo, LLC","PestCo Holdings, LLC and PestCo, LLC (13)",Consumer Services,Provider of pest control services to the residential and commercial markets,Class A units,,,,01/2023,,139.0,,1.9,3.1,,37
794,ARCC,2026-06-30,2026-07-29,0001628280-26-050307,"Pinnacle MEP Intermediate Holdco LLC and BPCP Pinnacle Holdings, Inc.","Pinnacle MEP Intermediate Holdco LLC and BPCP Pinnacle Holdings, Inc. (13)",Consumer Services,"Provider of commercial and residential HVAC, electrical & plumbing services",First lien senior secured revolving loan,,SOFR (Q),6.75,10/2024,10/2030,,0.5,0.5,0.4,(2)(9),37
795,ARCC,2026-06-30,2026-07-29,0001628280-26-050307,"Pinnacle MEP Intermediate Holdco LLC and BPCP Pinnacle Holdings, Inc.","Pinnacle MEP Intermediate Holdco LLC and BPCP Pinnacle Holdings, Inc. (13)",Consumer Services,"Provider of commercial and residential HVAC, electrical & plumbing services",First lien senior secured loan,,SOFR (Q),6.75,10/2024,10/2030,,6.6,6.6,6.0,(2)(9),37
796,ARCC,2026-06-30,2026-07-29,0001628280-26-050307,"Pinnacle MEP Intermediate Holdco LLC and BPCP Pinnacle Holdings, Inc.","Pinnacle MEP Intermediate Holdco LLC and BPCP Pinnacle Holdings, Inc. (13)",Consumer Services,"Provider of commercial and residential HVAC, electrical & plumbing services",Preferred units,,,,01/2026,01/2028,84.0,,0.1,0.1,(2),37
797,ARCC,2026-06-30,2026-07-29,0001628280-26-050307,"Pinnacle MEP Intermediate Holdco LLC and BPCP Pinnacle Holdings, Inc.","Pinnacle MEP Intermediate Holdco LLC and BPCP Pinnacle Holdings, Inc. (13)",Consumer Services,"Provider of commercial and residential HVAC, electrical & plumbing services",Common stock,,,,10/2024,,667.0,,0.7,,(2),37
798,ARCC,2026-06-30,2026-07-29,0001628280-26-050307,"Premiere Buyer, LLC","Premiere Buyer, LLC (13)",Consumer Services,Third-party residential property manager for multi-family residential properties in the United States,First lien senior secured loan,8.23,SOFR (Q),4.5,05/2024,05/2031,,5.5,5.5,5.5,(2)(9),37
799,ARCC,2026-06-30,2026-07-29,0001628280-26-050307,"Premiere Buyer, LLC","Premiere Buyer, LLC (13)",Consumer Services,Third-party residential property manager for multi-family residential properties in the United States,First lien senior secured loan,8.23,SOFR (Q),4.5,04/2025,05/2031,,1.0,1.0,1.0,(2)(9),37
800,ARCC,2026-06-30,2026-07-29,0001628280-26-050307,"Pyramid-BMC IntermediateCo I, LLC and Pyramid Investors, LLC","Pyramid-BMC IntermediateCo I, LLC and Pyramid Investors, LLC (13)",Consumer Services,Hotel operator,First lien senior secured loan,8.92,SOFR (Q),5.25,10/2024,01/2028,,2.6,2.6,2.6,(2)(9),37
801,ARCC,2026-06-30,2026-07-29,0001628280-26-050307,"Pyramid-BMC IntermediateCo I, LLC and Pyramid Investors, LLC","Pyramid-BMC IntermediateCo I, LLC and Pyramid Investors, LLC (13)",Consumer Services,Hotel operator,First lien senior secured loan,8.92,SOFR (Q),5.25,01/2023,01/2028,,7.3,7.3,7.3,(2)(9),37
802,ARCC,2026-06-30,2026-07-29,0001628280-26-050307,"Pyramid-BMC IntermediateCo I, LLC and Pyramid Investors, LLC","Pyramid-BMC IntermediateCo I, LLC and Pyramid Investors, LLC (13)",Consumer Services,Hotel operator,Preferred membership units,,,,07/2016,,996833.0,,1.3,3.5,,37
803,ARCC,2026-06-30,2026-07-29,0001628280-26-050307,"Quick Quack Car Wash Holdings, LLC and KKR Game Changer Co-Invest Feeder II L.P.","Quick Quack Car Wash Holdings, LLC and KKR Game Changer Co-Invest Feeder II L.P. (13)",Consumer Services,Car wash operator,First lien senior secured loan,8.64,SOFR (M),5.0,05/2024,06/2031,,5.6,5.6,5.6,(2)(9),37
804,ARCC,2026-06-30,2026-07-29,0001628280-26-050307,"Quick Quack Car Wash Holdings, LLC and KKR Game Changer Co-Invest Feeder II L.P.","Quick Quack Car Wash Holdings, LLC and KKR Game Changer Co-Invest Feeder II L.P. (13)",Consumer Services,Car wash operator,First lien senior secured loan,8.64,SOFR (M),5.0,06/2025,06/2031,,10.9,10.9,10.9,(2)(9),37
805,ARCC,2026-06-30,2026-07-29,0001628280-26-050307,"Quick Quack Car Wash Holdings, LLC and KKR Game Changer Co-Invest Feeder II L.P.","Quick Quack Car Wash Holdings, LLC and KKR Game Changer Co-Invest Feeder II L.P. (13)",Consumer Services,Car wash operator,Limited partnership interest,,,,06/2024,,11184000.0,,11.2,11.2,(2),37
806,ARCC,2026-06-30,2026-07-29,0001628280-26-050307,"Radiant Intermediate Holding, LLC","Radiant Intermediate Holding, LLC",Consumer Services,"Provider of HVAC, plumbing and electrical services",First lien senior secured loan,9.52,SOFR (Q),5.75,04/2023,11/2026,,2.1,2.1,2.1,(2)(9),37
807,ARCC,2026-06-30,2026-07-29,0001628280-26-050307,Redwood Services LP,Redwood Services LP (13),Consumer Services,Provider of residential HVAC and plumbing services,First lien senior secured revolving loan,,,,06/2025,06/2032,,,,,(2)(11),38
808,ARCC,2026-06-30,2026-07-29,0001628280-26-050307,Redwood Services LP,Redwood Services LP (13),Consumer Services,Provider of residential HVAC and plumbing services,First lien senior secured loan,7.98,SOFR (Q),4.25,06/2025,06/2032,,6.6,6.6,6.6,(2)(9),38
809,ARCC,2026-06-30,2026-07-29,0001628280-26-050307,"Saber Parent Holdings Corp. and MSHC, Inc.","Saber Parent Holdings Corp. and MSHC, Inc. (13)",Consumer Services,"Provider of aftermarket maintenance, repair, and replacement services for commercial HVAC equipments",First lien senior secured revolving loan,10.25,Base Rate (Q),3.5,12/2025,12/2032,,1.8,1.8,1.8,(2),38
810,ARCC,2026-06-30,2026-07-29,0001628280-26-050307,"Saber Parent Holdings Corp. and MSHC, Inc.","Saber Parent Holdings Corp. and MSHC, Inc. (13)",Consumer Services,"Provider of aftermarket maintenance, repair, and replacement services for commercial HVAC equipments",First lien senior secured loan,,SOFR (M),4.75,12/2025,12/2032,,1.2,1.2,1.1,(2),38
811,ARCC,2026-06-30,2026-07-29,0001628280-26-050307,"Saber Parent Holdings Corp. and MSHC, Inc.","Saber Parent Holdings Corp. and MSHC, Inc. (13)",Consumer Services,"Provider of aftermarket maintenance, repair, and replacement services for commercial HVAC equipments",First lien senior secured loan,,SOFR (Q),4.75,12/2025,12/2032,,23.1,23.1,22.8,(2),38
812,ARCC,2026-06-30,2026-07-29,0001628280-26-050307,"Safe Home Security, Inc., Security Systems Inc., Safe Home Monitoring, Inc., National Protective Services, Inc., Bright Integrations LLC and Medguard Alert, Inc.","Safe Home Security, Inc., Security Systems Inc., Safe Home Monitoring, Inc., National Protective Services, Inc., Bright Integrations LLC and Medguard Alert, Inc.",Consumer Services,Provider of safety systems for business and residential customers,First lien senior secured loan,,SOFR (M),6.0,08/2020,12/2026,,25.0,25.0,24.5,(2)(9),38
813,ARCC,2026-06-30,2026-07-29,0001628280-26-050307,"SGP Shaka HoldCo, LLC and SGP Shaka JV, LLC","SGP Shaka HoldCo, LLC and SGP Shaka JV, LLC (13)",Consumer Services,Surf park operator,First lien senior secured loan,9.98,SOFR (Q),6.25,01/2026,01/2031,,5.8,5.8,5.8,(2)(9),38
814,ARCC,2026-06-30,2026-07-29,0001628280-26-050307,"SGP Shaka HoldCo, LLC and SGP Shaka JV, LLC","SGP Shaka HoldCo, LLC and SGP Shaka JV, LLC (13)",Consumer Services,Surf park operator,Series A preferred units,,,,01/2026,,7308.0,,7.7,7.7,,38
815,ARCC,2026-06-30,2026-07-29,0001628280-26-050307,"SGP Shaka HoldCo, LLC and SGP Shaka JV, LLC","SGP Shaka HoldCo, LLC and SGP Shaka JV, LLC (13)",Consumer Services,Surf park operator,Warrant to purchase common units,,,,01/2026,01/2036,913500.0,,,,,38
816,ARCC,2026-06-30,2026-07-29,0001628280-26-050307,"Taymax Group, L.P., Taymax Group G.P., LLC, PF Salem Canada ULC and TCP Fit Parent, L.P.","Taymax Group, L.P., Taymax Group G.P., LLC, PF Salem Canada ULC and TCP Fit Parent, L.P. (13)",Consumer Services,Planet Fitness franchisee,First lien senior secured loan,9.08,SOFR (M),5.33,03/2020,08/2027,,1.3,1.3,1.3,(2)(9),38
817,ARCC,2026-06-30,2026-07-29,0001628280-26-050307,"Taymax Group, L.P., Taymax Group G.P., LLC, PF Salem Canada ULC and TCP Fit Parent, L.P.","Taymax Group, L.P., Taymax Group G.P., LLC, PF Salem Canada ULC and TCP Fit Parent, L.P. (13)",Consumer Services,Planet Fitness franchisee,First lien senior secured loan,8.49,SOFR (M),4.75,11/2025,07/2027,,6.3,6.3,6.3,(2)(9),38
818,ARCC,2026-06-30,2026-07-29,0001628280-26-050307,"Taymax Group, L.P., Taymax Group G.P., LLC, PF Salem Canada ULC and TCP Fit Parent, L.P.","Taymax Group, L.P., Taymax Group G.P., LLC, PF Salem Canada ULC and TCP Fit Parent, L.P. (13)",Consumer Services,Planet Fitness franchisee,First lien senior secured loan,9.24,SOFR (M),5.5,01/2024,08/2027,,0.4,0.4,0.4,(2)(9),38
819,ARCC,2026-06-30,2026-07-29,0001628280-26-050307,"Taymax Group, L.P., Taymax Group G.P., LLC, PF Salem Canada ULC and TCP Fit Parent, L.P.","Taymax Group, L.P., Taymax Group G.P., LLC, PF Salem Canada ULC and TCP Fit Parent, L.P. (13)",Consumer Services,Planet Fitness franchisee,Class A units,,,,07/2018,,37020.0,,3.8,8.1,,38
820,ARCC,2026-06-30,2026-07-29,0001628280-26-050307,"The Arcticom Group, LLC and AMCP Mechanical Holdings, LP","The Arcticom Group, LLC and AMCP Mechanical Holdings, LP (13)",Consumer Services,"Refrigeration, heating, ventilation and air conditioning services provider",First lien senior secured revolving loan,,SOFR (M),8.0,12/2021,12/2027,,12.9,12.9,12.9,(2)(9),38
821,ARCC,2026-06-30,2026-07-29,0001628280-26-050307,"The Arcticom Group, LLC and AMCP Mechanical Holdings, LP","The Arcticom Group, LLC and AMCP Mechanical Holdings, LP (13)",Consumer Services,"Refrigeration, heating, ventilation and air conditioning services provider",First lien senior secured loan,,SOFR (M),8.0,12/2021,12/2027,,0.2,0.2,0.2,(2)(9),38
822,ARCC,2026-06-30,2026-07-29,0001628280-26-050307,"The Arcticom Group, LLC and AMCP Mechanical Holdings, LP","The Arcticom Group, LLC and AMCP Mechanical Holdings, LP (13)",Consumer Services,"Refrigeration, heating, ventilation and air conditioning services provider",First lien senior secured loan,,SOFR (M),8.0,08/2024,12/2027,,11.3,11.3,11.3,(2)(9),38
823,ARCC,2026-06-30,2026-07-29,0001628280-26-050307,"The Arcticom Group, LLC and AMCP Mechanical Holdings, LP","The Arcticom Group, LLC and AMCP Mechanical Holdings, LP (13)",Consumer Services,"Refrigeration, heating, ventilation and air conditioning services provider",First lien senior secured loan,,SOFR (M),8.0,04/2023,12/2027,,1.7,1.7,1.7,(2)(9),38
824,ARCC,2026-06-30,2026-07-29,0001628280-26-050307,"The Arcticom Group, LLC and AMCP Mechanical Holdings, LP","The Arcticom Group, LLC and AMCP Mechanical Holdings, LP (13)",Consumer Services,"Refrigeration, heating, ventilation and air conditioning services provider",First lien senior secured loan,,SOFR (M),8.0,10/2023,12/2027,,5.6,5.6,5.6,(2)(9),38
825,ARCC,2026-06-30,2026-07-29,0001628280-26-050307,"The Arcticom Group, LLC and AMCP Mechanical Holdings, LP","The Arcticom Group, LLC and AMCP Mechanical Holdings, LP (13)",Consumer Services,"Refrigeration, heating, ventilation and air conditioning services provider",First lien senior secured loan,,SOFR (M),8.0,08/2022,12/2027,,0.2,0.2,0.2,(2)(9),38
826,ARCC,2026-06-30,2026-07-29,0001628280-26-050307,"The Arcticom Group, LLC and AMCP Mechanical Holdings, LP","The Arcticom Group, LLC and AMCP Mechanical Holdings, LP (13)",Consumer Services,"Refrigeration, heating, ventilation and air conditioning services provider",Preferred units,,,,01/2026,,544260.0,,0.5,0.6,,38
827,ARCC,2026-06-30,2026-07-29,0001628280-26-050307,"The Arcticom Group, LLC and AMCP Mechanical Holdings, LP","The Arcticom Group, LLC and AMCP Mechanical Holdings, LP (13)",Consumer Services,"Refrigeration, heating, ventilation and air conditioning services provider",Class A units,,,,12/2021,,8493698.0,,8.5,9.7,,38
828,ARCC,2026-06-30,2026-07-29,0001628280-26-050307,"The Arcticom Group, LLC and AMCP Mechanical Holdings, LP","The Arcticom Group, LLC and AMCP Mechanical Holdings, LP (13)",Consumer Services,"Refrigeration, heating, ventilation and air conditioning services provider",Class C units,,,,03/2023,,333510.0,,,,,38
829,ARCC,2026-06-30,2026-07-29,0001628280-26-050307,"TopGolf International, LLC and TopGolf Topco, LLC","TopGolf International, LLC and TopGolf Topco, LLC (13)",Consumer Services,Golf focused entertainment complex,First lien senior secured revolving loan,,,,01/2026,01/2031,,,,,(2)(11),39
830,ARCC,2026-06-30,2026-07-29,0001628280-26-050307,"TopGolf International, LLC and TopGolf Topco, LLC","TopGolf International, LLC and TopGolf Topco, LLC (13)",Consumer Services,Golf focused entertainment complex,First lien senior secured loan,8.18,SOFR (Q),4.5,01/2026,01/2033,,57.7,57.7,57.1,(2)(9),39
831,ARCC,2026-06-30,2026-07-29,0001628280-26-050307,"TopGolf International, LLC and TopGolf Topco, LLC","TopGolf International, LLC and TopGolf Topco, LLC (13)",Consumer Services,Golf focused entertainment complex,Common units,,,,01/2026,,184355.0,,18.4,18.4,,39
832,ARCC,2026-06-30,2026-07-29,0001628280-26-050307,"Triple JJJ Lube, Corp. and TCC Buyer Holdco, LLC","Triple JJJ Lube, Corp. and TCC Buyer Holdco, LLC (5)(13)",Consumer Services,Automotive repair services retailer,First lien senior secured loan,9.67,SOFR (Q),6.0,01/2026,01/2032,,34.3,34.3,34.3,(2)(9),39
833,ARCC,2026-06-30,2026-07-29,0001628280-26-050307,"Triple JJJ Lube, Corp. and TCC Buyer Holdco, LLC","Triple JJJ Lube, Corp. and TCC Buyer Holdco, LLC (5)(13)",Consumer Services,Automotive repair services retailer,Class A preferred units,,,,01/2026,,32086.0,,32.1,43.2,(2),39
834,ARCC,2026-06-30,2026-07-29,0001628280-26-050307,"Triwizard Holdings, Inc. and Triwizard Parent, LP","Triwizard Holdings, Inc. and Triwizard Parent, LP (13)",Consumer Services,Parking management and hospitality services provider,First lien senior secured revolving loan,8.65,SOFR (Q),5.0,06/2023,06/2029,,4.0,4.0,4.0,(2)(9)(12),39
835,ARCC,2026-06-30,2026-07-29,0001628280-26-050307,"Triwizard Holdings, Inc. and Triwizard Parent, LP","Triwizard Holdings, Inc. and Triwizard Parent, LP (13)",Consumer Services,Parking management and hospitality services provider,First lien senior secured revolving loan,10.75,Base Rate (Q),4.0,06/2023,06/2029,,4.0,4.0,4.0,(2)(9),39
836,ARCC,2026-06-30,2026-07-29,0001628280-26-050307,"Triwizard Holdings, Inc. and Triwizard Parent, LP","Triwizard Holdings, Inc. and Triwizard Parent, LP (13)",Consumer Services,Parking management and hospitality services provider,First lien senior secured loan,8.71,SOFR (Q),5.0,06/2023,06/2029,,15.3,15.3,15.3,(2)(9),39
837,ARCC,2026-06-30,2026-07-29,0001628280-26-050307,"Triwizard Holdings, Inc. and Triwizard Parent, LP","Triwizard Holdings, Inc. and Triwizard Parent, LP (13)",Consumer Services,Parking management and hospitality services provider,First lien senior secured loan,8.69,SOFR (Q),5.0,06/2026,06/2029,,2.8,2.8,2.8,(2)(9),39
838,ARCC,2026-06-30,2026-07-29,0001628280-26-050307,"Triwizard Holdings, Inc. and Triwizard Parent, LP","Triwizard Holdings, Inc. and Triwizard Parent, LP (13)",Consumer Services,Parking management and hospitality services provider,Class A-2 common units,,,,06/2023,,30000.0,,3.0,5.6,(2),39
839,ARCC,2026-06-30,2026-07-29,0001628280-26-050307,"TSWT Acquisition, Inc. and TSWT Holdings, LLC","TSWT Acquisition, Inc. and TSWT Holdings, LLC (13)",Consumer Services,"Provider of residential home services specializing in HVAC, electrical and plumbing services",First lien senior secured revolving loan,10.75,Base Rate (Q),4.0,11/2025,11/2031,,0.7,0.7,0.7,(2)(9),39
840,ARCC,2026-06-30,2026-07-29,0001628280-26-050307,"TSWT Acquisition, Inc. and TSWT Holdings, LLC","TSWT Acquisition, Inc. and TSWT Holdings, LLC (13)",Consumer Services,"Provider of residential home services specializing in HVAC, electrical and plumbing services",First lien senior secured revolving loan,8.64,SOFR (M),5.0,11/2025,11/2031,,0.7,0.7,0.7,(2)(9),39
841,ARCC,2026-06-30,2026-07-29,0001628280-26-050307,"TSWT Acquisition, Inc. and TSWT Holdings, LLC","TSWT Acquisition, Inc. and TSWT Holdings, LLC (13)",Consumer Services,"Provider of residential home services specializing in HVAC, electrical and plumbing services",First lien senior secured loan,8.67,SOFR (M),5.0,11/2025,11/2031,,19.7,19.7,19.7,(2)(9),39
842,ARCC,2026-06-30,2026-07-29,0001628280-26-050307,"TSWT Acquisition, Inc. and TSWT Holdings, LLC","TSWT Acquisition, Inc. and TSWT Holdings, LLC (13)",Consumer Services,"Provider of residential home services specializing in HVAC, electrical and plumbing services",Class A units,,,,11/2025,,42.0,,0.9,1.1,(2),39
843,ARCC,2026-06-30,2026-07-29,0001628280-26-050307,"Vertex Service Partners, LLC and Vertex Service Partners Holdings, LLC","Vertex Service Partners, LLC and Vertex Service Partners Holdings, LLC (13)",Consumer Services,Provider of residential roofing repair & replacement,First lien senior secured revolving loan,9.74,SOFR (Q),6.0,11/2023,11/2030,,1.2,1.2,1.0,(2)(9),39
844,ARCC,2026-06-30,2026-07-29,0001628280-26-050307,"Vertex Service Partners, LLC and Vertex Service Partners Holdings, LLC","Vertex Service Partners, LLC and Vertex Service Partners Holdings, LLC (13)",Consumer Services,Provider of residential roofing repair & replacement,First lien senior secured loan,,SOFR (Q),6.0,10/2024,11/2030,,3.0,3.0,2.6,(2)(9),39
845,ARCC,2026-06-30,2026-07-29,0001628280-26-050307,"Vertex Service Partners, LLC and Vertex Service Partners Holdings, LLC","Vertex Service Partners, LLC and Vertex Service Partners Holdings, LLC (13)",Consumer Services,Provider of residential roofing repair & replacement,First lien senior secured loan,,SOFR (Q),6.0,11/2023,11/2030,,15.5,15.5,13.3,(2)(9),39
846,ARCC,2026-06-30,2026-07-29,0001628280-26-050307,"Vertex Service Partners, LLC and Vertex Service Partners Holdings, LLC","Vertex Service Partners, LLC and Vertex Service Partners Holdings, LLC (13)",Consumer Services,Provider of residential roofing repair & replacement,Class B common units,,,,11/2023,,212.0,,0.2,0.2,,39
847,ARCC,2026-06-30,2026-07-29,0001628280-26-050307,"Vista Higher Learning, LLC","Vista Higher Learning, LLC",Consumer Services,Developer of print and digital language learning solutions for K–12 and higher education institutions,First lien senior secured loan,8.42,SOFR (Q),4.75,09/2025,09/2031,,32.8,32.8,32.1,(2)(9),39
848,ARCC,2026-06-30,2026-07-29,0001628280-26-050307,"YE Brands Holdings, LLC","YE Brands Holdings, LLC (13)",Consumer Services,Sports camp operator,First lien senior secured loan,8.48,SOFR (Q),4.75,10/2021,10/2027,,0.1,0.1,0.1,(2)(9),39
849,ARCC,2026-06-30,2026-07-29,0001628280-26-050307,"YE Brands Holdings, LLC","YE Brands Holdings, LLC (13)",Consumer Services,Sports camp operator,First lien senior secured loan,8.48,SOFR (Q),4.75,09/2023,10/2027,,3.6,3.6,3.6,(2)(9),39
850,ARCC,2026-06-30,2026-07-29,0001628280-26-050307,"ZBS Mechanical Group Co-Invest Fund 2, LLC and ZBS Mechanical Group Co-Invest II Fund 2, LLC","ZBS Mechanical Group Co-Invest Fund 2, LLC and ZBS Mechanical Group Co-Invest II Fund 2, LLC",Consumer Services,Provider of residential HVAC and plumbing services,Membership interest,,,,10/2021,,2771000.0,,1.4,8.0,,39
851,ARCC,2026-06-30,2026-07-29,0001628280-26-050307,"ZBS Mechanical Group Co-Invest Fund 2, LLC and ZBS Mechanical Group Co-Invest II Fund 2, LLC","ZBS Mechanical Group Co-Invest Fund 2, LLC and ZBS Mechanical Group Co-Invest II Fund 2, LLC",Consumer Services,Provider of residential HVAC and plumbing services,Membership interest,,,,02/2025,,264161.0,,0.3,1.5,,40
852,ARCC,2026-06-30,2026-07-29,0001628280-26-050307,15484880 Canada Inc. and 15484910 Canada Inc.,15484880 Canada Inc. and 15484910 Canada Inc. (13),Insurance,Independent insurance broker,First lien senior secured revolving loan,7.83,CORRA (M),5.25,04/2025,04/2031,,0.3,0.3,0.3,(2)(6)(9),40
853,ARCC,2026-06-30,2026-07-29,0001628280-26-050307,15484880 Canada Inc. and 15484910 Canada Inc.,15484880 Canada Inc. and 15484910 Canada Inc. (13),Insurance,Independent insurance broker,First lien senior secured loan,7.83,CORRA (M),5.25,03/2026,04/2031,,3.8,4.0,3.8,(2)(6)(9),40
854,ARCC,2026-06-30,2026-07-29,0001628280-26-050307,15484880 Canada Inc. and 15484910 Canada Inc.,15484880 Canada Inc. and 15484910 Canada Inc. (13),Insurance,Independent insurance broker,First lien senior secured loan,7.83,CORRA (M),5.25,04/2025,04/2031,,33.4,33.4,33.4,(2)(6)(9),40
855,ARCC,2026-06-30,2026-07-29,0001628280-26-050307,15484880 Canada Inc. and 15484910 Canada Inc.,15484880 Canada Inc. and 15484910 Canada Inc. (13),Insurance,Independent insurance broker,First lien senior secured loan,7.72,Euribor (M),5.25,03/2026,04/2031,,7.6,7.8,7.6,(2)(6)(9),40
856,ARCC,2026-06-30,2026-07-29,0001628280-26-050307,15484880 Canada Inc. and 15484910 Canada Inc.,15484880 Canada Inc. and 15484910 Canada Inc. (13),Insurance,Independent insurance broker,Senior subordinated loan,,,,04/2025,04/2035,,15.2,15.2,15.2,(2)(6),40
857,ARCC,2026-06-30,2026-07-29,0001628280-26-050307,15484880 Canada Inc. and 15484910 Canada Inc.,15484880 Canada Inc. and 15484910 Canada Inc. (13),Insurance,Independent insurance broker,Class A2 shares,,,,04/2025,,19825189.0,,13.8,14.8,(2)(6),40
858,ARCC,2026-06-30,2026-07-29,0001628280-26-050307,"AQ Sunshine, Inc. and BayPine Regal Co-Invest, LP","AQ Sunshine, Inc. and BayPine Regal Co-Invest, LP (13)",Insurance,Specialized insurance broker,First lien senior secured loan,8.66,SOFR (Q),5.0,06/2026,07/2033,,140.3,140.3,138.9,(2)(9),40
859,ARCC,2026-06-30,2026-07-29,0001628280-26-050307,"AQ Sunshine, Inc. and BayPine Regal Co-Invest, LP","AQ Sunshine, Inc. and BayPine Regal Co-Invest, LP (13)",Insurance,Specialized insurance broker,Limited partnership interests,,,,05/2026,,5000000.0,,5.0,5.0,(2),40
860,ARCC,2026-06-30,2026-07-29,0001628280-26-050307,"Ardonagh Midco 3 Limited, Ardonagh Group Finco Pty Limited, Ardonagh Finco LLC, Ardonagh Finco B.V., and MDCP Co-Investors (Jade I), L.P.","Ardonagh Midco 3 Limited, Ardonagh Group Finco Pty Limited, Ardonagh Finco LLC, Ardonagh Finco B.V., and MDCP Co-Investors (Jade I), L.P.",Insurance,Insurance broker and underwriting servicer,Limited partnership interest,,,,06/2025,,17510000.0,,24.1,23.2,(2)(6),40
861,ARCC,2026-06-30,2026-07-29,0001628280-26-050307,"Bellwether Buyer, L.L.C. and Bellwether Topco V Buyer, Inc.","Bellwether Buyer, L.L.C. and Bellwether Topco V Buyer, Inc. (13)",Insurance,Insurance program administrator,First lien senior secured loan,8.15,SOFR (M),4.5,04/2025,04/2032,,1.1,1.1,1.1,(2)(9),40
862,ARCC,2026-06-30,2026-07-29,0001628280-26-050307,"Benecon Midco II LLC and Benecon Holdings, LLC","Benecon Midco II LLC and Benecon Holdings, LLC (13)",Insurance,Employee benefits provider for small and mid-size employers,First lien senior secured loan,8.24,SOFR (Q),4.5,01/2024,01/2031,,17.9,17.9,17.9,(2)(9),40
863,ARCC,2026-06-30,2026-07-29,0001628280-26-050307,"Benecon Midco II LLC and Benecon Holdings, LLC","Benecon Midco II LLC and Benecon Holdings, LLC (13)",Insurance,Employee benefits provider for small and mid-size employers,Class A units,,,,01/2024,,7796550.0,,27.1,35.7,,40
864,ARCC,2026-06-30,2026-07-29,0001628280-26-050307,"Daylight Beta Parent LLC and CFCo, LLC","Daylight Beta Parent LLC and CFCo, LLC (4)",Insurance,Health insurance sales platform provider,First lien senior secured loan,,,,09/2023,09/2033,,15.4,12.0,0.6,(2)(8),40
865,ARCC,2026-06-30,2026-07-29,0001628280-26-050307,"Daylight Beta Parent LLC and CFCo, LLC","Daylight Beta Parent LLC and CFCo, LLC (4)",Insurance,Health insurance sales platform provider,First lien senior secured loan,,,,09/2023,09/2038,,20.8,0.5,,(2),40
866,ARCC,2026-06-30,2026-07-29,0001628280-26-050307,"Daylight Beta Parent LLC and CFCo, LLC","Daylight Beta Parent LLC and CFCo, LLC (4)",Insurance,Health insurance sales platform provider,Class B units,,,,09/2023,,32391330.0,,,,(2),40
867,ARCC,2026-06-30,2026-07-29,0001628280-26-050307,Diamond Mezzanine 24 LLC,Diamond Mezzanine 24 LLC,Insurance,Property and casualty insurance underwriting and distribution platform,First lien senior secured revolving loan,8.16,SOFR (Q),4.5,10/2024,10/2030,,1.0,1.0,1.0,(2)(9),40
868,ARCC,2026-06-30,2026-07-29,0001628280-26-050307,Diamond Mezzanine 24 LLC,Diamond Mezzanine 24 LLC,Insurance,Property and casualty insurance underwriting and distribution platform,First lien senior secured loan,8.16,SOFR (Q),4.5,10/2024,10/2030,,5.5,5.5,5.5,(2)(9),40
869,ARCC,2026-06-30,2026-07-29,0001628280-26-050307,"DOXA Insurance Holdings LLC and Rocket Co-Invest, SLP","DOXA Insurance Holdings LLC and Rocket Co-Invest, SLP (13)(14)",Insurance,Managing general agent insurance distribution platform,First lien senior secured revolving loan,8.23,SOFR (Q),4.5,12/2023,12/2029,,0.5,0.5,0.5,(2)(9)(12),40
870,ARCC,2026-06-30,2026-07-29,0001628280-26-050307,"DOXA Insurance Holdings LLC and Rocket Co-Invest, SLP","DOXA Insurance Holdings LLC and Rocket Co-Invest, SLP (13)(14)",Insurance,Managing general agent insurance distribution platform,First lien senior secured loan,8.23,SOFR (Q),4.5,12/2023,12/2030,,8.8,8.8,8.7,(2)(9),40
871,ARCC,2026-06-30,2026-07-29,0001628280-26-050307,"DOXA Insurance Holdings LLC and Rocket Co-Invest, SLP","DOXA Insurance Holdings LLC and Rocket Co-Invest, SLP (13)(14)",Insurance,Managing general agent insurance distribution platform,Limited partnership interest,,,,03/2024,,1348309.0,,1.3,1.9,(2)(6),40
872,ARCC,2026-06-30,2026-07-29,0001628280-26-050307,"Forza Insurance Holdings, LLC","Forza Insurance Holdings, LLC",Insurance,Operator of insurance brands and platforms,First lien senior secured loan,9.48,SOFR (Q),5.75,02/2025,02/2030,,38.5,38.5,38.5,(2)(9),41
873,ARCC,2026-06-30,2026-07-29,0001628280-26-050307,"Foundation Risk Partners, Corp.","Foundation Risk Partners, Corp. (13)",Insurance,Full service independent insurance agency,First lien senior secured revolving loan,8.48,SOFR (Q),4.75,10/2021,10/2029,,9.6,9.6,9.6,(2)(9),41
874,ARCC,2026-06-30,2026-07-29,0001628280-26-050307,"Foundation Risk Partners, Corp.","Foundation Risk Partners, Corp. (13)",Insurance,Full service independent insurance agency,First lien senior secured loan,8.48,SOFR (Q),4.75,04/2022,10/2030,,9.2,9.2,9.2,(2)(9),41
875,ARCC,2026-06-30,2026-07-29,0001628280-26-050307,"Foundation Risk Partners, Corp.","Foundation Risk Partners, Corp. (13)",Insurance,Full service independent insurance agency,First lien senior secured loan,8.48,SOFR (Q),4.75,05/2024,10/2030,,16.2,16.2,16.2,(2)(9),41
876,ARCC,2026-06-30,2026-07-29,0001628280-26-050307,"Foundation Risk Partners, Corp.","Foundation Risk Partners, Corp. (13)",Insurance,Full service independent insurance agency,First lien senior secured loan,8.48,SOFR (Q),4.75,10/2021,10/2030,,66.3,66.3,66.3,(2)(9),41
877,ARCC,2026-06-30,2026-07-29,0001628280-26-050307,Galway Borrower LLC,Galway Borrower LLC (13),Insurance,Insurance service provider,First lien senior secured revolving loan,8.24,SOFR (Q),4.5,09/2021,09/2028,,4.7,4.7,4.6,(2)(9)(12),41
878,ARCC,2026-06-30,2026-07-29,0001628280-26-050307,Galway Borrower LLC,Galway Borrower LLC (13),Insurance,Insurance service provider,First lien senior secured loan,8.23,SOFR (Q),4.5,09/2021,09/2028,,45.3,45.3,44.9,(2)(9),41
879,ARCC,2026-06-30,2026-07-29,0001628280-26-050307,Galway Borrower LLC,Galway Borrower LLC (13),Insurance,Insurance service provider,First lien senior secured loan,8.23,SOFR (Q),4.5,01/2026,09/2028,,1.3,1.3,1.2,(2)(9),41
880,ARCC,2026-06-30,2026-07-29,0001628280-26-050307,Gestion ABS Bidco Inc. / ABS Bidco Holdings Inc.,Gestion ABS Bidco Inc. / ABS Bidco Holdings Inc. (13),Insurance,Insurance broker,First lien senior secured loan,7.27,CORRA (Q),5.0,03/2024,03/2031,,10.4,10.8,10.4,(2)(6)(9),41
881,ARCC,2026-06-30,2026-07-29,0001628280-26-050307,Gestion ABS Bidco Inc. / ABS Bidco Holdings Inc.,Gestion ABS Bidco Inc. / ABS Bidco Holdings Inc. (13),Insurance,Insurance broker,First lien senior secured loan,7.28,CDOR (Q),5.0,03/2024,03/2031,,0.5,0.5,0.5,(2)(6)(9),41
882,ARCC,2026-06-30,2026-07-29,0001628280-26-050307,"Higginbotham Insurance Agency, Inc., HIG Operations Holdings, Inc., and HIG Intermediate, Inc.","Higginbotham Insurance Agency, Inc., HIG Operations Holdings, Inc., and HIG Intermediate, Inc. (13)",Insurance,Independent retail insurance broker,First lien senior secured loan,8.14,SOFR (M),4.5,12/2025,06/2031,,10.2,10.2,10.2,(2)(9),41
883,ARCC,2026-06-30,2026-07-29,0001628280-26-050307,"Higginbotham Insurance Agency, Inc., HIG Operations Holdings, Inc., and HIG Intermediate, Inc.","Higginbotham Insurance Agency, Inc., HIG Operations Holdings, Inc., and HIG Intermediate, Inc. (13)",Insurance,Independent retail insurance broker,First lien senior secured loan,8.14,SOFR (M),4.5,08/2023,06/2031,,5.2,5.2,5.2,(2)(9),41
884,ARCC,2026-06-30,2026-07-29,0001628280-26-050307,"Higginbotham Insurance Agency, Inc., HIG Operations Holdings, Inc., and HIG Intermediate, Inc.","Higginbotham Insurance Agency, Inc., HIG Operations Holdings, Inc., and HIG Intermediate, Inc. (13)",Insurance,Independent retail insurance broker,First lien senior secured loan,8.14,SOFR (M),4.5,03/2024,06/2031,,1.4,1.4,1.4,(2)(9),41
885,ARCC,2026-06-30,2026-07-29,0001628280-26-050307,"Higginbotham Insurance Agency, Inc., HIG Operations Holdings, Inc., and HIG Intermediate, Inc.","Higginbotham Insurance Agency, Inc., HIG Operations Holdings, Inc., and HIG Intermediate, Inc. (13)",Insurance,Independent retail insurance broker,Series A preferred shares,10.5,,,12/2024,,1000.0,,1.0,1.0,(2),41
886,ARCC,2026-06-30,2026-07-29,0001628280-26-050307,"High Street Buyer, Inc. and High Street Holdco LLC","High Street Buyer, Inc. and High Street Holdco LLC (13)(14)",Insurance,Insurance brokerage platform,First lien senior secured loan,7.98,SOFR (Q),4.25,04/2021,04/2028,,22.0,22.0,22.0,(2)(9),41
887,ARCC,2026-06-30,2026-07-29,0001628280-26-050307,"High Street Buyer, Inc. and High Street Holdco LLC","High Street Buyer, Inc. and High Street Holdco LLC (13)(14)",Insurance,Insurance brokerage platform,First lien senior secured loan,7.98,SOFR (Q),4.25,03/2024,04/2028,,4.0,4.0,4.0,(2)(9),41
888,ARCC,2026-06-30,2026-07-29,0001628280-26-050307,"High Street Buyer, Inc. and High Street Holdco LLC","High Street Buyer, Inc. and High Street Holdco LLC (13)(14)",Insurance,Insurance brokerage platform,First lien senior secured loan,7.98,SOFR (Q),4.25,08/2021,04/2028,,0.1,0.1,0.1,(2)(9),41
889,ARCC,2026-06-30,2026-07-29,0001628280-26-050307,"High Street Buyer, Inc. and High Street Holdco LLC","High Street Buyer, Inc. and High Street Holdco LLC (13)(14)",Insurance,Insurance brokerage platform,First lien senior secured loan,7.98,SOFR (Q),4.25,02/2022,04/2028,,19.3,19.3,19.3,(2)(9),41
890,ARCC,2026-06-30,2026-07-29,0001628280-26-050307,"High Street Buyer, Inc. and High Street Holdco LLC","High Street Buyer, Inc. and High Street Holdco LLC (13)(14)",Insurance,Insurance brokerage platform,Series A preferred units,,,,12/2023,,20106667.0,,25.9,25.9,(2),41
891,ARCC,2026-06-30,2026-07-29,0001628280-26-050307,"High Street Buyer, Inc. and High Street Holdco LLC","High Street Buyer, Inc. and High Street Holdco LLC (13)(14)",Insurance,Insurance brokerage platform,Series A preferred units,,,,04/2021,,172211694.0,,260.4,260.4,(2),41
892,ARCC,2026-06-30,2026-07-29,0001628280-26-050307,"High Street Buyer, Inc. and High Street Holdco LLC","High Street Buyer, Inc. and High Street Holdco LLC (13)(14)",Insurance,Insurance brokerage platform,Series A preferred units,,,,07/2024,,4506667.0,,5.5,5.5,(2),41
893,ARCC,2026-06-30,2026-07-29,0001628280-26-050307,"High Street Buyer, Inc. and High Street Holdco LLC","High Street Buyer, Inc. and High Street Holdco LLC (13)(14)",Insurance,Insurance brokerage platform,Series A preferred units,,,,04/2024,,1386667.0,,1.7,1.7,(2),41
894,ARCC,2026-06-30,2026-07-29,0001628280-26-050307,"High Street Buyer, Inc. and High Street Holdco LLC","High Street Buyer, Inc. and High Street Holdco LLC (13)(14)",Insurance,Insurance brokerage platform,Series A units,,,,04/2021,,5562381.0,,10.3,16.2,(2),41
895,ARCC,2026-06-30,2026-07-29,0001628280-26-050307,"High Street Buyer, Inc. and High Street Holdco LLC","High Street Buyer, Inc. and High Street Holdco LLC (13)(14)",Insurance,Insurance brokerage platform,Series C units,,,,04/2021,,10043368.0,,4.7,29.2,(2),41
896,ARCC,2026-06-30,2026-07-29,0001628280-26-050307,"Inszone Mid, LLC and INSZ Holdings, LLC","Inszone Mid, LLC and INSZ Holdings, LLC (13)",Insurance,Insurance brokerage firm,First lien senior secured loan,8.98,SOFR (Q),5.25,12/2023,11/2029,,26.6,26.6,26.6,(2)(9),41
897,ARCC,2026-06-30,2026-07-29,0001628280-26-050307,"Inszone Mid, LLC and INSZ Holdings, LLC","Inszone Mid, LLC and INSZ Holdings, LLC (13)",Insurance,Insurance brokerage firm,First lien senior secured loan,8.98,SOFR (Q),5.25,07/2024,11/2029,,63.0,63.0,63.0,(2)(9),41
898,ARCC,2026-06-30,2026-07-29,0001628280-26-050307,"Inszone Mid, LLC and INSZ Holdings, LLC","Inszone Mid, LLC and INSZ Holdings, LLC (13)",Insurance,Insurance brokerage firm,First lien senior secured loan,8.23,SOFR (Q),4.5,10/2025,11/2029,,22.7,22.7,22.4,(2)(9),41
899,ARCC,2026-06-30,2026-07-29,0001628280-26-050307,"Inszone Mid, LLC and INSZ Holdings, LLC","Inszone Mid, LLC and INSZ Holdings, LLC (13)",Insurance,Insurance brokerage firm,Common units,,,,11/2023,,8473000.0,,8.5,17.3,,41
900,ARCC,2026-06-30,2026-07-29,0001628280-26-050307,"Inszone Mid, LLC and INSZ Holdings, LLC","Inszone Mid, LLC and INSZ Holdings, LLC (13)",Insurance,Insurance brokerage firm,Limited partnership interests,,,,11/2022,,2146088.0,,1.7,4.4,,42
901,ARCC,2026-06-30,2026-07-29,0001628280-26-050307,"King Risk Partners, LLC","King Risk Partners, LLC (13)",Insurance,Retail insurance brokerage firm,First lien senior secured loan,8.14,SOFR (M),4.5,04/2025,04/2031,,8.4,8.4,8.4,(2)(9),42
902,ARCC,2026-06-30,2026-07-29,0001628280-26-050307,"Knight AcquireCo, LLC and Knight Holdings, LP","Knight AcquireCo, LLC and Knight Holdings, LP (13)",Insurance,Insurance agency and regulatory services provider,First lien senior secured loan,8.15,SOFR (Q),4.5,11/2025,11/2032,,11.9,11.8,11.8,(2)(9),42
903,ARCC,2026-06-30,2026-07-29,0001628280-26-050307,"Knight AcquireCo, LLC and Knight Holdings, LP","Knight AcquireCo, LLC and Knight Holdings, LP (13)",Insurance,Insurance agency and regulatory services provider,Class A-1 common units,,,,11/2025,,213806.0,,2.1,2.3,(2),42
904,ARCC,2026-06-30,2026-07-29,0001628280-26-050307,"Koala Investment Holdings, Inc.","Koala Investment Holdings, Inc. (13)",Insurance,Insurance brokerage platform,First lien senior secured revolving loan,7.96,SOFR (Q),4.25,08/2025,08/2032,,1.2,1.2,1.1,(2)(9),42
905,ARCC,2026-06-30,2026-07-29,0001628280-26-050307,"Koala Investment Holdings, Inc.","Koala Investment Holdings, Inc. (13)",Insurance,Insurance brokerage platform,First lien senior secured loan,7.99,SOFR (Q),4.25,08/2025,08/2032,,24.2,24.2,23.7,(2)(9),42
906,ARCC,2026-06-30,2026-07-29,0001628280-26-050307,"OakBridge Insurance Agency LLC and Maple Acquisition Holdings, LP","OakBridge Insurance Agency LLC and Maple Acquisition Holdings, LP (13)",Insurance,Insurance brokerage platform,First lien senior secured revolving loan,8.39,SOFR (M),4.75,11/2023,11/2029,,0.1,0.1,0.1,(2)(9),42
907,ARCC,2026-06-30,2026-07-29,0001628280-26-050307,"OakBridge Insurance Agency LLC and Maple Acquisition Holdings, LP","OakBridge Insurance Agency LLC and Maple Acquisition Holdings, LP (13)",Insurance,Insurance brokerage platform,First lien senior secured loan,8.39,SOFR (M),4.75,11/2023,11/2029,,7.3,7.3,7.3,(2)(9),42
908,ARCC,2026-06-30,2026-07-29,0001628280-26-050307,"OakBridge Insurance Agency LLC and Maple Acquisition Holdings, LP","OakBridge Insurance Agency LLC and Maple Acquisition Holdings, LP (13)",Insurance,Insurance brokerage platform,Class A2 units,,,,11/2023,,115928.0,,2.3,3.2,(2),42
909,ARCC,2026-06-30,2026-07-29,0001628280-26-050307,"Patriot Growth Insurance Services, LLC","Patriot Growth Insurance Services, LLC (13)",Insurance,National retail insurance agency,First lien senior secured loan,8.88,SOFR (Q),5.0,10/2021,10/2028,,15.4,15.3,15.0,(2)(9),42
910,ARCC,2026-06-30,2026-07-29,0001628280-26-050307,People Corporation,People Corporation (13),Insurance,"Provider of group benefits, group retirement and human resources services",First lien senior secured loan,7.62,CORRA (Q),5.0,02/2021,02/2031,,48.6,53.6,48.6,(2)(6)(9),42
911,ARCC,2026-06-30,2026-07-29,0001628280-26-050307,People Corporation,People Corporation (13),Insurance,"Provider of group benefits, group retirement and human resources services",First lien senior secured loan,7.62,CORRA (Q),5.0,09/2023,02/2031,,19.9,20.5,19.9,(2)(6)(9),42
912,ARCC,2026-06-30,2026-07-29,0001628280-26-050307,People Corporation,People Corporation (13),Insurance,"Provider of group benefits, group retirement and human resources services",First lien senior secured loan,7.62,CORRA (Q),5.0,03/2026,02/2031,,1.8,1.9,1.8,(2)(6)(9),42
913,ARCC,2026-06-30,2026-07-29,0001628280-26-050307,People Corporation,People Corporation (13),Insurance,"Provider of group benefits, group retirement and human resources services",First lien senior secured loan,7.62,CORRA (Q),5.0,09/2021,02/2031,,38.8,40.8,38.8,(2)(6)(9),42
914,ARCC,2026-06-30,2026-07-29,0001628280-26-050307,People Corporation,People Corporation (13),Insurance,"Provider of group benefits, group retirement and human resources services",First lien senior secured loan,7.62,CORRA (Q),5.0,12/2024,02/2028,,19.0,19.4,19.0,(2)(6)(9),42
915,ARCC,2026-06-30,2026-07-29,0001628280-26-050307,"SageSure Holdings, LLC and SageSure LLC","SageSure Holdings, LLC and SageSure LLC (13)",Insurance,Insurance service provider,First lien senior secured loan,8.26,SOFR (M),4.5,01/2025,01/2030,,34.3,34.3,34.3,(2)(9),42
916,ARCC,2026-06-30,2026-07-29,0001628280-26-050307,"SageSure Holdings, LLC and SageSure LLC","SageSure Holdings, LLC and SageSure LLC (13)",Insurance,Insurance service provider,First lien senior secured loan,8.26,SOFR (M),4.5,08/2024,01/2030,,23.9,23.9,23.9,(2)(9),42
917,ARCC,2026-06-30,2026-07-29,0001628280-26-050307,"SageSure Holdings, LLC and SageSure LLC","SageSure Holdings, LLC and SageSure LLC (13)",Insurance,Insurance service provider,Series A units,,,,05/2025,,710.0,,70.0,129.1,,42
918,ARCC,2026-06-30,2026-07-29,0001628280-26-050307,"SelectQuote, Inc. and SQ ABS Issuer, LLC","SelectQuote, Inc. and SQ ABS Issuer, LLC",Insurance,Direct to consumer insurance distribution platform,First lien senior secured notes,9.65,,,10/2024,10/2039,,1.2,1.2,1.2,(2),42
919,ARCC,2026-06-30,2026-07-29,0001628280-26-050307,"SelectQuote, Inc. and SQ ABS Issuer, LLC","SelectQuote, Inc. and SQ ABS Issuer, LLC",Insurance,Direct to consumer insurance distribution platform,First lien senior secured notes,7.8,,,10/2024,10/2039,,1.8,1.8,1.8,(2),42
920,ARCC,2026-06-30,2026-07-29,0001628280-26-050307,"SelectQuote, Inc. and SQ ABS Issuer, LLC","SelectQuote, Inc. and SQ ABS Issuer, LLC",Insurance,Direct to consumer insurance distribution platform,Warrant to purchase shares of common stock,,,,10/2024,10/2028,179068.0,,,,(2),42
921,ARCC,2026-06-30,2026-07-29,0001628280-26-050307,"SG Acquisition, Inc.","SG Acquisition, Inc. (13)",Insurance,Provider of insurance solutions for car sales,First lien senior secured loan,8.43,SOFR (Q),4.75,04/2024,04/2030,,13.1,13.1,13.1,(2)(9),42
922,ARCC,2026-06-30,2026-07-29,0001628280-26-050307,"SIG Parent Holdings, LLC","SIG Parent Holdings, LLC (13)",Insurance,Independent insurance brokerage,First lien senior secured loan,8.39,SOFR (M),4.75,08/2024,08/2031,,11.7,11.7,11.7,(2)(9),42
923,ARCC,2026-06-30,2026-07-29,0001628280-26-050307,Slaine Holdings LLC,Slaine Holdings LLC (13),Insurance,Holding company of insurance service providers,Senior subordinated loan,10.14,SOFR (M),6.5,05/2025,05/2030,,49.2,49.2,49.2,(2)(9),42
924,ARCC,2026-06-30,2026-07-29,0001628280-26-050307,"THG Acquisition, LLC","THG Acquisition, LLC (13)",Insurance,Multi-line insurance broker,First lien senior secured revolving loan,8.39,SOFR (M),4.75,10/2024,10/2031,,5.3,5.3,5.3,(2)(9)(12),42
925,ARCC,2026-06-30,2026-07-29,0001628280-26-050307,"THG Acquisition, LLC","THG Acquisition, LLC (13)",Insurance,Multi-line insurance broker,First lien senior secured loan,8.39,SOFR (M),4.75,10/2024,10/2031,,35.7,35.7,35.7,(2)(9),43
926,ARCC,2026-06-30,2026-07-29,0001628280-26-050307,"Truist Insurance Holdings, LLC and McGriff Insurance Services, LLC","Truist Insurance Holdings, LLC and McGriff Insurance Services, LLC (13)",Insurance,Insurance brokerage firm,First lien senior secured revolving loan,6.92,SOFR (Q),3.25,05/2024,05/2029,,0.2,0.1,0.2,(2),43
927,ARCC,2026-06-30,2026-07-29,0001628280-26-050307,"Truist Insurance Holdings, LLC and McGriff Insurance Services, LLC","Truist Insurance Holdings, LLC and McGriff Insurance Services, LLC (13)",Insurance,Insurance brokerage firm,First lien senior secured loan,6.48,SOFR (Q),2.75,03/2024,05/2031,,0.1,0.1,0.1,(2)(16),43
928,ARCC,2026-06-30,2026-07-29,0001628280-26-050307,"World Insurance Associates, LLC and World Associates Holdings, LLC","World Insurance Associates, LLC and World Associates Holdings, LLC (13)",Insurance,Insurance service provider,First lien senior secured loan,8.73,SOFR (M),5.0,10/2023,04/2030,,11.7,11.7,11.6,(2)(9),43
929,ARCC,2026-06-30,2026-07-29,0001628280-26-050307,"AeriTek Global US Acquisition Inc., AeriTek Global Holdings LLC, and Minus Forty QBD Corp.","AeriTek Global US Acquisition Inc., AeriTek Global Holdings LLC, and Minus Forty QBD Corp. (13)",Capital Goods,Manufacturer of commercial refrigeration and foodservice equipment,First lien senior secured revolving loan,10.16,SOFR (Q),6.5,08/2025,08/2030,,1.7,1.7,1.7,(2)(6)(9),43
930,ARCC,2026-06-30,2026-07-29,0001628280-26-050307,"AeriTek Global US Acquisition Inc., AeriTek Global Holdings LLC, and Minus Forty QBD Corp.","AeriTek Global US Acquisition Inc., AeriTek Global Holdings LLC, and Minus Forty QBD Corp. (13)",Capital Goods,Manufacturer of commercial refrigeration and foodservice equipment,First lien senior secured loan,10.42,SOFR (Q),6.75,08/2025,08/2030,,34.9,34.9,34.9,(2)(6)(9),43
931,ARCC,2026-06-30,2026-07-29,0001628280-26-050307,"AeriTek Global US Acquisition Inc., AeriTek Global Holdings LLC, and Minus Forty QBD Corp.","AeriTek Global US Acquisition Inc., AeriTek Global Holdings LLC, and Minus Forty QBD Corp. (13)",Capital Goods,Manufacturer of commercial refrigeration and foodservice equipment,First lien senior secured loan,10.17,SOFR (Q),6.5,03/2026,08/2030,,5.2,5.2,5.2,(2)(6)(9),43
932,ARCC,2026-06-30,2026-07-29,0001628280-26-050307,"AeriTek Global US Acquisition Inc., AeriTek Global Holdings LLC, and Minus Forty QBD Corp.","AeriTek Global US Acquisition Inc., AeriTek Global Holdings LLC, and Minus Forty QBD Corp. (13)",Capital Goods,Manufacturer of commercial refrigeration and foodservice equipment,First lien senior secured loan,10.42,SOFR (Q),6.75,04/2026,08/2030,,17.8,17.8,17.8,(2)(6)(9),43
933,ARCC,2026-06-30,2026-07-29,0001628280-26-050307,"Airx Climate Solutions, Inc.","Airx Climate Solutions, Inc. (13)",Capital Goods,Provider of commercial HVAC equipment and services,First lien senior secured revolving loan,9.4,SOFR (Q),5.75,11/2023,11/2029,,0.5,0.5,0.5,(2)(9),43
934,ARCC,2026-06-30,2026-07-29,0001628280-26-050307,"Airx Climate Solutions, Inc.","Airx Climate Solutions, Inc. (13)",Capital Goods,Provider of commercial HVAC equipment and services,First lien senior secured loan,9.36,SOFR (M),5.75,11/2023,11/2029,,9.7,9.7,9.7,(2)(9),43
935,ARCC,2026-06-30,2026-07-29,0001628280-26-050307,"Airx Climate Solutions, Inc.","Airx Climate Solutions, Inc. (13)",Capital Goods,Provider of commercial HVAC equipment and services,First lien senior secured loan,8.63,SOFR (M),5.0,07/2024,11/2029,,12.4,12.4,12.3,(2)(9),43
936,ARCC,2026-06-30,2026-07-29,0001628280-26-050307,"Align Precision Group, LLC and Align Precision Topco, L.P.","Align Precision Group, LLC and Align Precision Topco, L.P. (4)(13)",Capital Goods,Manufacturer of precision machined components for defense and high-tech industrial platforms,First lien senior secured loan,,SOFR (M),6.75,07/2025,07/2030,,15.7,15.6,15.6,(2)(9),43
937,ARCC,2026-06-30,2026-07-29,0001628280-26-050307,"Align Precision Group, LLC and Align Precision Topco, L.P.","Align Precision Group, LLC and Align Precision Topco, L.P. (4)(13)",Capital Goods,Manufacturer of precision machined components for defense and high-tech industrial platforms,Class A-2 units,,,,07/2025,,6310.0,,,0.1,(2),43
938,ARCC,2026-06-30,2026-07-29,0001628280-26-050307,"Allclear Commercial Inc., Allclear Military Inc., Allclear Space Inc., and Allclear Group LLC","Allclear Commercial Inc., Allclear Military Inc., Allclear Space Inc., and Allclear Group LLC (13)",Capital Goods,"Provider of military aircraft aftermarket parts and distribution, repair and logistics services",First lien senior secured revolving loan,9.38,SOFR (Q),5.5,06/2025,05/2030,,0.2,0.2,0.2,(2)(9),43
939,ARCC,2026-06-30,2026-07-29,0001628280-26-050307,"Allclear Commercial Inc., Allclear Military Inc., Allclear Space Inc., and Allclear Group LLC","Allclear Commercial Inc., Allclear Military Inc., Allclear Space Inc., and Allclear Group LLC (13)",Capital Goods,"Provider of military aircraft aftermarket parts and distribution, repair and logistics services",First lien senior secured loan,9.4,SOFR (Q),5.5,05/2025,05/2030,,2.8,2.0,2.8,(2)(9),43
940,ARCC,2026-06-30,2026-07-29,0001628280-26-050307,"Allclear Commercial Inc., Allclear Military Inc., Allclear Space Inc., and Allclear Group LLC","Allclear Commercial Inc., Allclear Military Inc., Allclear Space Inc., and Allclear Group LLC (13)",Capital Goods,"Provider of military aircraft aftermarket parts and distribution, repair and logistics services",First lien senior secured loan,,SOFR (M),6.5,05/2025,05/2030,,0.5,0.2,0.2,(2)(9),43
941,ARCC,2026-06-30,2026-07-29,0001628280-26-050307,"Allclear Commercial Inc., Allclear Military Inc., Allclear Space Inc., and Allclear Group LLC","Allclear Commercial Inc., Allclear Military Inc., Allclear Space Inc., and Allclear Group LLC (13)",Capital Goods,"Provider of military aircraft aftermarket parts and distribution, repair and logistics services",First lien senior secured loan,9.46,SOFR (Q),5.5,06/2025,05/2030,,0.9,0.9,0.9,(2)(9),43
942,ARCC,2026-06-30,2026-07-29,0001628280-26-050307,"Allclear Commercial Inc., Allclear Military Inc., Allclear Space Inc., and Allclear Group LLC","Allclear Commercial Inc., Allclear Military Inc., Allclear Space Inc., and Allclear Group LLC (13)",Capital Goods,"Provider of military aircraft aftermarket parts and distribution, repair and logistics services",First lien senior secured loan,,SOFR (Q),7.0,05/2025,05/2030,,1.7,0.6,0.7,(2)(9),43
943,ARCC,2026-06-30,2026-07-29,0001628280-26-050307,"Allclear Commercial Inc., Allclear Military Inc., Allclear Space Inc., and Allclear Group LLC","Allclear Commercial Inc., Allclear Military Inc., Allclear Space Inc., and Allclear Group LLC (13)",Capital Goods,"Provider of military aircraft aftermarket parts and distribution, repair and logistics services",Membership Interest,,,,05/2025,,4015.0,,,,(2),43
944,ARCC,2026-06-30,2026-07-29,0001628280-26-050307,"Arrowhead Holdco Company and Arrowhead GS Holdings, Inc.","Arrowhead Holdco Company and Arrowhead GS Holdings, Inc.",Capital Goods,"Distributor of non-discretionary, mission-critical aftermarket replacement parts",First lien senior secured loan,6.13,SOFR (Q),2.25,08/2021,08/2028,,0.1,0.1,0.1,(2)(9),43
945,ARCC,2026-06-30,2026-07-29,0001628280-26-050307,"Arrowhead Holdco Company and Arrowhead GS Holdings, Inc.","Arrowhead Holdco Company and Arrowhead GS Holdings, Inc.",Capital Goods,"Distributor of non-discretionary, mission-critical aftermarket replacement parts",Common stock,,,,08/2021,,5054.0,,5.1,,(2),43
946,ARCC,2026-06-30,2026-07-29,0001628280-26-050307,"Arxis, Inc. (fka Qnnect, LLC and Connector TopCo, LP)","Arxis, Inc. (fka Qnnect, LLC and Connector TopCo, LP)",Capital Goods,Manufacturer of highly engineered hermetic packaging products,Class A common stock,,,,11/2022,,1245139.0,,9.9,57.5,(2)(6)(16),44
947,ARCC,2026-06-30,2026-07-29,0001628280-26-050307,"Bells Parent, Inc.","Bells Parent, Inc. (13)",Capital Goods,"A consulting, engineering, surveying, construction, and environmental services firm",First lien senior secured loan,8.73,SOFR (Q),5.0,04/2026,04/2033,,12.5,12.5,12.4,(2)(9),44
948,ARCC,2026-06-30,2026-07-29,0001628280-26-050307,"Bells Parent, Inc.","Bells Parent, Inc. (13)",Capital Goods,"A consulting, engineering, surveying, construction, and environmental services firm",First lien senior secured loan,8.78,SOFR (S),5.0,04/2026,04/2033,,42.3,42.3,41.7,(2)(9),44
949,ARCC,2026-06-30,2026-07-29,0001628280-26-050307,"BGIF IV Fearless Utility Services, Inc.","BGIF IV Fearless Utility Services, Inc. (13)",Capital Goods,Maintenance and installation service provider for electric transmission and distribution infrastructure,First lien senior secured revolving loan,8.65,SOFR (M),5.0,06/2024,06/2030,,0.2,0.2,0.2,(2)(9)(12),44
950,ARCC,2026-06-30,2026-07-29,0001628280-26-050307,"BGIF IV Fearless Utility Services, Inc.","BGIF IV Fearless Utility Services, Inc. (13)",Capital Goods,Maintenance and installation service provider for electric transmission and distribution infrastructure,First lien senior secured loan,8.65,SOFR (M),5.0,06/2024,06/2031,,19.9,19.9,19.9,(2)(9),44
951,ARCC,2026-06-30,2026-07-29,0001628280-26-050307,"Blue Raven Solutions, LLC, Triman Industries, Inc., and Crestwood Technology Group, LLC","Blue Raven Solutions, LLC, Triman Industries, Inc., and Crestwood Technology Group, LLC (13)",Capital Goods,"Provider of distribution, supply chain, and repair management services for the military aftermarket",First lien senior secured loan,9.73,SOFR (Q),6.0,01/2026,01/2032,,29.1,29.1,28.5,(2)(9),44
952,ARCC,2026-06-30,2026-07-29,0001628280-26-050307,Burgess Point Purchaser Corporation,Burgess Point Purchaser Corporation (13),Capital Goods,"Remanufacturer of mission-critical and non-discretionary aftermarket vehicle, industrial, energy storage, and solar replacement parts",First lien senior secured loan,9.01,SOFR (Q),5.25,07/2022,07/2029,,21.5,20.8,19.7,(2)(9)(16),44
953,ARCC,2026-06-30,2026-07-29,0001628280-26-050307,Burgess Point Purchaser Corporation,Burgess Point Purchaser Corporation (13),Capital Goods,"Remanufacturer of mission-critical and non-discretionary aftermarket vehicle, industrial, energy storage, and solar replacement parts",First lien senior secured loan,9.66,SOFR (Q),6.0,01/2026,07/2029,,31.5,31.5,29.8,(2)(9),44
954,ARCC,2026-06-30,2026-07-29,0001628280-26-050307,CPIG Holdco Inc.,CPIG Holdco Inc.,Capital Goods,Distributor of engineered fluid power and complex machined solutions,First lien senior secured loan,9.78,SOFR (Q),6.0,04/2023,04/2028,,14.3,14.3,14.3,(2)(9),44
955,ARCC,2026-06-30,2026-07-29,0001628280-26-050307,"DFS Holding Company, Inc.","DFS Holding Company, Inc.",Capital Goods,"Distributor of maintenance, repair, and operations parts, supplies, and equipment to the foodservice industry",First lien senior secured loan,,SOFR (Q),7.5,01/2023,01/2029,,2.1,2.1,2.0,(2)(9),44
956,ARCC,2026-06-30,2026-07-29,0001628280-26-050307,"Dynamic NC Aerospace Holdings, LLC and Dynamic NC Investment Holdings, LP","Dynamic NC Aerospace Holdings, LLC and Dynamic NC Investment Holdings, LP",Capital Goods,Provider of aerospace technology and equipment,Common units,,,,12/2020,,9773000.0,,9.8,17.8,,44
957,ARCC,2026-06-30,2026-07-29,0001628280-26-050307,"EIS Legacy Holdco, LLC","EIS Legacy Holdco, LLC (13)",Capital Goods,Distributor of electric applicator components,First lien senior secured loan,8.16,SOFR (Q),4.5,11/2024,11/2031,,6.0,6.0,6.0,(2)(9),44
958,ARCC,2026-06-30,2026-07-29,0001628280-26-050307,"ELM DebtCo, LLC","ELM DebtCo, LLC (13)",Capital Goods,Provider of underground utility locating services with a focus on the natural gas & electric end markets,First lien senior secured revolving loan,10.25,Base Rate (M),3.5,11/2025,11/2031,,0.1,0.1,0.1,(2)(9),44
959,ARCC,2026-06-30,2026-07-29,0001628280-26-050307,"ELM DebtCo, LLC","ELM DebtCo, LLC (13)",Capital Goods,Provider of underground utility locating services with a focus on the natural gas & electric end markets,First lien senior secured loan,8.23,SOFR (Q),4.5,11/2025,11/2031,,5.2,5.2,5.2,(2)(9),44
960,ARCC,2026-06-30,2026-07-29,0001628280-26-050307,Endurance PT Technology Buyer Corporation and Endurance PT Technology Holdings LLC,Endurance PT Technology Buyer Corporation and Endurance PT Technology Holdings LLC (13),Capital Goods,Manufacturer of industrial chain and complementary power transmission products for industrial applications,First lien senior secured revolving loan,10.14,SOFR (M),6.5,10/2025,10/2031,,2.0,2.0,2.0,(2)(9),44
961,ARCC,2026-06-30,2026-07-29,0001628280-26-050307,Endurance PT Technology Buyer Corporation and Endurance PT Technology Holdings LLC,Endurance PT Technology Buyer Corporation and Endurance PT Technology Holdings LLC (13),Capital Goods,Manufacturer of industrial chain and complementary power transmission products for industrial applications,First lien senior secured loan,10.23,SOFR (Q),6.5,10/2025,10/2031,,55.8,55.8,55.8,(2)(9),44
962,ARCC,2026-06-30,2026-07-29,0001628280-26-050307,Endurance PT Technology Buyer Corporation and Endurance PT Technology Holdings LLC,Endurance PT Technology Buyer Corporation and Endurance PT Technology Holdings LLC (13),Capital Goods,Manufacturer of industrial chain and complementary power transmission products for industrial applications,Preferred units,,,,10/2025,,8163.0,,8.3,8.3,(2),44
963,ARCC,2026-06-30,2026-07-29,0001628280-26-050307,Endurance PT Technology Buyer Corporation and Endurance PT Technology Holdings LLC,Endurance PT Technology Buyer Corporation and Endurance PT Technology Holdings LLC (13),Capital Goods,Manufacturer of industrial chain and complementary power transmission products for industrial applications,Common units,,,,10/2025,,9070.0,,0.9,0.8,(2),44
964,ARCC,2026-06-30,2026-07-29,0001628280-26-050307,"ESCP PPG Holdings, LLC","ESCP PPG Holdings, LLC (4)",Capital Goods,Distributor of new equipment and aftermarket parts to the heavy-duty truck industry,Class A-1 units,,,,08/2022,,96897.0,,2.3,,(2),45
965,ARCC,2026-06-30,2026-07-29,0001628280-26-050307,"ESCP PPG Holdings, LLC","ESCP PPG Holdings, LLC (4)",Capital Goods,Distributor of new equipment and aftermarket parts to the heavy-duty truck industry,Class A-2 units,,,,12/2016,,3500.0,,3.5,,(2),45
966,ARCC,2026-06-30,2026-07-29,0001628280-26-050307,"Generator US Buyer, Inc. and Total Power Limited","Generator US Buyer, Inc. and Total Power Limited (13)",Capital Goods,Provider of generator-based power solutions,First lien senior secured revolving loan,6.79,CORRA (Q),4.5,07/2024,07/2030,,0.1,0.1,0.1,(2)(6)(9),45
967,ARCC,2026-06-30,2026-07-29,0001628280-26-050307,"Generator US Buyer, Inc. and Total Power Limited","Generator US Buyer, Inc. and Total Power Limited (13)",Capital Goods,Provider of generator-based power solutions,First lien senior secured loan,6.79,CORRA (Q),4.5,07/2024,07/2030,,0.8,0.8,0.8,(2)(6)(9),45
968,ARCC,2026-06-30,2026-07-29,0001628280-26-050307,"Ground Penetrating Radar Systems, LLC and RC VI Buckeye Holdings LLC","Ground Penetrating Radar Systems, LLC and RC VI Buckeye Holdings LLC (13)",Capital Goods,Provider of underground utility locating and concrete scanning,First lien senior secured revolving loan,8.23,SOFR (Q),4.5,01/2025,01/2032,,0.5,0.5,0.5,(2)(9),45
969,ARCC,2026-06-30,2026-07-29,0001628280-26-050307,"Ground Penetrating Radar Systems, LLC and RC VI Buckeye Holdings LLC","Ground Penetrating Radar Systems, LLC and RC VI Buckeye Holdings LLC (13)",Capital Goods,Provider of underground utility locating and concrete scanning,Member units,,,,01/2025,,20000000.0,,17.5,20.2,(2),45
970,ARCC,2026-06-30,2026-07-29,0001628280-26-050307,"GSV Purchaser, Inc.","GSV Purchaser, Inc. (13)",Capital Goods,"Provider of maintenance, repair, and sales services for commercial emergency power backup generators",First lien senior secured loan,8.18,SOFR (Q),4.5,08/2024,08/2031,,0.1,0.1,0.1,(2)(9),45
971,ARCC,2026-06-30,2026-07-29,0001628280-26-050307,"Harvey Tool Company, LLC","Harvey Tool Company, LLC (13)",Capital Goods,Manufacturer of cutting tools used in the metalworking industry,First lien senior secured loan,8.23,SOFR (Q),4.5,10/2021,08/2032,,12.6,12.6,12.6,(2)(9),45
972,ARCC,2026-06-30,2026-07-29,0001628280-26-050307,"Horizon Avionics Buyer, LLC and Horizon CTS Buyer, LLC","Horizon Avionics Buyer, LLC and Horizon CTS Buyer, LLC (13)",Capital Goods,"Manufacturer of mission critical, IP-driven avionics products and provider of an integrated suite of pilot training solutions",First lien senior secured revolving loan,8.48,SOFR (Q),4.75,03/2025,03/2032,,10.9,10.9,10.9,(2)(9)(12),45
973,ARCC,2026-06-30,2026-07-29,0001628280-26-050307,"Horizon Avionics Buyer, LLC and Horizon CTS Buyer, LLC","Horizon Avionics Buyer, LLC and Horizon CTS Buyer, LLC (13)",Capital Goods,"Manufacturer of mission critical, IP-driven avionics products and provider of an integrated suite of pilot training solutions",First lien senior secured loan,8.48,SOFR (Q),4.75,10/2025,03/2032,,11.5,11.5,11.5,(2)(9),45
974,ARCC,2026-06-30,2026-07-29,0001628280-26-050307,"Horizon Avionics Buyer, LLC and Horizon CTS Buyer, LLC","Horizon Avionics Buyer, LLC and Horizon CTS Buyer, LLC (13)",Capital Goods,"Manufacturer of mission critical, IP-driven avionics products and provider of an integrated suite of pilot training solutions",First lien senior secured loan,8.48,SOFR (Q),4.75,03/2025,03/2032,,4.0,4.0,4.0,(2)(9),45
975,ARCC,2026-06-30,2026-07-29,0001628280-26-050307,"HPCC Parent, Inc. and Patriot Container Corp.","HPCC Parent, Inc. and Patriot Container Corp.",Capital Goods,Manufacturer of waste handling and recycling equipment,First lien senior secured loan,,,,09/2024,09/2030,,87.1,87.1,87.1,(2),45
976,ARCC,2026-06-30,2026-07-29,0001628280-26-050307,"HPCC Parent, Inc. and Patriot Container Corp.","HPCC Parent, Inc. and Patriot Container Corp.",Capital Goods,Manufacturer of waste handling and recycling equipment,First lien senior secured loan,11.5,,,03/2026,09/2030,,4.0,4.0,4.0,(2),45
977,ARCC,2026-06-30,2026-07-29,0001628280-26-050307,"HPCC Parent, Inc. and Patriot Container Corp.","HPCC Parent, Inc. and Patriot Container Corp.",Capital Goods,Manufacturer of waste handling and recycling equipment,Common stock,,,,09/2024,,513867.0,,4.9,4.8,(2),45
978,ARCC,2026-06-30,2026-07-29,0001628280-26-050307,"Imaging Business Machines, L.L.C. and Scanner Holdings Corporation","Imaging Business Machines, L.L.C. and Scanner Holdings Corporation (5)",Capital Goods,Provider of high-speed intelligent document scanning hardware and software,Senior subordinated loan,,,,01/2017,12/2028,,20.5,20.3,20.5,(2),45
979,ARCC,2026-06-30,2026-07-29,0001628280-26-050307,"Imaging Business Machines, L.L.C. and Scanner Holdings Corporation","Imaging Business Machines, L.L.C. and Scanner Holdings Corporation (5)",Capital Goods,Provider of high-speed intelligent document scanning hardware and software,Class A common stock,,,,01/2017,,48544.0,,14.8,84.5,,45
980,ARCC,2026-06-30,2026-07-29,0001628280-26-050307,"JSG II, Inc. and Checkers USA, Inc.","JSG II, Inc. and Checkers USA, Inc. (13)",Capital Goods,Manufacturer and supplier of non-PPE safety solutions for compliance-driven end markets,First lien senior secured loan,8.12,SOFR (M),4.5,09/2025,09/2032,,29.9,29.7,29.9,(2)(9),45
981,ARCC,2026-06-30,2026-07-29,0001628280-26-050307,LEG Purchaser Inc.,LEG Purchaser Inc. (13),Capital Goods,Manufacturer of refuse collection vehicles and related parts,First lien senior secured revolving loan,11.25,Base Rate (Q),4.5,01/2026,01/2032,,1.6,1.6,1.6,(2)(6)(9),45
982,ARCC,2026-06-30,2026-07-29,0001628280-26-050307,LEG Purchaser Inc.,LEG Purchaser Inc. (13),Capital Goods,Manufacturer of refuse collection vehicles and related parts,First lien senior secured loan,9.17,SOFR (Q),5.5,01/2026,01/2032,,20.9,20.8,21.5,(2)(6)(9),45
983,ARCC,2026-06-30,2026-07-29,0001628280-26-050307,"Livewire Acquisition, Inc. and Livewire Co-Invest Holdings, LP","Livewire Acquisition, Inc. and Livewire Co-Invest Holdings, LP (13)",Capital Goods,"Provider of construction, industrial, mechanical, electrical and inspection services to commercial clients",First lien senior secured revolving loan,7.98,SOFR (Q),4.25,01/2026,12/2032,,6.0,6.0,5.9,(2)(9),46
984,ARCC,2026-06-30,2026-07-29,0001628280-26-050307,"Livewire Acquisition, Inc. and Livewire Co-Invest Holdings, LP","Livewire Acquisition, Inc. and Livewire Co-Invest Holdings, LP (13)",Capital Goods,"Provider of construction, industrial, mechanical, electrical and inspection services to commercial clients",First lien senior secured loan,7.98,SOFR (Q),4.25,01/2026,12/2032,,5.0,5.0,5.0,(2)(9),46
985,ARCC,2026-06-30,2026-07-29,0001628280-26-050307,"Livewire Acquisition, Inc. and Livewire Co-Invest Holdings, LP","Livewire Acquisition, Inc. and Livewire Co-Invest Holdings, LP (13)",Capital Goods,"Provider of construction, industrial, mechanical, electrical and inspection services to commercial clients",Common units,,,,01/2026,,842.0,,0.8,1.1,(2),46
986,ARCC,2026-06-30,2026-07-29,0001628280-26-050307,"LTG Acquisition, Inc.","LTG Acquisition, Inc.",Capital Goods,"Designer and manufacturer of display, lighting and passenger communication systems for mass transportation markets",Class A membership units,,,,01/2017,,5000.0,,5.1,,,46
987,ARCC,2026-06-30,2026-07-29,0001628280-26-050307,"NCWS Intermediate, Inc. and NCWS Holdings LP","NCWS Intermediate, Inc. and NCWS Holdings LP",Capital Goods,"Manufacturer and supplier of car wash equipment, parts and supplies to the conveyorized car wash market",Class A-2 common units,,,,12/2020,,12296000.0,,12.9,2.7,(2),46
988,ARCC,2026-06-30,2026-07-29,0001628280-26-050307,"OPH NEP Investment, LLC","OPH NEP Investment, LLC (4)",Capital Goods,"Provider of energy services for multi-family property owners, developers, and managers",Senior subordinated loan,,,,03/2025,05/2032,,4.5,4.2,4.4,(2),46
989,ARCC,2026-06-30,2026-07-29,0001628280-26-050307,"OPH NEP Investment, LLC","OPH NEP Investment, LLC (4)",Capital Goods,"Provider of energy services for multi-family property owners, developers, and managers",Senior subordinated loan,,,,05/2024,05/2032,,33.7,32.6,32.7,(2),46
990,ARCC,2026-06-30,2026-07-29,0001628280-26-050307,"OPH NEP Investment, LLC","OPH NEP Investment, LLC (4)",Capital Goods,"Provider of energy services for multi-family property owners, developers, and managers",Class B common units,,,,05/2024,,8.0,,1.9,3.8,,46
991,ARCC,2026-06-30,2026-07-29,0001628280-26-050307,"Osmose Utilities Services, Inc. and Pine Intermediate Holding LLC","Osmose Utilities Services, Inc. and Pine Intermediate Holding LLC",Capital Goods,Provider of structural integrity management services to transmission and distribution infrastructure,Second lien senior secured loan,10.51,SOFR (M),6.75,06/2021,06/2029,,55.3,55.3,54.7,(2)(9),46
992,ARCC,2026-06-30,2026-07-29,0001628280-26-050307,"Paris US Holdco, Inc. and Trimaster Manufacturing Inc.","Paris US Holdco, Inc. and Trimaster Manufacturing Inc. (13)",Capital Goods,Manufacturer of high-tolerance precision machined components and assemblies for the aerospace and defense industry,First lien senior secured revolving loan,8.39,SOFR (M),4.75,12/2024,12/2031,,0.3,0.3,0.3,(2)(6)(9),46
993,ARCC,2026-06-30,2026-07-29,0001628280-26-050307,"Paris US Holdco, Inc. and Trimaster Manufacturing Inc.","Paris US Holdco, Inc. and Trimaster Manufacturing Inc. (13)",Capital Goods,Manufacturer of high-tolerance precision machined components and assemblies for the aerospace and defense industry,First lien senior secured loan,8.39,SOFR (M),4.75,12/2024,12/2031,,20.1,20.1,20.1,(2)(6)(9),46
994,ARCC,2026-06-30,2026-07-29,0001628280-26-050307,"Paris US Holdco, Inc. and Trimaster Manufacturing Inc.","Paris US Holdco, Inc. and Trimaster Manufacturing Inc. (13)",Capital Goods,Manufacturer of high-tolerance precision machined components and assemblies for the aerospace and defense industry,First lien senior secured loan,8.64,SOFR (M),5.0,06/2026,12/2031,,3.7,3.7,3.7,(2)(6)(9),46
995,ARCC,2026-06-30,2026-07-29,0001628280-26-050307,"Pave America Holding, LLC","Pave America Holding, LLC (13)",Capital Goods,Provider of high-quality asphalt and concrete services for commercial properties,First lien senior secured revolving loan,8.46,SOFR (Q),4.75,08/2025,08/2032,,3.4,3.4,3.4,(2)(9),46
996,ARCC,2026-06-30,2026-07-29,0001628280-26-050307,"Pave America Holding, LLC","Pave America Holding, LLC (13)",Capital Goods,Provider of high-quality asphalt and concrete services for commercial properties,First lien senior secured loan,,SOFR (Q),5.25,08/2025,08/2032,,26.8,26.8,26.8,(2)(9),46
997,ARCC,2026-06-30,2026-07-29,0001628280-26-050307,Pike Corporation,Pike Corporation (13),Capital Goods,"Provider of a full suite of outsourced construction, repair and engineering services",First lien senior secured loan,7.89,SOFR (M),4.25,12/2025,12/2032,,162.2,162.2,160.6,(2)(9),46
998,ARCC,2026-06-30,2026-07-29,0001628280-26-050307,"PumpTech, LLC and Impel CV-B, LP","PumpTech, LLC and Impel CV-B, LP (13)(14)",Capital Goods,"Provider of flow control equipment and related services including pumping products and process solutions for water, wastewater, and industrial applications",First lien senior secured loan,8.64,SOFR (M),5.0,01/2025,01/2031,,17.8,17.8,17.1,(2)(9),46
999,ARCC,2026-06-30,2026-07-29,0001628280-26-050307,"PumpTech, LLC and Impel CV-B, LP","PumpTech, LLC and Impel CV-B, LP (13)(14)",Capital Goods,"Provider of flow control equipment and related services including pumping products and process solutions for water, wastewater, and industrial applications",Limited partnership interest,,,,03/2025,,752822.0,,0.8,0.4,(2),47
1000,ARCC,2026-06-30,2026-07-29,0001628280-26-050307,"Radius Aerospace, Inc. and Radius Aerospace Europe Limited","Radius Aerospace, Inc. and Radius Aerospace Europe Limited (13)",Capital Goods,Metal fabricator in the aerospace industry,First lien senior secured revolving loan,9.64,SOFR (Q),5.75,03/2019,03/2027,,0.5,0.5,0.5,(2)(6)(9),47
1001,ARCC,2026-06-30,2026-07-29,0001628280-26-050307,"Radius Aerospace, Inc. and Radius Aerospace Europe Limited","Radius Aerospace, Inc. and Radius Aerospace Europe Limited (13)",Capital Goods,Metal fabricator in the aerospace industry,First lien senior secured revolving loan,9.48,SONIA (M),5.75,11/2019,03/2027,,2.0,1.9,2.0,(2)(6)(9),47
1002,ARCC,2026-06-30,2026-07-29,0001628280-26-050307,"Radius Aerospace, Inc. and Radius Aerospace Europe Limited","Radius Aerospace, Inc. and Radius Aerospace Europe Limited (13)",Capital Goods,Metal fabricator in the aerospace industry,First lien senior secured loan,9.62,SOFR (Q),5.75,06/2024,03/2027,,9.8,9.8,9.8,(2)(6)(9),47
1003,ARCC,2026-06-30,2026-07-29,0001628280-26-050307,"Radwell Parent, LLC","Radwell Parent, LLC (13)",Capital Goods,"Distributor of maintenance, repair, and operations parts",First lien senior secured revolving loan,8.48,SOFR (Q),4.75,12/2022,04/2029,,1.3,1.2,1.3,(2)(9),47
1004,ARCC,2026-06-30,2026-07-29,0001628280-26-050307,"Radwell Parent, LLC","Radwell Parent, LLC (13)",Capital Goods,"Distributor of maintenance, repair, and operations parts",First lien senior secured loan,8.48,SOFR (Q),4.75,12/2022,04/2030,,12.3,12.3,12.2,(2)(9),47
1005,ARCC,2026-06-30,2026-07-29,0001628280-26-050307,"Radwell Parent, LLC","Radwell Parent, LLC (13)",Capital Goods,"Distributor of maintenance, repair, and operations parts",First lien senior secured loan,8.48,SOFR (Q),4.75,04/2026,04/2030,,0.1,0.1,0.1,(2)(9),47
1006,ARCC,2026-06-30,2026-07-29,0001628280-26-050307,"Radwell Parent, LLC","Radwell Parent, LLC (13)",Capital Goods,"Distributor of maintenance, repair, and operations parts",First lien senior secured loan,8.48,SOFR (Q),4.75,11/2024,04/2029,,2.8,2.8,2.8,(2)(9),47
1007,ARCC,2026-06-30,2026-07-29,0001628280-26-050307,"Sunk Rock Foundry Partners LP, Hatteras Electrical Manufacturing Holding Company and Sigma Electric Manufacturing Corporation","Sunk Rock Foundry Partners LP, Hatteras Electrical Manufacturing Holding Company and Sigma Electric Manufacturing Corporation (13)",Capital Goods,"Manufacturer of metal castings, precision machined components and sub-assemblies in the electrical products, power transmission and distribution and general industrial markets",First lien senior secured revolving loan,9.49,SOFR (M),5.75,10/2017,12/2027,,1.5,1.5,1.5,(2)(9)(12),47
1008,ARCC,2026-06-30,2026-07-29,0001628280-26-050307,"Sunk Rock Foundry Partners LP, Hatteras Electrical Manufacturing Holding Company and Sigma Electric Manufacturing Corporation","Sunk Rock Foundry Partners LP, Hatteras Electrical Manufacturing Holding Company and Sigma Electric Manufacturing Corporation (13)",Capital Goods,"Manufacturer of metal castings, precision machined components and sub-assemblies in the electrical products, power transmission and distribution and general industrial markets",First lien senior secured loan,9.49,SOFR (M),5.75,04/2024,12/2027,,3.7,3.7,3.7,(2)(9),47
1009,ARCC,2026-06-30,2026-07-29,0001628280-26-050307,"Sunk Rock Foundry Partners LP, Hatteras Electrical Manufacturing Holding Company and Sigma Electric Manufacturing Corporation","Sunk Rock Foundry Partners LP, Hatteras Electrical Manufacturing Holding Company and Sigma Electric Manufacturing Corporation (13)",Capital Goods,"Manufacturer of metal castings, precision machined components and sub-assemblies in the electrical products, power transmission and distribution and general industrial markets",First lien senior secured loan,9.49,SOFR (M),5.75,03/2025,12/2027,,14.9,14.9,14.9,(2)(9),47
1010,ARCC,2026-06-30,2026-07-29,0001628280-26-050307,"Sunk Rock Foundry Partners LP, Hatteras Electrical Manufacturing Holding Company and Sigma Electric Manufacturing Corporation","Sunk Rock Foundry Partners LP, Hatteras Electrical Manufacturing Holding Company and Sigma Electric Manufacturing Corporation (13)",Capital Goods,"Manufacturer of metal castings, precision machined components and sub-assemblies in the electrical products, power transmission and distribution and general industrial markets",First lien senior secured loan,9.48,SOFR (M),5.75,11/2025,12/2027,,2.3,2.3,2.3,(2)(9),47
1011,ARCC,2026-06-30,2026-07-29,0001628280-26-050307,"Sunvair Aerospace Group, Inc. and GB Helios Holdings, L.P.","Sunvair Aerospace Group, Inc. and GB Helios Holdings, L.P. (13)",Capital Goods,"Provider of aircraft component maintenance, repair, and overhaul services",First lien senior secured revolving loan,8.66,SOFR (Q),5.0,05/2024,05/2031,,0.7,0.7,0.7,(2)(9),47
1012,ARCC,2026-06-30,2026-07-29,0001628280-26-050307,"Sunvair Aerospace Group, Inc. and GB Helios Holdings, L.P.","Sunvair Aerospace Group, Inc. and GB Helios Holdings, L.P. (13)",Capital Goods,"Provider of aircraft component maintenance, repair, and overhaul services",First lien senior secured loan,8.71,SOFR (Q),5.0,05/2024,05/2031,,57.8,57.8,57.8,(2)(9),47
1013,ARCC,2026-06-30,2026-07-29,0001628280-26-050307,"Sunvair Aerospace Group, Inc. and GB Helios Holdings, L.P.","Sunvair Aerospace Group, Inc. and GB Helios Holdings, L.P. (13)",Capital Goods,"Provider of aircraft component maintenance, repair, and overhaul services",First lien senior secured loan,8.7,SOFR (A),5.0,06/2026,05/2031,,9.6,9.6,9.6,(2)(9),47
1014,ARCC,2026-06-30,2026-07-29,0001628280-26-050307,"Sunvair Aerospace Group, Inc. and GB Helios Holdings, L.P.","Sunvair Aerospace Group, Inc. and GB Helios Holdings, L.P. (13)",Capital Goods,"Provider of aircraft component maintenance, repair, and overhaul services",Series A common units,,,,05/2024,,1042.0,,1.0,2.1,(2),47
1015,ARCC,2026-06-30,2026-07-29,0001628280-26-050307,Titan BW Borrower L.P.,Titan BW Borrower L.P. (13),Capital Goods,Provider of aftermarket and OEM solutions to the commercial and military aerospace industry,First lien senior secured loan,,SOFR (Q),5.38,07/2025,07/2032,,37.3,37.1,36.9,(2)(9),47
1016,ARCC,2026-06-30,2026-07-29,0001628280-26-050307,"Two Six Labs, LLC","Two Six Labs, LLC (13)",Capital Goods,"Provider of information operations, cyber, and data analytics products and services for government and defense contracts",First lien senior secured loan,8.73,SOFR (Q),5.0,05/2022,08/2030,,21.8,21.8,21.8,(2)(9),47
1017,ARCC,2026-06-30,2026-07-29,0001628280-26-050307,Werner Finco LP,Werner Finco LP,Capital Goods,"Provider of safety access and secure storage products across access equipment, ladders, and truck & van solutions.",First lien senior secured loan,8.92,SOFR (Q),5.25,06/2025,06/2031,,109.2,109.2,109.2,(2)(9),47
1018,ARCC,2026-06-30,2026-07-29,0001628280-26-050307,"Zenith AcquisitionCo, LLC","Zenith AcquisitionCo, LLC (13)",Capital Goods,A family of precision aerospace and defense component companies,First lien senior secured loan,8.17,SOFR (Q),4.5,01/2026,01/2033,,67.0,67.0,66.3,(2)(9),48
1019,ARCC,2026-06-30,2026-07-29,0001628280-26-050307,"Balrog Acquisition, Inc., Balrog Topco, Inc. and Balrog Parent, L.P.","Balrog Acquisition, Inc., Balrog Topco, Inc. and Balrog Parent, L.P.",Consumer Distribution and Retail,Manufacturer and distributor of specialty bakery ingredients,First lien senior secured loan,8.26,SOFR (M),4.5,07/2023,09/2028,,17.2,16.9,12.6,(2)(9)(16),48
1020,ARCC,2026-06-30,2026-07-29,0001628280-26-050307,"Balrog Acquisition, Inc., Balrog Topco, Inc. and Balrog Parent, L.P.","Balrog Acquisition, Inc., Balrog Topco, Inc. and Balrog Parent, L.P.",Consumer Distribution and Retail,Manufacturer and distributor of specialty bakery ingredients,First lien senior secured loan,7.76,SOFR (M),4.0,03/2026,09/2028,,3.6,2.6,2.7,(2)(16),48
1021,ARCC,2026-06-30,2026-07-29,0001628280-26-050307,"Balrog Acquisition, Inc., Balrog Topco, Inc. and Balrog Parent, L.P.","Balrog Acquisition, Inc., Balrog Topco, Inc. and Balrog Parent, L.P.",Consumer Distribution and Retail,Manufacturer and distributor of specialty bakery ingredients,Second lien senior secured loan,10.76,SOFR (M),7.0,09/2021,09/2029,,29.5,29.5,22.7,(2)(9),48
1022,ARCC,2026-06-30,2026-07-29,0001628280-26-050307,"Balrog Acquisition, Inc., Balrog Topco, Inc. and Balrog Parent, L.P.","Balrog Acquisition, Inc., Balrog Topco, Inc. and Balrog Parent, L.P.",Consumer Distribution and Retail,Manufacturer and distributor of specialty bakery ingredients,Class A preferred units,,,,09/2021,08/2051,5484.0,,8.0,6.0,(2),48
1023,ARCC,2026-06-30,2026-07-29,0001628280-26-050307,"Balrog Acquisition, Inc., Balrog Topco, Inc. and Balrog Parent, L.P.","Balrog Acquisition, Inc., Balrog Topco, Inc. and Balrog Parent, L.P.",Consumer Distribution and Retail,Manufacturer and distributor of specialty bakery ingredients,Series A preferred shares,,,,09/2021,08/2051,21921.0,,37.3,27.6,(2),48
1024,ARCC,2026-06-30,2026-07-29,0001628280-26-050307,"Bamboo Purchaser, Inc.","Bamboo Purchaser, Inc.",Consumer Distribution and Retail,"Provider of nursery, garden, and greenhouse products",First lien senior secured loan,,,,11/2025,12/2029,,22.2,8.5,3.6,(2)(8),48
1025,ARCC,2026-06-30,2026-07-29,0001628280-26-050307,"BGI Purchaser, Inc.","BGI Purchaser, Inc. (13)",Consumer Distribution and Retail,Developer and manufacturer of customized natural and clean flavorings for the food & beverage end market,First lien senior secured revolving loan,7.42,SOFR (Q),3.75,05/2024,05/2030,,10.5,10.5,10.5,(2)(9),48
1026,ARCC,2026-06-30,2026-07-29,0001628280-26-050307,"BGI Purchaser, Inc.","BGI Purchaser, Inc. (13)",Consumer Distribution and Retail,Developer and manufacturer of customized natural and clean flavorings for the food & beverage end market,First lien senior secured loan,8.17,SOFR (Q),4.5,05/2024,05/2031,,6.5,6.5,6.5,(2)(9),48
1027,ARCC,2026-06-30,2026-07-29,0001628280-26-050307,"Blazing Star Parent, LLC","Blazing Star Parent, LLC",Consumer Distribution and Retail,"Healthcare, pharmacy and retail provider",First lien senior secured loan,10.67,SOFR (Q),7.0,08/2025,08/2030,,98.9,98.9,98.9,(2)(9),48
1028,ARCC,2026-06-30,2026-07-29,0001628280-26-050307,"BR PJK Produce, LLC","BR PJK Produce, LLC",Consumer Distribution and Retail,Specialty produce distributor,First lien senior secured loan,10.09,SOFR (Q),6.25,09/2024,11/2027,,0.7,0.7,0.6,(2)(9),48
1029,ARCC,2026-06-30,2026-07-29,0001628280-26-050307,"BR PJK Produce, LLC","BR PJK Produce, LLC",Consumer Distribution and Retail,Specialty produce distributor,First lien senior secured loan,10.09,SOFR (Q),6.25,01/2026,12/2027,,0.6,0.6,0.6,(2)(9),48
1030,ARCC,2026-06-30,2026-07-29,0001628280-26-050307,"BR PJK Produce, LLC","BR PJK Produce, LLC",Consumer Distribution and Retail,Specialty produce distributor,First lien senior secured loan,10.09,SOFR (Q),6.25,12/2023,11/2027,,4.0,4.0,3.8,(2)(9),48
1031,ARCC,2026-06-30,2026-07-29,0001628280-26-050307,Carrera Bidco Limited,Carrera Bidco Limited,Consumer Distribution and Retail,Fuel and convenience retailer,Senior subordinated loan,7.75,Euribor (S),5.25,11/2025,11/2032,,133.3,135.4,133.3,(2)(6),48
1032,ARCC,2026-06-30,2026-07-29,0001628280-26-050307,City Line Distributors LLC and City Line Investments LLC,City Line Distributors LLC and City Line Investments LLC (13),Consumer Distribution and Retail,Specialty food distributor,First lien senior secured revolving loan,9.9,SOFR (Q),6.0,08/2023,08/2028,,0.4,0.4,0.4,(2)(9),48
1033,ARCC,2026-06-30,2026-07-29,0001628280-26-050307,City Line Distributors LLC and City Line Investments LLC,City Line Distributors LLC and City Line Investments LLC (13),Consumer Distribution and Retail,Specialty food distributor,First lien senior secured loan,9.92,SOFR (Q),6.0,08/2023,08/2028,,4.3,4.3,4.3,(2)(9),48
1034,ARCC,2026-06-30,2026-07-29,0001628280-26-050307,City Line Distributors LLC and City Line Investments LLC,City Line Distributors LLC and City Line Investments LLC (13),Consumer Distribution and Retail,Specialty food distributor,Class A units,,,,08/2023,,4172852.0,,5.1,3.7,(2),48
1035,ARCC,2026-06-30,2026-07-29,0001628280-26-050307,"DecoPac, Inc. and KCAKE Holdings Inc.","DecoPac, Inc. and KCAKE Holdings Inc. (13)",Consumer Distribution and Retail,Supplier of cake decorating solutions and products to in-store bakeries,First lien senior secured loan,8.67,SOFR (Q),5.0,09/2024,05/2030,,129.6,129.6,129.6,(2)(9),48
1036,ARCC,2026-06-30,2026-07-29,0001628280-26-050307,"DecoPac, Inc. and KCAKE Holdings Inc.","DecoPac, Inc. and KCAKE Holdings Inc. (13)",Consumer Distribution and Retail,Supplier of cake decorating solutions and products to in-store bakeries,Common stock,,,,05/2021,,9599.0,,7.4,12.6,(2),48
1037,ARCC,2026-06-30,2026-07-29,0001628280-26-050307,"Display Holding Company, Inc., Saldon Holdings, Inc. and Fastsigns Holdings Inc.","Display Holding Company, Inc., Saldon Holdings, Inc. and Fastsigns Holdings Inc. (13)",Consumer Distribution and Retail,Provider of visual communications solutions,First lien senior secured loan,8.97,SOFR (M),5.25,01/2024,03/2028,,7.9,7.9,7.9,(2)(9),48
1038,ARCC,2026-06-30,2026-07-29,0001628280-26-050307,"Display Holding Company, Inc., Saldon Holdings, Inc. and Fastsigns Holdings Inc.","Display Holding Company, Inc., Saldon Holdings, Inc. and Fastsigns Holdings Inc. (13)",Consumer Distribution and Retail,Provider of visual communications solutions,First lien senior secured loan,8.97,SOFR (M),5.25,11/2025,03/2028,,15.2,15.2,15.2,(2)(9),48
1039,ARCC,2026-06-30,2026-07-29,0001628280-26-050307,"Display Holding Company, Inc., Saldon Holdings, Inc. and Fastsigns Holdings Inc.","Display Holding Company, Inc., Saldon Holdings, Inc. and Fastsigns Holdings Inc. (13)",Consumer Distribution and Retail,Provider of visual communications solutions,First lien senior secured loan,8.97,SOFR (M),5.25,06/2021,03/2028,,0.1,0.1,0.1,(2)(9),49
1040,ARCC,2026-06-30,2026-07-29,0001628280-26-050307,"Display Holding Company, Inc., Saldon Holdings, Inc. and Fastsigns Holdings Inc.","Display Holding Company, Inc., Saldon Holdings, Inc. and Fastsigns Holdings Inc. (13)",Consumer Distribution and Retail,Provider of visual communications solutions,First lien senior secured loan,8.97,SOFR (M),5.25,03/2019,03/2028,,15.0,15.0,15.0,(2)(9),49
1041,ARCC,2026-06-30,2026-07-29,0001628280-26-050307,"Display Holding Company, Inc., Saldon Holdings, Inc. and Fastsigns Holdings Inc.","Display Holding Company, Inc., Saldon Holdings, Inc. and Fastsigns Holdings Inc. (13)",Consumer Distribution and Retail,Provider of visual communications solutions,First lien senior secured loan,8.97,SOFR (M),5.25,08/2019,03/2028,,0.1,0.1,0.1,(2)(9),49
1042,ARCC,2026-06-30,2026-07-29,0001628280-26-050307,"Display Holding Company, Inc., Saldon Holdings, Inc. and Fastsigns Holdings Inc.","Display Holding Company, Inc., Saldon Holdings, Inc. and Fastsigns Holdings Inc. (13)",Consumer Distribution and Retail,Provider of visual communications solutions,Common units,,,,03/2019,,600.0,,0.6,1.2,(2),49
1043,ARCC,2026-06-30,2026-07-29,0001628280-26-050307,"FS Squared Holding Corp. and FS Squared, LLC","FS Squared Holding Corp. and FS Squared, LLC (13)",Consumer Distribution and Retail,Provider of on-site vending and micro market solutions,First lien senior secured revolving loan,,,,12/2024,12/2030,,,,,(2)(11),49
1044,ARCC,2026-06-30,2026-07-29,0001628280-26-050307,"FS Squared Holding Corp. and FS Squared, LLC","FS Squared Holding Corp. and FS Squared, LLC (13)",Consumer Distribution and Retail,Provider of on-site vending and micro market solutions,First lien senior secured loan,8.39,SOFR (M),4.75,12/2024,12/2030,,50.7,50.7,50.7,(2)(9),49
1045,ARCC,2026-06-30,2026-07-29,0001628280-26-050307,"GMF Parent, Inc. and GMF Group Holdings, LP","GMF Parent, Inc. and GMF Group Holdings, LP (13)",Consumer Distribution and Retail,Distributor of Mediterranean food and beverages,First lien senior secured revolving loan,8.23,SOFR (Q),4.5,12/2025,12/2032,,0.8,0.8,0.7,(2)(9),49
1046,ARCC,2026-06-30,2026-07-29,0001628280-26-050307,"GMF Parent, Inc. and GMF Group Holdings, LP","GMF Parent, Inc. and GMF Group Holdings, LP (13)",Consumer Distribution and Retail,Distributor of Mediterranean food and beverages,First lien senior secured loan,8.18,SOFR (Q),4.5,12/2025,12/2032,,40.4,40.4,39.2,(2)(9),49
1047,ARCC,2026-06-30,2026-07-29,0001628280-26-050307,"GMF Parent, Inc. and GMF Group Holdings, LP","GMF Parent, Inc. and GMF Group Holdings, LP (13)",Consumer Distribution and Retail,Distributor of Mediterranean food and beverages,Class A2 units,,,,12/2025,,7003.0,,7.0,5.4,(2),49
1048,ARCC,2026-06-30,2026-07-29,0001628280-26-050307,"GPM Investments, LLC and ARKO Corp.","GPM Investments, LLC and ARKO Corp.",Consumer Distribution and Retail,Convenience store operator,Common stock,,,,12/2020,,2088478.0,,19.8,16.8,(16),49
1049,ARCC,2026-06-30,2026-07-29,0001628280-26-050307,"Hills Distribution, Inc., Hills Intermediate FT Holdings, LLC and GMP Hills, LP","Hills Distribution, Inc., Hills Intermediate FT Holdings, LLC and GMP Hills, LP (13)",Consumer Distribution and Retail,"Distributor of HVAC, plumbing, and water heater equipment, parts, supplies and fixtures",First lien senior secured revolving loan,7.7,SOFR (M),4.0,11/2023,11/2029,,4.7,4.7,4.7,(2)(9),49
1050,ARCC,2026-06-30,2026-07-29,0001628280-26-050307,"Hills Distribution, Inc., Hills Intermediate FT Holdings, LLC and GMP Hills, LP","Hills Distribution, Inc., Hills Intermediate FT Holdings, LLC and GMP Hills, LP (13)",Consumer Distribution and Retail,"Distributor of HVAC, plumbing, and water heater equipment, parts, supplies and fixtures",First lien senior secured loan,9.19,SOFR (Q),5.5,12/2025,11/2029,,4.8,4.8,4.8,(2)(9),49
1051,ARCC,2026-06-30,2026-07-29,0001628280-26-050307,"Hills Distribution, Inc., Hills Intermediate FT Holdings, LLC and GMP Hills, LP","Hills Distribution, Inc., Hills Intermediate FT Holdings, LLC and GMP Hills, LP (13)",Consumer Distribution and Retail,"Distributor of HVAC, plumbing, and water heater equipment, parts, supplies and fixtures",First lien senior secured loan,9.23,SOFR (Q),5.5,11/2023,11/2029,,5.2,5.2,5.2,(2)(9),49
1052,ARCC,2026-06-30,2026-07-29,0001628280-26-050307,"Hills Distribution, Inc., Hills Intermediate FT Holdings, LLC and GMP Hills, LP","Hills Distribution, Inc., Hills Intermediate FT Holdings, LLC and GMP Hills, LP (13)",Consumer Distribution and Retail,"Distributor of HVAC, plumbing, and water heater equipment, parts, supplies and fixtures",Limited partnership interest,,,,11/2023,,5441000.0,,5.9,9.3,(2),49
1053,ARCC,2026-06-30,2026-07-29,0001628280-26-050307,"LJ Perimeter Buyer, Inc. and LJ Perimeter Co-Invest, L.P.","LJ Perimeter Buyer, Inc. and LJ Perimeter Co-Invest, L.P. (13)",Consumer Distribution and Retail,Distributor of specialty foods,First lien senior secured loan,9.31,SOFR (Q),5.5,05/2026,10/2031,,38.9,38.9,38.6,(2)(9),49
1054,ARCC,2026-06-30,2026-07-29,0001628280-26-050307,"LJ Perimeter Buyer, Inc. and LJ Perimeter Co-Invest, L.P.","LJ Perimeter Buyer, Inc. and LJ Perimeter Co-Invest, L.P. (13)",Consumer Distribution and Retail,Distributor of specialty foods,Limited partnership interests,,,,10/2022,,11563845.0,,11.6,8.2,(2),49
1055,ARCC,2026-06-30,2026-07-29,0001628280-26-050307,"Marcone Yellowstone Buyer Inc. and Marcone Yellowstone Holdings, LLC","Marcone Yellowstone Buyer Inc. and Marcone Yellowstone Holdings, LLC",Consumer Distribution and Retail,Distributor of OEM appliance aftermarket parts,First lien senior secured loan,7.58,SOFR (Q),3.75,12/2021,06/2028,,0.2,0.2,0.2,(2)(9),49
1056,ARCC,2026-06-30,2026-07-29,0001628280-26-050307,"Marcone Yellowstone Buyer Inc. and Marcone Yellowstone Holdings, LLC","Marcone Yellowstone Buyer Inc. and Marcone Yellowstone Holdings, LLC",Consumer Distribution and Retail,Distributor of OEM appliance aftermarket parts,First lien senior secured loan,7.58,SOFR (Q),3.75,06/2021,06/2028,,0.4,0.4,0.3,(2)(9),49
1057,ARCC,2026-06-30,2026-07-29,0001628280-26-050307,"Marcone Yellowstone Buyer Inc. and Marcone Yellowstone Holdings, LLC","Marcone Yellowstone Buyer Inc. and Marcone Yellowstone Holdings, LLC",Consumer Distribution and Retail,Distributor of OEM appliance aftermarket parts,Class A common units,,,,06/2021,,5796.0,,6.1,,(2),49
1058,ARCC,2026-06-30,2026-07-29,0001628280-26-050307,"Mavis Tire Express Services Topco Corp., Metis HoldCo, Inc., and Metis TopCo, LP","Mavis Tire Express Services Topco Corp., Metis HoldCo, Inc., and Metis TopCo, LP (13)",Consumer Distribution and Retail,Auto parts retailer,First lien senior secured revolving loan,,,,05/2021,05/2028,,,,,(2)(11),49
1059,ARCC,2026-06-30,2026-07-29,0001628280-26-050307,"Mavis Tire Express Services Topco Corp., Metis HoldCo, Inc., and Metis TopCo, LP","Mavis Tire Express Services Topco Corp., Metis HoldCo, Inc., and Metis TopCo, LP (13)",Consumer Distribution and Retail,Auto parts retailer,Class A-1 units,,,,05/2021,,24586.0,,24.6,52.2,(2),49
1060,ARCC,2026-06-30,2026-07-29,0001628280-26-050307,"Midco Holding, LLC and Nivel Topco, LLC","Midco Holding, LLC and Nivel Topco, LLC (4)",Consumer Distribution and Retail,Manufacturer of aftermarket golf cart parts and accessories,First lien senior secured loan,,SOFR (Q),7.5,11/2025,11/2029,,11.7,11.7,11.7,(2)(9),49
1061,ARCC,2026-06-30,2026-07-29,0001628280-26-050307,"Midco Holding, LLC and Nivel Topco, LLC","Midco Holding, LLC and Nivel Topco, LLC (4)",Consumer Distribution and Retail,Manufacturer of aftermarket golf cart parts and accessories,Preferred units,,,,11/2025,,6943696.0,,2.7,2.0,(2),49
1062,ARCC,2026-06-30,2026-07-29,0001628280-26-050307,"Midco Holding, LLC and Nivel Topco, LLC","Midco Holding, LLC and Nivel Topco, LLC (4)",Consumer Distribution and Retail,Manufacturer of aftermarket golf cart parts and accessories,Class A units,,,,11/2025,,5341305.0,,,,(2),49
1063,ARCC,2026-06-30,2026-07-29,0001628280-26-050307,"Monolith Brands Group, Inc.","Monolith Brands Group, Inc.",Consumer Distribution and Retail,E-commerce platform focused on consolidating DTC branded businesses,Series A-1 preferred stock,,,,04/2022,,701255.0,,15.5,,(2),50
1064,ARCC,2026-06-30,2026-07-29,0001628280-26-050307,"Moon Valley Nursery of Arizona Retail, LLC, Moon Valley Nursery Farm Holdings, LLC, Moon Valley Nursery RE Holdings LLC, and Stonecourt IV Partners, LP","Moon Valley Nursery of Arizona Retail, LLC, Moon Valley Nursery Farm Holdings, LLC, Moon Valley Nursery RE Holdings LLC, and Stonecourt IV Partners, LP",Consumer Distribution and Retail,Operator of retail and wholesale tree and plant nurseries,Limited partnership interests,,,,10/2021,,21939152.0,,20.8,11.0,,50
1065,ARCC,2026-06-30,2026-07-29,0001628280-26-050307,Mountaineer Merger Corporation,Mountaineer Merger Corporation (13),Consumer Distribution and Retail,"Discount retailer that specialized in apparel, housewares, accessories, and a selection of other products",First lien senior secured revolving loan,,SOFR (Q),6.25,10/2024,10/2027,,8.1,8.0,7.7,(2),50
1066,ARCC,2026-06-30,2026-07-29,0001628280-26-050307,"Mr. Greens Intermediate, LLC, Florida Veg Investments LLC, MRG Texas, LLC and Restaurant Produce and Services Blocker, LLC","Mr. Greens Intermediate, LLC, Florida Veg Investments LLC, MRG Texas, LLC and Restaurant Produce and Services Blocker, LLC (13)",Consumer Distribution and Retail,Produce distribution platform,First lien senior secured revolving loan,,,,05/2023,05/2031,,,,,(2)(11),50
1067,ARCC,2026-06-30,2026-07-29,0001628280-26-050307,"Mr. Greens Intermediate, LLC, Florida Veg Investments LLC, MRG Texas, LLC and Restaurant Produce and Services Blocker, LLC","Mr. Greens Intermediate, LLC, Florida Veg Investments LLC, MRG Texas, LLC and Restaurant Produce and Services Blocker, LLC (13)",Consumer Distribution and Retail,Produce distribution platform,First lien senior secured loan,9.52,SOFR (Q),5.75,06/2025,05/2031,,2.4,2.4,2.4,(2)(9),50
1068,ARCC,2026-06-30,2026-07-29,0001628280-26-050307,"Mr. Greens Intermediate, LLC, Florida Veg Investments LLC, MRG Texas, LLC and Restaurant Produce and Services Blocker, LLC","Mr. Greens Intermediate, LLC, Florida Veg Investments LLC, MRG Texas, LLC and Restaurant Produce and Services Blocker, LLC (13)",Consumer Distribution and Retail,Produce distribution platform,First lien senior secured loan,9.51,SOFR (Q),5.75,05/2023,05/2031,,11.6,11.6,11.6,(2)(9),50
1069,ARCC,2026-06-30,2026-07-29,0001628280-26-050307,"Mr. Greens Intermediate, LLC, Florida Veg Investments LLC, MRG Texas, LLC and Restaurant Produce and Services Blocker, LLC","Mr. Greens Intermediate, LLC, Florida Veg Investments LLC, MRG Texas, LLC and Restaurant Produce and Services Blocker, LLC (13)",Consumer Distribution and Retail,Produce distribution platform,First lien senior secured loan,9.49,SOFR (Q),5.75,05/2026,05/2031,,1.6,1.6,1.6,(2)(9),50
1070,ARCC,2026-06-30,2026-07-29,0001628280-26-050307,"Mr. Greens Intermediate, LLC, Florida Veg Investments LLC, MRG Texas, LLC and Restaurant Produce and Services Blocker, LLC","Mr. Greens Intermediate, LLC, Florida Veg Investments LLC, MRG Texas, LLC and Restaurant Produce and Services Blocker, LLC (13)",Consumer Distribution and Retail,Produce distribution platform,Class B limited liability company interest,,,,05/2023,,3.65,,10.2,9.5,(2),50
1071,ARCC,2026-06-30,2026-07-29,0001628280-26-050307,"Project Cardinal Acquisition, LLC","Project Cardinal Acquisition, LLC (13)",Consumer Distribution and Retail,Provider of outsourced foodservice to K-12 school districts,First lien senior secured loan,8.23,SOFR (Q),4.5,10/2025,10/2032,,6.8,6.8,6.7,(2)(9),50
1072,ARCC,2026-06-30,2026-07-29,0001628280-26-050307,"Quirch Foods Holdings, LLC","Quirch Foods Holdings, LLC (13)",Consumer Distribution and Retail,Specialty food distributor,First lien senior secured loan,10.19,SOFR (M),6.5,11/2025,11/2030,,114.4,114.4,114.4,(2)(9),50
1073,ARCC,2026-06-30,2026-07-29,0001628280-26-050307,Reddy Ice LLC,Reddy Ice LLC (13),Consumer Distribution and Retail,Packaged ice manufacturer and distributor,First lien senior secured revolving loan,8.9,SOFR (M),5.25,04/2024,04/2029,,19.3,19.3,19.3,(2)(9)(12),50
1074,ARCC,2026-06-30,2026-07-29,0001628280-26-050307,Reddy Ice LLC,Reddy Ice LLC (13),Consumer Distribution and Retail,Packaged ice manufacturer and distributor,First lien senior secured revolving loan,11.0,Base Rate (Q),4.25,04/2024,04/2029,,9.3,9.3,9.3,(2)(9)(12),50
1075,ARCC,2026-06-30,2026-07-29,0001628280-26-050307,Reddy Ice LLC,Reddy Ice LLC (13),Consumer Distribution and Retail,Packaged ice manufacturer and distributor,First lien senior secured revolving loan,11.0,Base Rate (Q),4.25,04/2024,04/2029,,5.8,5.8,5.8,(2)(9),50
1076,ARCC,2026-06-30,2026-07-29,0001628280-26-050307,Reddy Ice LLC,Reddy Ice LLC (13),Consumer Distribution and Retail,Packaged ice manufacturer and distributor,First lien senior secured loan,8.86,SOFR (M),5.25,04/2024,04/2029,,125.6,125.6,125.6,(2)(9),50
1077,ARCC,2026-06-30,2026-07-29,0001628280-26-050307,Reddy Ice LLC,Reddy Ice LLC (13),Consumer Distribution and Retail,Packaged ice manufacturer and distributor,First lien senior secured loan,8.86,SOFR (M),5.25,07/2025,04/2029,,183.6,183.6,183.6,(2)(9),50
1078,ARCC,2026-06-30,2026-07-29,0001628280-26-050307,"Royal Borrower, LLC and Royal Parent, LP","Royal Borrower, LLC and Royal Parent, LP (13)",Consumer Distribution and Retail,Distributor of fresh produce and dairy products,First lien senior secured revolving loan,,,,07/2024,07/2030,,,,,(2)(11),50
1079,ARCC,2026-06-30,2026-07-29,0001628280-26-050307,"Royal Borrower, LLC and Royal Parent, LP","Royal Borrower, LLC and Royal Parent, LP (13)",Consumer Distribution and Retail,Distributor of fresh produce and dairy products,First lien senior secured loan,9.39,SOFR (M),5.75,07/2024,07/2030,,25.2,25.2,25.2,(2)(9),50
1080,ARCC,2026-06-30,2026-07-29,0001628280-26-050307,"Royal Borrower, LLC and Royal Parent, LP","Royal Borrower, LLC and Royal Parent, LP (13)",Consumer Distribution and Retail,Distributor of fresh produce and dairy products,Class A preferred units,,,,07/2024,,2255000.0,,2.7,2.4,,50
1081,ARCC,2026-06-30,2026-07-29,0001628280-26-050307,"Shur-Co Acquisition, Inc. and Shur-Co Holdco, Inc.","Shur-Co Acquisition, Inc. and Shur-Co Holdco, Inc.",Consumer Distribution and Retail,"Provider of tarp systems and accessories for trucks, trailers, carts, and specialty equipment used in the agriculture, construction and flatbed markets",First lien senior secured loan,9.14,SOFR (M),5.5,03/2023,07/2030,,6.0,6.0,6.0,(2)(9),50
1082,ARCC,2026-06-30,2026-07-29,0001628280-26-050307,"Shur-Co Acquisition, Inc. and Shur-Co Holdco, Inc.","Shur-Co Acquisition, Inc. and Shur-Co Holdco, Inc.",Consumer Distribution and Retail,"Provider of tarp systems and accessories for trucks, trailers, carts, and specialty equipment used in the agriculture, construction and flatbed markets",First lien senior secured loan,9.14,SOFR (M),5.5,05/2024,07/2030,,12.5,12.5,12.5,(2)(9),51
1083,ARCC,2026-06-30,2026-07-29,0001628280-26-050307,"Shur-Co Acquisition, Inc. and Shur-Co Holdco, Inc.","Shur-Co Acquisition, Inc. and Shur-Co Holdco, Inc.",Consumer Distribution and Retail,"Provider of tarp systems and accessories for trucks, trailers, carts, and specialty equipment used in the agriculture, construction and flatbed markets",First lien senior secured loan,9.14,SOFR (M),5.5,06/2021,07/2030,,30.9,30.9,30.9,(2)(9),51
1084,ARCC,2026-06-30,2026-07-29,0001628280-26-050307,"Shur-Co Acquisition, Inc. and Shur-Co Holdco, Inc.","Shur-Co Acquisition, Inc. and Shur-Co Holdco, Inc.",Consumer Distribution and Retail,"Provider of tarp systems and accessories for trucks, trailers, carts, and specialty equipment used in the agriculture, construction and flatbed markets",First lien senior secured loan,9.14,SOFR (M),5.5,08/2024,07/2030,,5.4,5.4,5.4,(2)(9),51
1085,ARCC,2026-06-30,2026-07-29,0001628280-26-050307,"Shur-Co Acquisition, Inc. and Shur-Co Holdco, Inc.","Shur-Co Acquisition, Inc. and Shur-Co Holdco, Inc.",Consumer Distribution and Retail,"Provider of tarp systems and accessories for trucks, trailers, carts, and specialty equipment used in the agriculture, construction and flatbed markets",First lien senior secured loan,9.23,SOFR (A),5.5,06/2026,07/2030,,9.1,9.1,9.1,(2)(9),51
1086,ARCC,2026-06-30,2026-07-29,0001628280-26-050307,"Shur-Co Acquisition, Inc. and Shur-Co Holdco, Inc.","Shur-Co Acquisition, Inc. and Shur-Co Holdco, Inc.",Consumer Distribution and Retail,"Provider of tarp systems and accessories for trucks, trailers, carts, and specialty equipment used in the agriculture, construction and flatbed markets",First lien senior secured loan,9.14,SOFR (M),5.5,06/2022,07/2030,,0.5,0.5,0.5,(2)(9),51
1087,ARCC,2026-06-30,2026-07-29,0001628280-26-050307,"Worldwide Produce Acquisition, LLC and REP WWP Coinvest IV, L.P.","Worldwide Produce Acquisition, LLC and REP WWP Coinvest IV, L.P. (13)(14)",Consumer Distribution and Retail,Fresh and specialty food distributor,First lien senior secured revolving loan,10.4,SOFR (Q),6.75,02/2023,01/2029,,0.3,0.3,0.2,(2)(9)(12),51
1088,ARCC,2026-06-30,2026-07-29,0001628280-26-050307,"Worldwide Produce Acquisition, LLC and REP WWP Coinvest IV, L.P.","Worldwide Produce Acquisition, LLC and REP WWP Coinvest IV, L.P. (13)(14)",Consumer Distribution and Retail,Fresh and specialty food distributor,First lien senior secured loan,12.41,SOFR (Q),8.75,02/2023,01/2029,,8.5,8.5,7.4,(2)(9),51
1089,ARCC,2026-06-30,2026-07-29,0001628280-26-050307,"Worldwide Produce Acquisition, LLC and REP WWP Coinvest IV, L.P.","Worldwide Produce Acquisition, LLC and REP WWP Coinvest IV, L.P. (13)(14)",Consumer Distribution and Retail,Fresh and specialty food distributor,Common units,,,,01/2023,,1673000.0,,1.7,,,51
1090,ARCC,2026-06-30,2026-07-29,0001628280-26-050307,ACAS Equity Holdings Corporation,ACAS Equity Holdings Corporation (5),Investment Funds and Vehicles,Investment company,Common stock,,,,01/2017,,589.0,,0.4,0.4,(6),51
1091,ARCC,2026-06-30,2026-07-29,0001628280-26-050307,"Constellation Wealth Capital Fund, L.P., Constellation Wealth Capital Fund II LP, and CWC Fund II GP Capital LP","Constellation Wealth Capital Fund, L.P., Constellation Wealth Capital Fund II LP, and CWC Fund II GP Capital LP (14)",Investment Funds and Vehicles,Specialist alternative asset management platform,Limited partner interests,,,,01/2024,,4665197.0,,4.3,5.0,(6)(16),51
1092,ARCC,2026-06-30,2026-07-29,0001628280-26-050307,"Constellation Wealth Capital Fund, L.P., Constellation Wealth Capital Fund II LP, and CWC Fund II GP Capital LP","Constellation Wealth Capital Fund, L.P., Constellation Wealth Capital Fund II LP, and CWC Fund II GP Capital LP (14)",Investment Funds and Vehicles,Specialist alternative asset management platform,Limited partnership interests,,,,06/2026,,2560000.0,,0.6,0.6,(6),51
1093,ARCC,2026-06-30,2026-07-29,0001628280-26-050307,"Constellation Wealth Capital Fund, L.P., Constellation Wealth Capital Fund II LP, and CWC Fund II GP Capital LP","Constellation Wealth Capital Fund, L.P., Constellation Wealth Capital Fund II LP, and CWC Fund II GP Capital LP (14)",Investment Funds and Vehicles,Specialist alternative asset management platform,Limited partnership interests,,,,06/2026,,3840000.0,,0.8,0.8,(6),51
1094,ARCC,2026-06-30,2026-07-29,0001628280-26-050307,CREST Exeter Street Solar 2004-1,CREST Exeter Street Solar 2004-1,Investment Funds and Vehicles,Investment vehicle,Preferred shares,,,,01/2017,06/2039,3500000.0,,,,(6),51
1095,ARCC,2026-06-30,2026-07-29,0001628280-26-050307,CWC Fund I Co-Invest (ALTI) LP,CWC Fund I Co-Invest (ALTI) LP,Investment Funds and Vehicles,Global wealth and alternatives manager,Limited partnership interest,,,,03/2024,,6224000.0,,6.3,7.8,(2)(6),51
1096,ARCC,2026-06-30,2026-07-29,0001628280-26-050307,European Capital UK SME Debt LP,European Capital UK SME Debt LP (4),Investment Funds and Vehicles,Investment partnership,Limited partnership interest,,,,01/2017,,44.73,,,0.2,(6)(16),51
1097,ARCC,2026-06-30,2026-07-29,0001628280-26-050307,"HCI Equity, LLC","HCI Equity, LLC (5)",Investment Funds and Vehicles,Investment company,Member interest,,,,04/2010,,100.0,,,,(6)(16),51
1098,ARCC,2026-06-30,2026-07-29,0001628280-26-050307,Linden Structured Capital Fund II-A LP,Linden Structured Capital Fund II-A LP (14),Investment Funds and Vehicles,Investment partnership,Limited partnership interest,,,,07/2024,,1828249.0,,1.3,2.2,(2)(6)(16),51
1099,ARCC,2026-06-30,2026-07-29,0001628280-26-050307,"Partnership Capital Growth Investors III, L.P.","Partnership Capital Growth Investors III, L.P. (4)",Investment Funds and Vehicles,Investment partnership,Limited partnership interest,,,,10/2011,,11.5,,0.7,2.3,(2)(6)(16),51
1100,ARCC,2026-06-30,2026-07-29,0001628280-26-050307,"PCG-Ares Sidecar Investment, L.P.","PCG-Ares Sidecar Investment, L.P. (4)",Investment Funds and Vehicles,Investment partnership,Limited partnership interest,,,,05/2014,,99.8,,4.5,0.2,(6)(16),51
1101,ARCC,2026-06-30,2026-07-29,0001628280-26-050307,"PCG-TAC-CV, LP","PCG-TAC-CV, LP (5)",Investment Funds and Vehicles,Investment partnership,Limited partnership interest,,,,01/2025,,99.8,,,6.8,(2)(6)(16),51
1102,ARCC,2026-06-30,2026-07-29,0001628280-26-050307,"Piper Jaffray Merchant Banking Fund I, L.P.","Piper Jaffray Merchant Banking Fund I, L.P.",Investment Funds and Vehicles,Investment partnership,Limited partnership interest,,,,08/2012,,2.02,,0.1,0.5,(6)(16),51
1103,ARCC,2026-06-30,2026-07-29,0001628280-26-050307,"Senior Direct Lending Program, LLC","Senior Direct Lending Program, LLC (5)(15)",Investment Funds and Vehicles,Co-investment vehicle,Subordinated certificates,11.73,SOFR (S),8.0,07/2016,12/2036,,1153.7,1140.4,1153.7,(6)(10),51
1104,ARCC,2026-06-30,2026-07-29,0001628280-26-050307,"Senior Direct Lending Program, LLC","Senior Direct Lending Program, LLC (5)(15)",Investment Funds and Vehicles,Co-investment vehicle,Membership interest,,,,,,87.5,,,,(6),51
1105,ARCC,2026-06-30,2026-07-29,0001628280-26-050307,22 HoldCo Limited,22 HoldCo Limited,"Sports, Media and Entertainment",Sports and entertainment platform,Senior subordinated loan,,SONIA (S),7.5,08/2023,08/2033,,72.1,69.6,72.1,(2)(6)(9),52
1106,ARCC,2026-06-30,2026-07-29,0001628280-26-050307,3 Step Sports LLC,3 Step Sports LLC (13),"Sports, Media and Entertainment",Provider of integrated youth sports solutions,First lien senior secured revolving loan,10.15,SOFR (M),6.5,10/2023,10/2028,,1.4,1.4,1.4,(2)(9),52
1107,ARCC,2026-06-30,2026-07-29,0001628280-26-050307,3 Step Sports LLC,3 Step Sports LLC (13),"Sports, Media and Entertainment",Provider of integrated youth sports solutions,First lien senior secured loan,10.23,SOFR (Q),6.5,10/2023,10/2029,,12.6,12.6,12.6,(2)(9),52
1108,ARCC,2026-06-30,2026-07-29,0001628280-26-050307,3 Step Sports LLC,3 Step Sports LLC (13),"Sports, Media and Entertainment",Provider of integrated youth sports solutions,First lien senior secured loan,10.23,SOFR (Q),6.5,12/2025,10/2029,,2.8,2.8,2.8,(2)(9),52
1109,ARCC,2026-06-30,2026-07-29,0001628280-26-050307,Aventine Intermediate LLC & Aventine Holdings II LLC,Aventine Intermediate LLC & Aventine Holdings II LLC,"Sports, Media and Entertainment",Media and production company,First lien senior secured loan,,SOFR (Q),6.0,12/2021,06/2029,,6.3,6.3,5.8,(2)(9),52
1110,ARCC,2026-06-30,2026-07-29,0001628280-26-050307,Aventine Intermediate LLC & Aventine Holdings II LLC,Aventine Intermediate LLC & Aventine Holdings II LLC,"Sports, Media and Entertainment",Media and production company,Second lien senior secured loan,,,,12/2021,12/2030,,55.9,55.3,40.8,(2)(8),52
1111,ARCC,2026-06-30,2026-07-29,0001628280-26-050307,"Axiomatic, LLC","Axiomatic, LLC","Sports, Media and Entertainment",Premiere e-sports and video game investment platform,First lien senior secured notes,,,,06/2026,12/2027,,0.1,0.1,0.1,(2),52
1112,ARCC,2026-06-30,2026-07-29,0001628280-26-050307,"Axiomatic, LLC","Axiomatic, LLC","Sports, Media and Entertainment",Premiere e-sports and video game investment platform,Class A-1 units,,,,05/2022,,500000.0,,4.7,5.9,,52
1113,ARCC,2026-06-30,2026-07-29,0001628280-26-050307,"Bad Vibes Forever, LLC and Bad Vibes Forever Publishing, LLC","Bad Vibes Forever, LLC and Bad Vibes Forever Publishing, LLC","Sports, Media and Entertainment",The estate and entity that owns the music copyright of the artist XXXTentacion,First lien senior secured loan,9.35,SOFR (S),5.5,06/2025,06/2032,,20.4,20.4,20.4,(2)(9),52
1114,ARCC,2026-06-30,2026-07-29,0001628280-26-050307,CFC Funding LLC,CFC Funding LLC,"Sports, Media and Entertainment",SME-related SPV,Loan instrument units,,,,07/2023,,16680.0,,21.2,21.2,(6),52
1115,ARCC,2026-06-30,2026-07-29,0001628280-26-050307,"CMW Parent LLC (fka Black Arrow, Inc.)","CMW Parent LLC (fka Black Arrow, Inc.)","Sports, Media and Entertainment",Multiplatform media firm,Series A units,,,,09/2015,,32.0,,,,,52
1116,ARCC,2026-06-30,2026-07-29,0001628280-26-050307,"Create Music Holdings, LLC","Create Music Holdings, LLC (13)","Sports, Media and Entertainment",Music rights management company,Second lien senior secured loan,,SOFR (Q),6.25,02/2026,02/2033,,29.2,29.2,28.7,(2)(9),52
1117,ARCC,2026-06-30,2026-07-29,0001628280-26-050307,"Create Music Holdings, LLC","Create Music Holdings, LLC (13)","Sports, Media and Entertainment",Music rights management company,Class A common stock,,,,02/2026,,642138.0,,7.1,7.1,,52
1118,ARCC,2026-06-30,2026-07-29,0001628280-26-050307,"Dundee Eros, LP","Dundee Eros, LP","Sports, Media and Entertainment",Catalog of premier music intellectual property,Limited partnership interest,,,,11/2024,,4803441.0,,4.8,5.1,(2),52
1119,ARCC,2026-06-30,2026-07-29,0001628280-26-050307,Eagle Football Holdings BidCo Limited,Eagle Football Holdings BidCo Limited,"Sports, Media and Entertainment",Multi-club sports platform,Common stock,,,,06/2026,,2550171.0,,2.6,2.6,(2)(6),52
1120,ARCC,2026-06-30,2026-07-29,0001628280-26-050307,"FEH Group, LLC.","FEH Group, LLC.","Sports, Media and Entertainment",Professional sports team and entertainment complex,Class A common interest,,,,12/2024,,26.0,,180.5,266.5,,52
1121,ARCC,2026-06-30,2026-07-29,0001628280-26-050307,"FEH Group, LLC.","FEH Group, LLC.","Sports, Media and Entertainment",Professional sports team and entertainment complex,Class A common interest,,,,12/2024,,26.0,,5.3,7.8,,52
1122,ARCC,2026-06-30,2026-07-29,0001628280-26-050307,"FEH Group, LLC.","FEH Group, LLC.","Sports, Media and Entertainment",Professional sports team and entertainment complex,Class A common interest,,,,12/2024,,26.0,,1.3,1.9,,52
1123,ARCC,2026-06-30,2026-07-29,0001628280-26-050307,"Fever Labs, Inc.","Fever Labs, Inc. (13)","Sports, Media and Entertainment",Technology led marketing and ticketing platform for live events,First lien senior secured revolving loan,11.0,,,08/2024,11/2028,,14.8,14.8,14.8,(2),52
1124,ARCC,2026-06-30,2026-07-29,0001628280-26-050307,"Fever Labs, Inc.","Fever Labs, Inc. (13)","Sports, Media and Entertainment",Technology led marketing and ticketing platform for live events,First lien senior secured loan,10.5,,,01/2026,11/2028,,3.8,3.8,3.8,(2),52
1125,ARCC,2026-06-30,2026-07-29,0001628280-26-050307,"Fever Labs, Inc.","Fever Labs, Inc. (13)","Sports, Media and Entertainment",Technology led marketing and ticketing platform for live events,First lien senior secured loan,11.0,,,05/2024,11/2028,,16.8,15.7,16.8,(2),52
1126,ARCC,2026-06-30,2026-07-29,0001628280-26-050307,"Fever Labs, Inc.","Fever Labs, Inc. (13)","Sports, Media and Entertainment",Technology led marketing and ticketing platform for live events,First lien senior secured loan,10.5,,,12/2025,11/2028,,1.9,1.9,1.9,(2),52
1127,ARCC,2026-06-30,2026-07-29,0001628280-26-050307,"Fever Labs, Inc.","Fever Labs, Inc. (13)","Sports, Media and Entertainment",Technology led marketing and ticketing platform for live events,Series B redeemable preferred stock,,,,06/2025,,8824.0,,10.2,10.2,(2),52
1128,ARCC,2026-06-30,2026-07-29,0001628280-26-050307,"Fever Labs, Inc.","Fever Labs, Inc. (13)","Sports, Media and Entertainment",Technology led marketing and ticketing platform for live events,Series E-5 convertible shares,,,,08/2024,,217907.0,,0.9,1.5,(2),53
1129,ARCC,2026-06-30,2026-07-29,0001628280-26-050307,"Fever Labs, Inc.","Fever Labs, Inc. (13)","Sports, Media and Entertainment",Technology led marketing and ticketing platform for live events,Warrant to purchase common stock,,,,06/2025,06/2035,177076.0,,,0.7,(2),53
1130,ARCC,2026-06-30,2026-07-29,0001628280-26-050307,"Firebird Music Holdings, LLC","Firebird Music Holdings, LLC","Sports, Media and Entertainment",Acquiror of music companies primarily focused on artist and rights management,Common units,,,,06/2026,,2955319.0,,4.2,4.2,,53
1131,ARCC,2026-06-30,2026-07-29,0001628280-26-050307,Firebird Music Rights I LP,Firebird Music Rights I LP (4) (14),"Sports, Media and Entertainment",Acquiror of music companies primarily focused on artist and rights management,Limited partnership interests,,,,06/2026,,340110.0,,0.3,0.3,,53
1132,ARCC,2026-06-30,2026-07-29,0001628280-26-050307,"Global Music Rights, LLC","Global Music Rights, LLC (13)","Sports, Media and Entertainment",Music right management company,First lien senior secured revolving loan,7.88,SOFR (M),4.25,12/2024,12/2031,,6.0,6.0,6.1,(2)(9),53
1133,ARCC,2026-06-30,2026-07-29,0001628280-26-050307,"Global Music Rights, LLC","Global Music Rights, LLC (13)","Sports, Media and Entertainment",Music right management company,First lien senior secured loan,7.98,SOFR (Q),4.25,12/2024,12/2031,,72.0,72.0,72.7,(2)(9),53
1134,ARCC,2026-06-30,2026-07-29,0001628280-26-050307,GSM Rights Fund II LP,GSM Rights Fund II LP (14),"Sports, Media and Entertainment",Private investment firm specializing in music rights and IP assets,Class B interest,,,,03/2025,03/2031,5123898.0,,5.1,5.2,(6),53
1135,ARCC,2026-06-30,2026-07-29,0001628280-26-050307,"League One Volleyball Clubs, LLC and League One Volleyball, Inc.","League One Volleyball Clubs, LLC and League One Volleyball, Inc.","Sports, Media and Entertainment",Operator of youth volleyball clubs,Series B preferred stock,,,,07/2023,,194.0,,,,(2),53
1136,ARCC,2026-06-30,2026-07-29,0001628280-26-050307,"League One Volleyball Clubs, LLC and League One Volleyball, Inc.","League One Volleyball Clubs, LLC and League One Volleyball, Inc.","Sports, Media and Entertainment",Operator of youth volleyball clubs,Series C preferred stock,,,,09/2024,,67.0,,,,(2),53
1137,ARCC,2026-06-30,2026-07-29,0001628280-26-050307,"League One Volleyball Clubs, LLC and League One Volleyball, Inc.","League One Volleyball Clubs, LLC and League One Volleyball, Inc.","Sports, Media and Entertainment",Operator of youth volleyball clubs,Warrant to purchase common stock,,,,01/2025,01/2030,8.0,,,,(2),53
1138,ARCC,2026-06-30,2026-07-29,0001628280-26-050307,"Legends Hospitality Holding Company, LLC, ASM Buyer, Inc., Legends ASM Holdco I, LLC, and Stadium Coinvest (B)-III, L.P.","Legends Hospitality Holding Company, LLC, ASM Buyer, Inc., Legends ASM Holdco I, LLC, and Stadium Coinvest (B)-III, L.P. (13)","Sports, Media and Entertainment",Hospitality platform provider of premium experiential services,First lien senior secured revolving loan,8.64,SOFR (M),5.0,08/2024,08/2030,,3.0,3.0,3.0,(2)(9)(12),53
1139,ARCC,2026-06-30,2026-07-29,0001628280-26-050307,"Legends Hospitality Holding Company, LLC, ASM Buyer, Inc., Legends ASM Holdco I, LLC, and Stadium Coinvest (B)-III, L.P.","Legends Hospitality Holding Company, LLC, ASM Buyer, Inc., Legends ASM Holdco I, LLC, and Stadium Coinvest (B)-III, L.P. (13)","Sports, Media and Entertainment",Hospitality platform provider of premium experiential services,First lien senior secured loan,8.66,SOFR (Q),5.0,08/2024,08/2031,,3.3,3.3,3.3,(2)(9),53
1140,ARCC,2026-06-30,2026-07-29,0001628280-26-050307,"Legends Hospitality Holding Company, LLC, ASM Buyer, Inc., Legends ASM Holdco I, LLC, and Stadium Coinvest (B)-III, L.P.","Legends Hospitality Holding Company, LLC, ASM Buyer, Inc., Legends ASM Holdco I, LLC, and Stadium Coinvest (B)-III, L.P. (13)","Sports, Media and Entertainment",Hospitality platform provider of premium experiential services,First lien senior secured loan,,SOFR (Q),5.5,08/2024,08/2031,,58.6,58.6,58.0,(2)(9),53
1141,ARCC,2026-06-30,2026-07-29,0001628280-26-050307,"Legends Hospitality Holding Company, LLC, ASM Buyer, Inc., Legends ASM Holdco I, LLC, and Stadium Coinvest (B)-III, L.P.","Legends Hospitality Holding Company, LLC, ASM Buyer, Inc., Legends ASM Holdco I, LLC, and Stadium Coinvest (B)-III, L.P. (13)","Sports, Media and Entertainment",Hospitality platform provider of premium experiential services,Limited partnership interest,,,,02/2025,,6555000.0,,6.7,6.2,(2),53
1142,ARCC,2026-06-30,2026-07-29,0001628280-26-050307,"LiveBarn Inc., LiveBarn US, LLC, LiveBarn Canada I, ULC, and Royal Topco Holdings, LLC","LiveBarn Inc., LiveBarn US, LLC, LiveBarn Canada I, ULC, and Royal Topco Holdings, LLC (13)","Sports, Media and Entertainment",Provider of Live & On Demand broadcasting of amateur and youth sporting events,First lien senior secured revolving loan,6.78,CORRA (S),4.5,03/2026,03/2033,,1.5,1.5,1.5,(2)(6)(9),53
1143,ARCC,2026-06-30,2026-07-29,0001628280-26-050307,"LiveBarn Inc., LiveBarn US, LLC, LiveBarn Canada I, ULC, and Royal Topco Holdings, LLC","LiveBarn Inc., LiveBarn US, LLC, LiveBarn Canada I, ULC, and Royal Topco Holdings, LLC (13)","Sports, Media and Entertainment",Provider of Live & On Demand broadcasting of amateur and youth sporting events,Class A units,,,,03/2026,,5430.0,,5.5,5.6,(2)(6),53
1144,ARCC,2026-06-30,2026-07-29,0001628280-26-050307,"LiveBarn Inc., LiveBarn US, LLC, LiveBarn Canada I, ULC, and Royal Topco Holdings, LLC","LiveBarn Inc., LiveBarn US, LLC, LiveBarn Canada I, ULC, and Royal Topco Holdings, LLC (13)","Sports, Media and Entertainment",Provider of Live & On Demand broadcasting of amateur and youth sporting events,Vested Class B units,,,,03/2026,,5429644.0,,,,(2)(6),53
1145,ARCC,2026-06-30,2026-07-29,0001628280-26-050307,Mari Events Midco LLC and AE EventsCo Holdings LLC,Mari Events Midco LLC and AE EventsCo Holdings LLC (13),"Sports, Media and Entertainment",Sports and entertainment company,First lien senior secured loan,7.73,SOFR (Q),4.0,10/2025,10/2032,,5.3,5.3,5.3,(2)(9),53
1146,ARCC,2026-06-30,2026-07-29,0001628280-26-050307,Mari Events Midco LLC and AE EventsCo Holdings LLC,Mari Events Midco LLC and AE EventsCo Holdings LLC (13),"Sports, Media and Entertainment",Sports and entertainment company,Class A-1 units,,,,10/2025,,449.0,,4.5,5.0,,53
1147,ARCC,2026-06-30,2026-07-29,0001628280-26-050307,Mari Events Midco LLC and AE EventsCo Holdings LLC,Mari Events Midco LLC and AE EventsCo Holdings LLC (13),"Sports, Media and Entertainment",Sports and entertainment company,Class A-2 units,,,,10/2025,,628.0,,6.3,6.9,(2),53
1148,ARCC,2026-06-30,2026-07-29,0001628280-26-050307,Mari Events Midco LLC and AE EventsCo Holdings LLC,Mari Events Midco LLC and AE EventsCo Holdings LLC (13),"Sports, Media and Entertainment",Sports and entertainment company,Class A-3 units,,,,10/2025,,293.0,,2.9,3.2,(2),53
1149,ARCC,2026-06-30,2026-07-29,0001628280-26-050307,"Mari Miami II LLC and South Florida Tennis, LLC","Mari Miami II LLC and South Florida Tennis, LLC","Sports, Media and Entertainment",Professional sporting event,First lien senior secured loan,8.73,SOFR (Q),5.0,10/2025,10/2032,,5.8,5.8,5.8,(2)(9),53
1150,ARCC,2026-06-30,2026-07-29,0001628280-26-050307,"Mari Miami II LLC and South Florida Tennis, LLC","Mari Miami II LLC and South Florida Tennis, LLC","Sports, Media and Entertainment",Professional sporting event,Class A common interests,,,,10/2025,,26.0,,2.3,7.8,,54
1151,ARCC,2026-06-30,2026-07-29,0001628280-26-050307,Miami Beckham United LLC,Miami Beckham United LLC,"Sports, Media and Entertainment",American professional soccer club,Class A preferred units,,,,09/2021,,85000.0,,130.9,130.9,,54
1152,ARCC,2026-06-30,2026-07-29,0001628280-26-050307,Miami Beckham United LLC,Miami Beckham United LLC,"Sports, Media and Entertainment",American professional soccer club,Class B preferred units,,,,06/2023,,42500.0,,56.3,56.3,,54
1153,ARCC,2026-06-30,2026-07-29,0001628280-26-050307,"Production Resource Group, L.L.C. and PRG III, LLC","Production Resource Group, L.L.C. and PRG III, LLC (4)","Sports, Media and Entertainment","Provider of rental equipment, labor, production management, scenery, and other products to various entertainment end-markets",First lien senior secured loan,,SOFR (Q),7.5,07/2020,10/2030,,69.0,68.7,69.0,(2)(9),54
1154,ARCC,2026-06-30,2026-07-29,0001628280-26-050307,"Production Resource Group, L.L.C. and PRG III, LLC","Production Resource Group, L.L.C. and PRG III, LLC (4)","Sports, Media and Entertainment","Provider of rental equipment, labor, production management, scenery, and other products to various entertainment end-markets",First lien senior secured loan,,SOFR (M),7.5,04/2026,10/2030,,6.9,6.9,6.9,(2)(9),54
1155,ARCC,2026-06-30,2026-07-29,0001628280-26-050307,"Production Resource Group, L.L.C. and PRG III, LLC","Production Resource Group, L.L.C. and PRG III, LLC (4)","Sports, Media and Entertainment","Provider of rental equipment, labor, production management, scenery, and other products to various entertainment end-markets",First lien senior secured loan,,SOFR (Q),7.5,10/2025,10/2030,,2.8,2.7,2.8,(2)(9),54
1156,ARCC,2026-06-30,2026-07-29,0001628280-26-050307,"Production Resource Group, L.L.C. and PRG III, LLC","Production Resource Group, L.L.C. and PRG III, LLC (4)","Sports, Media and Entertainment","Provider of rental equipment, labor, production management, scenery, and other products to various entertainment end-markets",First lien senior secured loan,,SOFR (Q),7.5,01/2026,10/2030,,2.6,2.6,2.6,(2)(9),54
1157,ARCC,2026-06-30,2026-07-29,0001628280-26-050307,"Production Resource Group, L.L.C. and PRG III, LLC","Production Resource Group, L.L.C. and PRG III, LLC (4)","Sports, Media and Entertainment","Provider of rental equipment, labor, production management, scenery, and other products to various entertainment end-markets",Membership interest,,,,10/2025,,151988.0,,13.6,3.1,(2),54
1158,ARCC,2026-06-30,2026-07-29,0001628280-26-050307,"Professional Fighters League, LLC, PFL MMA LLC and PFL MMA, Inc.","Professional Fighters League, LLC, PFL MMA LLC and PFL MMA, Inc.","Sports, Media and Entertainment",Mixed martial arts league,First lien senior secured loan,,,,01/2021,01/2029,,14.2,14.2,14.2,(2),54
1159,ARCC,2026-06-30,2026-07-29,0001628280-26-050307,"Professional Fighters League, LLC, PFL MMA LLC and PFL MMA, Inc.","Professional Fighters League, LLC, PFL MMA LLC and PFL MMA, Inc.","Sports, Media and Entertainment",Mixed martial arts league,Senior subordinated loan,,,,11/2022,01/2036,,0.3,0.2,0.2,(2),54
1160,ARCC,2026-06-30,2026-07-29,0001628280-26-050307,"Professional Fighters League, LLC, PFL MMA LLC and PFL MMA, Inc.","Professional Fighters League, LLC, PFL MMA LLC and PFL MMA, Inc.","Sports, Media and Entertainment",Mixed martial arts league,Warrant to purchase common units,,,,01/2026,01/2036,86.0,,,,(2),54
1161,ARCC,2026-06-30,2026-07-29,0001628280-26-050307,Propagate Content LLC,Propagate Content LLC (14),"Sports, Media and Entertainment","Developer, producer and distributor of programming content and artist and talent management company",Preferred units,,,,10/2025,,3.0,,3.7,3.7,,54
1162,ARCC,2026-06-30,2026-07-29,0001628280-26-050307,"Sandlot Action Sports, LLC","Sandlot Action Sports, LLC","Sports, Media and Entertainment",Youth sports platform,Common units,,,,05/2024,,3384.0,,,,,54
1163,ARCC,2026-06-30,2026-07-29,0001628280-26-050307,"Shout! Factory, LLC","Shout! Factory, LLC (13)","Sports, Media and Entertainment","Multi-platform media company specialized in film and TV distribution, development and production",First lien senior secured revolving loan,8.9,SOFR (Q),5.25,07/2025,06/2031,,0.6,0.6,0.6,(2)(9),54
1164,ARCC,2026-06-30,2026-07-29,0001628280-26-050307,"Shout! Factory, LLC","Shout! Factory, LLC (13)","Sports, Media and Entertainment","Multi-platform media company specialized in film and TV distribution, development and production",First lien senior secured loan,8.98,SOFR (Q),5.25,07/2025,06/2031,,17.9,17.9,17.6,(2)(9),54
1165,ARCC,2026-06-30,2026-07-29,0001628280-26-050307,"South Florida Motorsports, LLC","South Florida Motorsports, LLC","Sports, Media and Entertainment",Professional sporting event,Class A common interest,,,,12/2024,,26.0,,5.5,29.9,,54
1166,ARCC,2026-06-30,2026-07-29,0001628280-26-050307,"The Teaching Company Holdings, Inc.","The Teaching Company Holdings, Inc.","Sports, Media and Entertainment",Education publications provider,Preferred stock,,,,09/2006,,10663.0,,1.1,0.8,(2),54
1167,ARCC,2026-06-30,2026-07-29,0001628280-26-050307,"The Teaching Company Holdings, Inc.","The Teaching Company Holdings, Inc.","Sports, Media and Entertainment",Education publications provider,Common stock,,,,09/2006,,15393.0,,,,(2),54
1168,ARCC,2026-06-30,2026-07-29,0001628280-26-050307,WRE Sports Investments LLC,WRE Sports Investments LLC,"Sports, Media and Entertainment",Professional sports club,First lien senior secured loan,,,,07/2024,07/2031,,29.8,29.8,29.8,(2),54
1169,ARCC,2026-06-30,2026-07-29,0001628280-26-050307,"Abzena Holdings, Inc. and Astro Group Holdings Ltd.","Abzena Holdings, Inc. and Astro Group Holdings Ltd.","Pharmaceuticals, Biotechnology and Life Sciences","Organization providing discovery, development and manufacturing services to the pharmaceutical and biotechnology industries",A ordinary shares,,,,05/2021,,2476744.0,,5.7,2.9,(2)(6),55
1170,ARCC,2026-06-30,2026-07-29,0001628280-26-050307,"Alcami Corporation and ACM Note Holdings, LLC","Alcami Corporation and ACM Note Holdings, LLC (13)","Pharmaceuticals, Biotechnology and Life Sciences",Outsourced drug development services provider,First lien senior secured loan,9.25,SOFR (M),5.5,04/2026,12/2029,,7.2,7.2,7.2,(2)(9),55
1171,ARCC,2026-06-30,2026-07-29,0001628280-26-050307,"Alcami Corporation and ACM Note Holdings, LLC","Alcami Corporation and ACM Note Holdings, LLC (13)","Pharmaceuticals, Biotechnology and Life Sciences",Outsourced drug development services provider,First lien senior secured loan,9.31,SOFR (M),5.5,12/2022,12/2028,,9.8,9.8,9.8,(2)(9),55
1172,ARCC,2026-06-30,2026-07-29,0001628280-26-050307,"Alcami Corporation and ACM Note Holdings, LLC","Alcami Corporation and ACM Note Holdings, LLC (13)","Pharmaceuticals, Biotechnology and Life Sciences",Outsourced drug development services provider,Senior subordinated loan,,,,12/2022,06/2029,,26.0,26.0,24.5,(2),55
1173,ARCC,2026-06-30,2026-07-29,0001628280-26-050307,Artemis BidCo 2 LLC,Artemis BidCo 2 LLC (13),"Pharmaceuticals, Biotechnology and Life Sciences",Developer and manufacturer of in vitro diagnostic immunoassays,First lien senior secured loan,8.73,SOFR (Q),5.0,10/2025,10/2031,,38.1,38.0,38.1,(2)(9),55
1174,ARCC,2026-06-30,2026-07-29,0001628280-26-050307,Bamboo US BidCo LLC,Bamboo US BidCo LLC (13),"Pharmaceuticals, Biotechnology and Life Sciences",Biopharmaceutical company,First lien senior secured revolving loan,8.89,SOFR (M),5.25,09/2023,10/2029,,3.5,3.5,3.5,(2)(9)(12),55
1175,ARCC,2026-06-30,2026-07-29,0001628280-26-050307,Bamboo US BidCo LLC,Bamboo US BidCo LLC (13),"Pharmaceuticals, Biotechnology and Life Sciences",Biopharmaceutical company,First lien senior secured loan,8.91,SOFR (Q),5.25,11/2024,09/2030,,7.4,7.4,7.3,(2)(9),55
1176,ARCC,2026-06-30,2026-07-29,0001628280-26-050307,Bamboo US BidCo LLC,Bamboo US BidCo LLC (13),"Pharmaceuticals, Biotechnology and Life Sciences",Biopharmaceutical company,First lien senior secured loan,8.91,SOFR (Q),5.25,09/2023,09/2030,,33.9,33.9,33.5,(2)(9),55
1177,ARCC,2026-06-30,2026-07-29,0001628280-26-050307,"Cobalt Buyer Sub, Inc., Cobalt Holdings I, LP, and Cobalt Intermediate I, Inc.","Cobalt Buyer Sub, Inc., Cobalt Holdings I, LP, and Cobalt Intermediate I, Inc.","Pharmaceuticals, Biotechnology and Life Sciences",Provider of biological products to life science and pharmaceutical companies,First lien senior secured revolving loan,9.42,SOFR (Q),5.75,10/2021,10/2027,,7.1,7.1,6.4,(2)(9),55
1178,ARCC,2026-06-30,2026-07-29,0001628280-26-050307,"Cobalt Buyer Sub, Inc., Cobalt Holdings I, LP, and Cobalt Intermediate I, Inc.","Cobalt Buyer Sub, Inc., Cobalt Holdings I, LP, and Cobalt Intermediate I, Inc.","Pharmaceuticals, Biotechnology and Life Sciences",Provider of biological products to life science and pharmaceutical companies,First lien senior secured loan,9.42,SOFR (Q),5.75,08/2024,10/2028,,6.8,6.8,6.1,(2)(9),55
1179,ARCC,2026-06-30,2026-07-29,0001628280-26-050307,"Cobalt Buyer Sub, Inc., Cobalt Holdings I, LP, and Cobalt Intermediate I, Inc.","Cobalt Buyer Sub, Inc., Cobalt Holdings I, LP, and Cobalt Intermediate I, Inc.","Pharmaceuticals, Biotechnology and Life Sciences",Provider of biological products to life science and pharmaceutical companies,First lien senior secured loan,9.42,SOFR (Q),5.75,10/2021,10/2028,,30.7,30.7,27.3,(2)(9),55
1180,ARCC,2026-06-30,2026-07-29,0001628280-26-050307,"Cobalt Buyer Sub, Inc., Cobalt Holdings I, LP, and Cobalt Intermediate I, Inc.","Cobalt Buyer Sub, Inc., Cobalt Holdings I, LP, and Cobalt Intermediate I, Inc.","Pharmaceuticals, Biotechnology and Life Sciences",Provider of biological products to life science and pharmaceutical companies,First lien senior secured loan,9.42,SOFR (Q),5.75,06/2023,10/2028,,11.2,11.2,10.0,(2)(9),55
1181,ARCC,2026-06-30,2026-07-29,0001628280-26-050307,"Cobalt Buyer Sub, Inc., Cobalt Holdings I, LP, and Cobalt Intermediate I, Inc.","Cobalt Buyer Sub, Inc., Cobalt Holdings I, LP, and Cobalt Intermediate I, Inc.","Pharmaceuticals, Biotechnology and Life Sciences",Provider of biological products to life science and pharmaceutical companies,Preferred units,,,,10/2021,10/2051,3020.0,,4.4,0.1,(2),55
1182,ARCC,2026-06-30,2026-07-29,0001628280-26-050307,"Cobalt Buyer Sub, Inc., Cobalt Holdings I, LP, and Cobalt Intermediate I, Inc.","Cobalt Buyer Sub, Inc., Cobalt Holdings I, LP, and Cobalt Intermediate I, Inc.","Pharmaceuticals, Biotechnology and Life Sciences",Provider of biological products to life science and pharmaceutical companies,Series A preferred shares,,,,10/2021,,60236.0,,115.5,107.4,(2),55
1183,ARCC,2026-06-30,2026-07-29,0001628280-26-050307,"Cobalt Buyer Sub, Inc., Cobalt Holdings I, LP, and Cobalt Intermediate I, Inc.","Cobalt Buyer Sub, Inc., Cobalt Holdings I, LP, and Cobalt Intermediate I, Inc.","Pharmaceuticals, Biotechnology and Life Sciences",Provider of biological products to life science and pharmaceutical companies,Class A common units,,,,10/2021,,30500.0,,,,(2),55
1184,ARCC,2026-06-30,2026-07-29,0001628280-26-050307,"CoreRx, Inc.","CoreRx, Inc.","Pharmaceuticals, Biotechnology and Life Sciences",Small molecule contract development and manufacturing provider,First lien senior secured loan,10.98,SOFR (Q),7.25,12/2025,12/2030,,9.9,9.9,9.7,(2)(9),55
1185,ARCC,2026-06-30,2026-07-29,0001628280-26-050307,"Creek Parent, Inc. and Creek Feeder, L.P.","Creek Parent, Inc. and Creek Feeder, L.P. (13)","Pharmaceuticals, Biotechnology and Life Sciences","Provider of delivery technologies, development, drug manufacturing, biologics, gene therapies and consumer health products",First lien senior secured revolving loan,,,,12/2024,12/2031,,,,,(2)(11),55
1186,ARCC,2026-06-30,2026-07-29,0001628280-26-050307,"Creek Parent, Inc. and Creek Feeder, L.P.","Creek Parent, Inc. and Creek Feeder, L.P. (13)","Pharmaceuticals, Biotechnology and Life Sciences","Provider of delivery technologies, development, drug manufacturing, biologics, gene therapies and consumer health products",First lien senior secured loan,8.64,SOFR (M),5.0,12/2024,12/2031,,206.1,206.1,206.1,(2)(9),55
1187,ARCC,2026-06-30,2026-07-29,0001628280-26-050307,"Creek Parent, Inc. and Creek Feeder, L.P.","Creek Parent, Inc. and Creek Feeder, L.P. (13)","Pharmaceuticals, Biotechnology and Life Sciences","Provider of delivery technologies, development, drug manufacturing, biologics, gene therapies and consumer health products",Limited partnership interest,,,,12/2024,,6891000.0,,6.9,8.3,(2),55
1188,ARCC,2026-06-30,2026-07-29,0001628280-26-050307,"Gula Buyer Inc. and Gula Co-Invest II, L.P.","Gula Buyer Inc. and Gula Co-Invest II, L.P.","Pharmaceuticals, Biotechnology and Life Sciences",Distributor and manufacturer of veterinarian-grade pet prescription medications and health products,First lien senior secured loan,8.13,SOFR (M),4.5,10/2024,10/2031,,18.5,18.5,18.5,(2)(9),55
1189,ARCC,2026-06-30,2026-07-29,0001628280-26-050307,"Gula Buyer Inc. and Gula Co-Invest II, L.P.","Gula Buyer Inc. and Gula Co-Invest II, L.P.","Pharmaceuticals, Biotechnology and Life Sciences",Distributor and manufacturer of veterinarian-grade pet prescription medications and health products,Common units,,,,03/2025,,434.0,,0.5,0.7,(2),55
1190,ARCC,2026-06-30,2026-07-29,0001628280-26-050307,"Maravai Intermediate Holdings, LLC","Maravai Intermediate Holdings, LLC (13)","Pharmaceuticals, Biotechnology and Life Sciences",Life sciences tools platform,First lien senior secured loan,8.73,SOFR (Q),5.0,06/2026,06/2032,,28.1,28.1,27.7,(2)(6)(9),56
1191,ARCC,2026-06-30,2026-07-29,0001628280-26-050307,"Moderna, Inc.","Moderna, Inc. (13)","Pharmaceuticals, Biotechnology and Life Sciences",Biotechnology company,First lien senior secured loan,9.23,SOFR (Q),5.5,11/2025,11/2030,,111.6,111.6,109.9,(2)(6)(9),56
1192,ARCC,2026-06-30,2026-07-29,0001628280-26-050307,"NAMSA Holdco, LLC, North American Science Associates, LLC and Cardinal Topco Holdings L.P.","NAMSA Holdco, LLC, North American Science Associates, LLC and Cardinal Topco Holdings L.P. (13)","Pharmaceuticals, Biotechnology and Life Sciences",Contract research organization providing research and development and testing of medical devices,First lien senior secured loan,8.38,SOFR (Q),4.75,03/2026,03/2033,,91.0,90.8,90.1,(2)(9),56
1193,ARCC,2026-06-30,2026-07-29,0001628280-26-050307,"NAMSA Holdco, LLC, North American Science Associates, LLC and Cardinal Topco Holdings L.P.","NAMSA Holdco, LLC, North American Science Associates, LLC and Cardinal Topco Holdings L.P. (13)","Pharmaceuticals, Biotechnology and Life Sciences",Contract research organization providing research and development and testing of medical devices,Senior subordinated loan,,,,03/2023,03/2027,,2.0,2.0,2.0,(2),56
1194,ARCC,2026-06-30,2026-07-29,0001628280-26-050307,"NAMSA Holdco, LLC, North American Science Associates, LLC and Cardinal Topco Holdings L.P.","NAMSA Holdco, LLC, North American Science Associates, LLC and Cardinal Topco Holdings L.P. (13)","Pharmaceuticals, Biotechnology and Life Sciences",Contract research organization providing research and development and testing of medical devices,Class A preferred units,,,,09/2020,,13528.0,,21.3,38.1,(2),56
1195,ARCC,2026-06-30,2026-07-29,0001628280-26-050307,"NMC Skincare Intermediate Holdings II, LLC","NMC Skincare Intermediate Holdings II, LLC (13)","Pharmaceuticals, Biotechnology and Life Sciences","Developer, manufacturer and marketer of skincare products",First lien senior secured revolving loan,10.32,SOFR (Q),6.5,05/2022,10/2028,,0.2,0.2,0.2,(2)(9),56
1196,ARCC,2026-06-30,2026-07-29,0001628280-26-050307,"NMC Skincare Intermediate Holdings II, LLC","NMC Skincare Intermediate Holdings II, LLC (13)","Pharmaceuticals, Biotechnology and Life Sciences","Developer, manufacturer and marketer of skincare products",First lien senior secured revolving loan,10.32,SOFR (M),6.5,10/2018,10/2028,,6.5,6.5,6.0,(2)(9),56
1197,ARCC,2026-06-30,2026-07-29,0001628280-26-050307,"NMC Skincare Intermediate Holdings II, LLC","NMC Skincare Intermediate Holdings II, LLC (13)","Pharmaceuticals, Biotechnology and Life Sciences","Developer, manufacturer and marketer of skincare products",First lien senior secured loan,,SOFR (Q),6.5,05/2022,10/2028,,4.3,4.3,4.0,(2)(9),56
1198,ARCC,2026-06-30,2026-07-29,0001628280-26-050307,"NMC Skincare Intermediate Holdings II, LLC","NMC Skincare Intermediate Holdings II, LLC (13)","Pharmaceuticals, Biotechnology and Life Sciences","Developer, manufacturer and marketer of skincare products",First lien senior secured loan,,SOFR (Q),6.5,10/2018,10/2028,,29.1,29.1,27.0,(2)(9),56
1199,ARCC,2026-06-30,2026-07-29,0001628280-26-050307,"Verista, Inc.","Verista, Inc. (13)","Pharmaceuticals, Biotechnology and Life Sciences","Provides systems consulting for compliance, automation, validation, and packaging solutions to the healthcare sector",First lien senior secured revolving loan,9.74,SOFR (M),6.0,05/2022,02/2027,,1.1,1.0,0.9,(2)(9),56
1200,ARCC,2026-06-30,2026-07-29,0001628280-26-050307,"Verista, Inc.","Verista, Inc. (13)","Pharmaceuticals, Biotechnology and Life Sciences","Provides systems consulting for compliance, automation, validation, and packaging solutions to the healthcare sector",First lien senior secured loan,,SOFR (M),7.0,05/2022,02/2027,,0.8,0.8,0.6,(2)(9),56
1201,ARCC,2026-06-30,2026-07-29,0001628280-26-050307,"WCI-BXC Purchaser, LLC and WCI-BXC Investment Holdings, L.P.","WCI-BXC Purchaser, LLC and WCI-BXC Investment Holdings, L.P.","Pharmaceuticals, Biotechnology and Life Sciences",Manufacturer of monoclonal antibodies,Limited partnership interest,,,,11/2023,,1529000.0,,1.5,1.3,(2),56
1202,ARCC,2026-06-30,2026-07-29,0001628280-26-050307,Adonis Acquisition Holdings LLC and Adonis Acquisition Holdings Parent LLC,Adonis Acquisition Holdings LLC and Adonis Acquisition Holdings Parent LLC (5)(13),Materials,Producer and filler of aluminum beverage cans,First lien senior secured loan,,SOFR (Q),5.5,11/2025,02/2030,,2.8,2.8,2.8,(2)(9),56
1203,ARCC,2026-06-30,2026-07-29,0001628280-26-050307,Adonis Acquisition Holdings LLC and Adonis Acquisition Holdings Parent LLC,Adonis Acquisition Holdings LLC and Adonis Acquisition Holdings Parent LLC (5)(13),Materials,Producer and filler of aluminum beverage cans,First lien senior secured loan,,SOFR (Q),5.5,02/2025,02/2030,,16.7,16.7,16.7,(2)(9),56
1204,ARCC,2026-06-30,2026-07-29,0001628280-26-050307,Adonis Acquisition Holdings LLC and Adonis Acquisition Holdings Parent LLC,Adonis Acquisition Holdings LLC and Adonis Acquisition Holdings Parent LLC (5)(13),Materials,Producer and filler of aluminum beverage cans,Common units,,,,02/2025,,268223.0,,17.6,7.7,(2),56
1205,ARCC,2026-06-30,2026-07-29,0001628280-26-050307,"AP Adhesives Holdings, LLC","AP Adhesives Holdings, LLC (13)",Materials,Distributor of industrial adhesives and equipment,First lien senior secured loan,8.42,SOFR (Q),4.75,04/2025,04/2032,,32.1,32.1,31.8,(2)(9),56
1206,ARCC,2026-06-30,2026-07-29,0001628280-26-050307,ASP-r-pac Acquisition CO LLC and ASP-r-pac Holdings LP,ASP-r-pac Acquisition CO LLC and ASP-r-pac Holdings LP (13),Materials,Manufacturer and supplier of printed packaging and trimmings,First lien senior secured loan,8.89,SOFR (Q),5.25,12/2021,12/2030,,2.8,2.8,2.8,(2)(9),56
1207,ARCC,2026-06-30,2026-07-29,0001628280-26-050307,ASP-r-pac Acquisition CO LLC and ASP-r-pac Holdings LP,ASP-r-pac Acquisition CO LLC and ASP-r-pac Holdings LP (13),Materials,Manufacturer and supplier of printed packaging and trimmings,Class A units,,,,12/2021,,201557.0,,20.2,18.0,(2),56
1208,ARCC,2026-06-30,2026-07-29,0001628280-26-050307,"Bulab Holdings, Inc. and Buckman PPC Co-Invest LP","Bulab Holdings, Inc. and Buckman PPC Co-Invest LP (13)",Materials,"A privately held, global specialty chemical company that provides process and water treatment chemistry for various industries",First lien senior secured revolving loan,,,,06/2025,07/2032,,,,,(2)(11),57
1209,ARCC,2026-06-30,2026-07-29,0001628280-26-050307,"Bulab Holdings, Inc. and Buckman PPC Co-Invest LP","Bulab Holdings, Inc. and Buckman PPC Co-Invest LP (13)",Materials,"A privately held, global specialty chemical company that provides process and water treatment chemistry for various industries",First lien senior secured loan,8.42,SOFR (Q),4.75,06/2025,07/2032,,6.5,6.5,6.5,(2)(9),57
1210,ARCC,2026-06-30,2026-07-29,0001628280-26-050307,"Bulab Holdings, Inc. and Buckman PPC Co-Invest LP","Bulab Holdings, Inc. and Buckman PPC Co-Invest LP (13)",Materials,"A privately held, global specialty chemical company that provides process and water treatment chemistry for various industries",Limited partnership interest,,,,06/2025,,1968000.0,,2.0,2.4,(2),57
1211,ARCC,2026-06-30,2026-07-29,0001628280-26-050307,"Halex Holdings, Inc.","Halex Holdings, Inc. (5)",Materials,Manufacturer of flooring installation products,Common stock,,,,01/2017,,51853.0,,,,,57
1212,ARCC,2026-06-30,2026-07-29,0001628280-26-050307,"Meyer Laboratory, LLC and Meyer Parent, LLC","Meyer Laboratory, LLC and Meyer Parent, LLC (13)",Materials,Provider of industrial and institutional cleaning chemicals and application systems,First lien senior secured revolving loan,,SOFR (M),6.75,02/2024,02/2030,,0.7,0.7,0.7,(2)(9),57
1213,ARCC,2026-06-30,2026-07-29,0001628280-26-050307,"Meyer Laboratory, LLC and Meyer Parent, LLC","Meyer Laboratory, LLC and Meyer Parent, LLC (13)",Materials,Provider of industrial and institutional cleaning chemicals and application systems,First lien senior secured revolving loan,,Base rate (Q),5.75,02/2024,02/2030,,0.1,0.1,0.1,(2)(9),57
1214,ARCC,2026-06-30,2026-07-29,0001628280-26-050307,"Meyer Laboratory, LLC and Meyer Parent, LLC","Meyer Laboratory, LLC and Meyer Parent, LLC (13)",Materials,Provider of industrial and institutional cleaning chemicals and application systems,First lien senior secured loan,,SOFR (Q),6.75,02/2024,02/2030,,32.6,32.6,31.3,(2)(9),57
1215,ARCC,2026-06-30,2026-07-29,0001628280-26-050307,"Meyer Laboratory, LLC and Meyer Parent, LLC","Meyer Laboratory, LLC and Meyer Parent, LLC (13)",Materials,Provider of industrial and institutional cleaning chemicals and application systems,Common units,,,,02/2024,,440000.0,,0.4,0.3,,57
1216,ARCC,2026-06-30,2026-07-29,0001628280-26-050307,"MP Midco Holdings, LLC and MP Topco Holdings, LLC","MP Midco Holdings, LLC and MP Topco Holdings, LLC",Materials,Food contract manufacturer,First lien senior secured loan,10.23,SOFR (Q),6.5,03/2025,03/2030,,8.9,8.9,9.0,(2)(9)(16),57
1217,ARCC,2026-06-30,2026-07-29,0001628280-26-050307,"MP Midco Holdings, LLC and MP Topco Holdings, LLC","MP Midco Holdings, LLC and MP Topco Holdings, LLC",Materials,Food contract manufacturer,Common units,,,,03/2025,,639359.0,,4.8,11.6,(2)(16),57
1218,ARCC,2026-06-30,2026-07-29,0001628280-26-050307,"NCP-MSI Buyer, Inc. and NCP MSI Co-Invest, LP","NCP-MSI Buyer, Inc. and NCP MSI Co-Invest, LP (13)(14)",Materials,Manufacturing and packaging company for major brands,First lien senior secured revolving loan,7.48,SOFR (Q),3.75,03/2025,03/2031,,4.8,4.8,4.8,(2)(9)(12),57
1219,ARCC,2026-06-30,2026-07-29,0001628280-26-050307,"NCP-MSI Buyer, Inc. and NCP MSI Co-Invest, LP","NCP-MSI Buyer, Inc. and NCP MSI Co-Invest, LP (13)(14)",Materials,Manufacturing and packaging company for major brands,First lien senior secured loan,8.73,SOFR (Q),5.0,03/2025,03/2031,,31.7,31.7,31.7,(2)(9),57
1220,ARCC,2026-06-30,2026-07-29,0001628280-26-050307,"NCP-MSI Buyer, Inc. and NCP MSI Co-Invest, LP","NCP-MSI Buyer, Inc. and NCP MSI Co-Invest, LP (13)(14)",Materials,Manufacturing and packaging company for major brands,First lien senior secured loan,8.66,SOFR (Q),5.0,12/2025,03/2031,,1.0,1.0,1.0,(2)(9),57
1221,ARCC,2026-06-30,2026-07-29,0001628280-26-050307,"NCP-MSI Buyer, Inc. and NCP MSI Co-Invest, LP","NCP-MSI Buyer, Inc. and NCP MSI Co-Invest, LP (13)(14)",Materials,Manufacturing and packaging company for major brands,Limited partnership interest,,,,03/2025,,852666.0,,0.9,0.6,(2),57
1222,ARCC,2026-06-30,2026-07-29,0001628280-26-050307,"Nelipak Holding Company, Nelipak European Holdings Cooperatief U.A., KNPAK Holdings, LP and PAKNK Netherlands Treasury B.V.","Nelipak Holding Company, Nelipak European Holdings Cooperatief U.A., KNPAK Holdings, LP and PAKNK Netherlands Treasury B.V. (13)",Materials,Manufacturer of thermoformed packaging for medical devices,First lien senior secured loan,9.23,SOFR (Q),5.5,03/2024,03/2032,,24.8,24.8,24.8,(2)(6)(9),57
1223,ARCC,2026-06-30,2026-07-29,0001628280-26-050307,"Nelipak Holding Company, Nelipak European Holdings Cooperatief U.A., KNPAK Holdings, LP and PAKNK Netherlands Treasury B.V.","Nelipak Holding Company, Nelipak European Holdings Cooperatief U.A., KNPAK Holdings, LP and PAKNK Netherlands Treasury B.V. (13)",Materials,Manufacturer of thermoformed packaging for medical devices,First lien senior secured loan,9.23,SOFR (Q),5.5,04/2026,03/2031,,1.4,1.4,1.4,(2)(6)(9),57
1224,ARCC,2026-06-30,2026-07-29,0001628280-26-050307,"Nelipak Holding Company, Nelipak European Holdings Cooperatief U.A., KNPAK Holdings, LP and PAKNK Netherlands Treasury B.V.","Nelipak Holding Company, Nelipak European Holdings Cooperatief U.A., KNPAK Holdings, LP and PAKNK Netherlands Treasury B.V. (13)",Materials,Manufacturer of thermoformed packaging for medical devices,First lien senior secured loan,9.23,SOFR (Q),5.5,11/2025,03/2031,,3.3,3.3,3.3,(2)(6)(9),57
1225,ARCC,2026-06-30,2026-07-29,0001628280-26-050307,"Nelipak Holding Company, Nelipak European Holdings Cooperatief U.A., KNPAK Holdings, LP and PAKNK Netherlands Treasury B.V.","Nelipak Holding Company, Nelipak European Holdings Cooperatief U.A., KNPAK Holdings, LP and PAKNK Netherlands Treasury B.V. (13)",Materials,Manufacturer of thermoformed packaging for medical devices,First lien senior secured loan,7.79,Euribor (Q),5.5,03/2024,03/2032,,37.3,35.6,37.3,(2)(6)(9),57
1226,ARCC,2026-06-30,2026-07-29,0001628280-26-050307,"Nelipak Holding Company, Nelipak European Holdings Cooperatief U.A., KNPAK Holdings, LP and PAKNK Netherlands Treasury B.V.","Nelipak Holding Company, Nelipak European Holdings Cooperatief U.A., KNPAK Holdings, LP and PAKNK Netherlands Treasury B.V. (13)",Materials,Manufacturer of thermoformed packaging for medical devices,Class A units,,,,07/2019,,6762668.0,,6.8,9.1,(2)(6),57
1227,ARCC,2026-06-30,2026-07-29,0001628280-26-050307,"Novipax Buyer, L.L.C. and Novipax Parent Holding Company, L.L.C.","Novipax Buyer, L.L.C. and Novipax Parent Holding Company, L.L.C.",Materials,Developer and manufacturer of absorbent pads for food products,First lien senior secured loan,,SOFR (Q),8.25,12/2020,12/2028,,22.4,22.4,22.4,(2)(9),57
1228,ARCC,2026-06-30,2026-07-29,0001628280-26-050307,"Novipax Buyer, L.L.C. and Novipax Parent Holding Company, L.L.C.","Novipax Buyer, L.L.C. and Novipax Parent Holding Company, L.L.C.",Materials,Developer and manufacturer of absorbent pads for food products,First lien senior secured loan,,SOFR (Q),8.25,12/2022,12/2028,,0.3,0.3,0.3,(2)(9),57
1229,ARCC,2026-06-30,2026-07-29,0001628280-26-050307,"Novipax Buyer, L.L.C. and Novipax Parent Holding Company, L.L.C.","Novipax Buyer, L.L.C. and Novipax Parent Holding Company, L.L.C.",Materials,Developer and manufacturer of absorbent pads for food products,Class A preferred units,,,,12/2020,,4772.0,,4.6,3.8,(2),57
1230,ARCC,2026-06-30,2026-07-29,0001628280-26-050307,"Novipax Buyer, L.L.C. and Novipax Parent Holding Company, L.L.C.","Novipax Buyer, L.L.C. and Novipax Parent Holding Company, L.L.C.",Materials,Developer and manufacturer of absorbent pads for food products,Class C units,,,,12/2020,,4772.0,,,,(2),57
1231,ARCC,2026-06-30,2026-07-29,0001628280-26-050307,Plaskolite PPC Intermediate II LLC and Plaskolite PPC Blocker LLC,Plaskolite PPC Intermediate II LLC and Plaskolite PPC Blocker LLC (13),Materials,Manufacturer of specialized acrylic and polycarbonate sheets,First lien senior secured revolving loan,10.65,SOFR (Q),7.0,05/2025,02/2030,,4.8,4.8,4.5,(2)(9)(12),58
1232,ARCC,2026-06-30,2026-07-29,0001628280-26-050307,Plaskolite PPC Intermediate II LLC and Plaskolite PPC Blocker LLC,Plaskolite PPC Intermediate II LLC and Plaskolite PPC Blocker LLC (13),Materials,Manufacturer of specialized acrylic and polycarbonate sheets,First lien senior secured loan,,SOFR (Q),8.0,05/2025,05/2030,,268.2,268.1,249.4,(2)(9),58
1233,ARCC,2026-06-30,2026-07-29,0001628280-26-050307,Plaskolite PPC Intermediate II LLC and Plaskolite PPC Blocker LLC,Plaskolite PPC Intermediate II LLC and Plaskolite PPC Blocker LLC (13),Materials,Manufacturer of specialized acrylic and polycarbonate sheets,Preferred units,,,,05/2025,,26025.0,,0.4,0.5,(2),58
1234,ARCC,2026-06-30,2026-07-29,0001628280-26-050307,Plaskolite PPC Intermediate II LLC and Plaskolite PPC Blocker LLC,Plaskolite PPC Intermediate II LLC and Plaskolite PPC Blocker LLC (13),Materials,Manufacturer of specialized acrylic and polycarbonate sheets,Preferred units,,,,10/2023,,841.0,,0.1,0.1,(2),58
1235,ARCC,2026-06-30,2026-07-29,0001628280-26-050307,Plaskolite PPC Intermediate II LLC and Plaskolite PPC Blocker LLC,Plaskolite PPC Intermediate II LLC and Plaskolite PPC Blocker LLC (13),Materials,Manufacturer of specialized acrylic and polycarbonate sheets,Co-invest units,,,,12/2018,,5969.0,,0.6,,(2),58
1236,ARCC,2026-06-30,2026-07-29,0001628280-26-050307,PLZ Corp.,PLZ Corp.,Materials,Manufacturer of specialty aerosol and liquid products,Second lien senior secured loan,,,,03/2026,03/2033,,76.4,76.4,74.1,(2),58
1237,ARCC,2026-06-30,2026-07-29,0001628280-26-050307,"Precision Concepts Parent Inc., Precision Concepts International LLC, and Precision Concepts Canada Corporation","Precision Concepts Parent Inc., Precision Concepts International LLC, and Precision Concepts Canada Corporation (13)",Materials,Manufacturer of diversified packaging solutions and plastic injection molded products,First lien senior secured revolving loan,8.41,SOFR (Q),4.75,07/2025,08/2032,,0.9,0.9,0.9,(2)(6)(9),58
1238,ARCC,2026-06-30,2026-07-29,0001628280-26-050307,"Precision Concepts Parent Inc., Precision Concepts International LLC, and Precision Concepts Canada Corporation","Precision Concepts Parent Inc., Precision Concepts International LLC, and Precision Concepts Canada Corporation (13)",Materials,Manufacturer of diversified packaging solutions and plastic injection molded products,First lien senior secured revolving loan,10.5,Base Rate (Q),3.75,07/2025,08/2032,,0.1,0.1,0.1,(2)(6)(9),58
1239,ARCC,2026-06-30,2026-07-29,0001628280-26-050307,"Precision Concepts Parent Inc., Precision Concepts International LLC, and Precision Concepts Canada Corporation","Precision Concepts Parent Inc., Precision Concepts International LLC, and Precision Concepts Canada Corporation (13)",Materials,Manufacturer of diversified packaging solutions and plastic injection molded products,First lien senior secured loan,8.41,SOFR (Q),4.75,07/2025,08/2032,,24.7,24.7,24.5,(2)(6)(9),58
1240,ARCC,2026-06-30,2026-07-29,0001628280-26-050307,"Precision Concepts Parent Inc., Precision Concepts International LLC, and Precision Concepts Canada Corporation","Precision Concepts Parent Inc., Precision Concepts International LLC, and Precision Concepts Canada Corporation (13)",Materials,Manufacturer of diversified packaging solutions and plastic injection molded products,First lien senior secured loan,8.41,SOFR (Q),4.75,10/2025,08/2032,,7.8,7.8,7.7,(2)(6)(9),58
1241,ARCC,2026-06-30,2026-07-29,0001628280-26-050307,"Reagent Chemical & Research, LLC","Reagent Chemical & Research, LLC (13)",Materials,Supplier of liquid hydrochloric acid,First lien senior secured revolving loan,,,,04/2024,04/2030,,,,,(2)(11),58
1242,ARCC,2026-06-30,2026-07-29,0001628280-26-050307,"Reagent Chemical & Research, LLC","Reagent Chemical & Research, LLC (13)",Materials,Supplier of liquid hydrochloric acid,First lien senior secured loan,8.89,SOFR (M),5.25,10/2025,04/2031,,11.8,11.8,11.8,(2)(9),58
1243,ARCC,2026-06-30,2026-07-29,0001628280-26-050307,"Reagent Chemical & Research, LLC","Reagent Chemical & Research, LLC (13)",Materials,Supplier of liquid hydrochloric acid,First lien senior secured loan,8.89,SOFR (M),5.25,04/2024,04/2031,,10.5,10.4,10.5,(2)(9),58
1244,ARCC,2026-06-30,2026-07-29,0001628280-26-050307,"SCI PH Parent, Inc.","SCI PH Parent, Inc.",Materials,"Industrial container manufacturer, reconditioner and servicer",Series B shares,,,,08/2018,,11.0,,1.1,1.4,(2),58
1245,ARCC,2026-06-30,2026-07-29,0001628280-26-050307,Sterilex LLC,Sterilex LLC,Materials,Provider of enhanced sanitation technologies and solutions within the food supply chain,First lien senior secured loan,8.64,SOFR (M),5.0,09/2025,09/2030,,5.2,5.2,5.2,(2)(9),58
1246,ARCC,2026-06-30,2026-07-29,0001628280-26-050307,"Bowhunter Holdings, LLC","Bowhunter Holdings, LLC",Consumer Durables and Apparel,Provider of branded archery and bowhunting accessories,Common units,,,,04/2014,,421.0,,4.2,,,58
1247,ARCC,2026-06-30,2026-07-29,0001628280-26-050307,"Centric Brands LLC, Centric Brands TopCo, LLC, and Centric Brands L.P.","Centric Brands LLC, Centric Brands TopCo, LLC, and Centric Brands L.P. (4)",Consumer Durables and Apparel,"Designer, marketer and distributor of licensed and owned apparel",First lien senior secured loan,9.15,SOFR (Q),5.5,02/2024,08/2029,,28.4,26.6,28.5,(2)(9),58
1248,ARCC,2026-06-30,2026-07-29,0001628280-26-050307,"Centric Brands LLC, Centric Brands TopCo, LLC, and Centric Brands L.P.","Centric Brands LLC, Centric Brands TopCo, LLC, and Centric Brands L.P. (4)",Consumer Durables and Apparel,"Designer, marketer and distributor of licensed and owned apparel",Senior subordinated loan,,SOFR (Q),8.0,02/2024,02/2031,,31.9,30.4,32.0,(2)(9),58
1249,ARCC,2026-06-30,2026-07-29,0001628280-26-050307,"Centric Brands LLC, Centric Brands TopCo, LLC, and Centric Brands L.P.","Centric Brands LLC, Centric Brands TopCo, LLC, and Centric Brands L.P. (4)",Consumer Durables and Apparel,"Designer, marketer and distributor of licensed and owned apparel",Senior subordinated loan,10.15,SOFR (Q),6.5,02/2024,02/2031,,13.3,12.3,13.3,(2)(9),58
1250,ARCC,2026-06-30,2026-07-29,0001628280-26-050307,"Centric Brands LLC, Centric Brands TopCo, LLC, and Centric Brands L.P.","Centric Brands LLC, Centric Brands TopCo, LLC, and Centric Brands L.P. (4)",Consumer Durables and Apparel,"Designer, marketer and distributor of licensed and owned apparel",Class A limited partnership interests,,,,02/2024,,6.27,,2.9,12.5,(2),58
1251,ARCC,2026-06-30,2026-07-29,0001628280-26-050307,"DIEM-VII (QP), LLC","DIEM-VII (QP), LLC (5)",Consumer Durables and Apparel,Italian luxury fashion brand,Limited liability company interest,,,,05/2026,,11062367.0,,11.6,11.1,(2)(6),58
1252,ARCC,2026-06-30,2026-07-29,0001628280-26-050307,"DRS Holdings III, Inc. and DRS Holdings I, Inc.","DRS Holdings III, Inc. and DRS Holdings I, Inc. (13)",Consumer Durables and Apparel,Footwear and orthopedic foot-care brand,First lien senior secured loan,8.89,SOFR (M),5.25,03/2025,11/2028,,64.5,64.5,64.5,(2)(9),59
1253,ARCC,2026-06-30,2026-07-29,0001628280-26-050307,"DRS Holdings III, Inc. and DRS Holdings I, Inc.","DRS Holdings III, Inc. and DRS Holdings I, Inc. (13)",Consumer Durables and Apparel,Footwear and orthopedic foot-care brand,First lien senior secured loan,8.89,SOFR (M),5.25,05/2026,11/2028,,5.7,5.7,5.7,(2)(9),59
1254,ARCC,2026-06-30,2026-07-29,0001628280-26-050307,"DRS Holdings III, Inc. and DRS Holdings I, Inc.","DRS Holdings III, Inc. and DRS Holdings I, Inc. (13)",Consumer Durables and Apparel,Footwear and orthopedic foot-care brand,Common stock,,,,11/2019,,8549.0,,8.5,8.4,(2),59
1255,ARCC,2026-06-30,2026-07-29,0001628280-26-050307,"Fossil Group, Inc., Fossil Partners, L.P., and Fossil Canada Inc.","Fossil Group, Inc., Fossil Partners, L.P., and Fossil Canada Inc. (13)",Consumer Durables and Apparel,Designer and manufacturer of consumer fashion accessories,First lien senior secured revolving loan,8.91,SOFR (M),5.0,08/2025,08/2030,,5.1,5.1,5.1,(2)(6)(9),59
1256,ARCC,2026-06-30,2026-07-29,0001628280-26-050307,"Implus Footcare, LLC, Implus Holdings, LLC, and Implus Topco, LLC","Implus Footcare, LLC, Implus Holdings, LLC, and Implus Topco, LLC (5)(13)",Consumer Durables and Apparel,Provider of footwear and other accessories,First lien senior secured loan,,SOFR (Q),6.0,07/2025,10/2028,,30.7,30.7,30.7,(2)(9),59
1257,ARCC,2026-06-30,2026-07-29,0001628280-26-050307,"Implus Footcare, LLC, Implus Holdings, LLC, and Implus Topco, LLC","Implus Footcare, LLC, Implus Holdings, LLC, and Implus Topco, LLC (5)(13)",Consumer Durables and Apparel,Provider of footwear and other accessories,First lien senior secured loan,,SOFR (Q),6.0,06/2025,10/2028,,14.4,14.4,14.4,(2)(9),59
1258,ARCC,2026-06-30,2026-07-29,0001628280-26-050307,"Implus Footcare, LLC, Implus Holdings, LLC, and Implus Topco, LLC","Implus Footcare, LLC, Implus Holdings, LLC, and Implus Topco, LLC (5)(13)",Consumer Durables and Apparel,Provider of footwear and other accessories,Common units,,,,07/2025,,28049368.0,,41.9,33.7,(2),59
1259,ARCC,2026-06-30,2026-07-29,0001628280-26-050307,Johnnie-O Inc. and Johnnie-O Holdings Inc.,Johnnie-O Inc. and Johnnie-O Holdings Inc.,Consumer Durables and Apparel,Apparel retailer,First lien senior secured loan,9.33,SOFR (Q),5.5,03/2022,03/2027,,17.5,17.4,17.5,(2)(9),59
1260,ARCC,2026-06-30,2026-07-29,0001628280-26-050307,Johnnie-O Inc. and Johnnie-O Holdings Inc.,Johnnie-O Inc. and Johnnie-O Holdings Inc.,Consumer Durables and Apparel,Apparel retailer,Series A convertible preferred stock,,,,03/2022,,144210.0,,4.2,5.9,(2),59
1261,ARCC,2026-06-30,2026-07-29,0001628280-26-050307,Johnnie-O Inc. and Johnnie-O Holdings Inc.,Johnnie-O Inc. and Johnnie-O Holdings Inc.,Consumer Durables and Apparel,Apparel retailer,Warrant to purchase shares of common stock,,,,03/2022,03/2032,93577.0,,1.5,3.8,(2),59
1262,ARCC,2026-06-30,2026-07-29,0001628280-26-050307,"Lew's Intermediate Holdings, LLC","Lew's Intermediate Holdings, LLC",Consumer Durables and Apparel,Outdoor brand holding company,First lien senior secured loan,8.67,SOFR (Q),5.0,02/2021,02/2028,,0.9,0.9,0.9,(2)(9),59
1263,ARCC,2026-06-30,2026-07-29,0001628280-26-050307,"Pelican Products, Inc.","Pelican Products, Inc.",Consumer Durables and Apparel,Flashlights manufacturer,First lien senior secured revolving loan,7.88,SOFR (Q),4.0,12/2021,09/2028,,2.3,2.3,2.2,(2)(9),59
1264,ARCC,2026-06-30,2026-07-29,0001628280-26-050307,"Pelican Products, Inc.","Pelican Products, Inc.",Consumer Durables and Apparel,Flashlights manufacturer,Second lien senior secured loan,11.74,SOFR (Q),7.75,12/2021,12/2029,,60.0,60.0,58.2,(2)(9),59
1265,ARCC,2026-06-30,2026-07-29,0001628280-26-050307,"Rawlings Sporting Goods Company, Inc. and SEP Diamond Fund, L.P.","Rawlings Sporting Goods Company, Inc. and SEP Diamond Fund, L.P. (13)(14)",Consumer Durables and Apparel,Sports equipment manufacturing company,First lien senior secured loan,8.63,SOFR (Q),4.75,11/2024,11/2030,,3.3,3.3,3.3,(2)(9),59
1266,ARCC,2026-06-30,2026-07-29,0001628280-26-050307,"Rawlings Sporting Goods Company, Inc. and SEP Diamond Fund, L.P.","Rawlings Sporting Goods Company, Inc. and SEP Diamond Fund, L.P. (13)(14)",Consumer Durables and Apparel,Sports equipment manufacturing company,First lien senior secured loan,8.63,SOFR (Q),4.75,12/2020,11/2030,,0.1,0.1,0.1,(2)(9),59
1267,ARCC,2026-06-30,2026-07-29,0001628280-26-050307,"Rawlings Sporting Goods Company, Inc. and SEP Diamond Fund, L.P.","Rawlings Sporting Goods Company, Inc. and SEP Diamond Fund, L.P. (13)(14)",Consumer Durables and Apparel,Sports equipment manufacturing company,First lien senior secured loan,8.63,SOFR (Q),4.75,02/2024,11/2030,,5.6,5.6,5.6,(2)(9),59
1268,ARCC,2026-06-30,2026-07-29,0001628280-26-050307,"Rawlings Sporting Goods Company, Inc. and SEP Diamond Fund, L.P.","Rawlings Sporting Goods Company, Inc. and SEP Diamond Fund, L.P. (13)(14)",Consumer Durables and Apparel,Sports equipment manufacturing company,First lien senior secured loan,8.63,SOFR (Q),4.75,11/2021,11/2030,,0.1,0.1,0.1,(2)(9),59
1269,ARCC,2026-06-30,2026-07-29,0001628280-26-050307,"Rawlings Sporting Goods Company, Inc. and SEP Diamond Fund, L.P.","Rawlings Sporting Goods Company, Inc. and SEP Diamond Fund, L.P. (13)(14)",Consumer Durables and Apparel,Sports equipment manufacturing company,Limited partnership interest,,,,06/2024,,11107539.0,,11.1,20.0,(2),59
1270,ARCC,2026-06-30,2026-07-29,0001628280-26-050307,"Reef Lifestyle, LLC","Reef Lifestyle, LLC (13)",Consumer Durables and Apparel,Apparel retailer,First lien senior secured revolving loan,,SOFR (Q),6.75,07/2020,10/2028,,5.0,5.0,5.0,(2)(9)(12),59
1271,ARCC,2026-06-30,2026-07-29,0001628280-26-050307,"Reef Lifestyle, LLC","Reef Lifestyle, LLC (13)",Consumer Durables and Apparel,Apparel retailer,First lien senior secured revolving loan,,SOFR (Q),6.75,10/2018,10/2028,,10.4,10.4,10.4,(2)(9)(12),59
1272,ARCC,2026-06-30,2026-07-29,0001628280-26-050307,"Reef Lifestyle, LLC","Reef Lifestyle, LLC (13)",Consumer Durables and Apparel,Apparel retailer,First lien senior secured loan,,SOFR (Q),6.75,10/2018,10/2028,,19.0,19.0,19.0,(2)(9),59
1273,ARCC,2026-06-30,2026-07-29,0001628280-26-050307,"Reef Lifestyle, LLC","Reef Lifestyle, LLC (13)",Consumer Durables and Apparel,Apparel retailer,First lien senior secured loan,,SOFR (Q),6.75,10/2018,10/2028,,0.1,0.1,0.1,(2)(9),59
1274,ARCC,2026-06-30,2026-07-29,0001628280-26-050307,"Reef Lifestyle, LLC","Reef Lifestyle, LLC (13)",Consumer Durables and Apparel,Apparel retailer,First lien senior secured loan,,SOFR (Q),6.75,07/2020,10/2028,,4.1,4.1,4.1,(2)(9),59
1275,ARCC,2026-06-30,2026-07-29,0001628280-26-050307,"S Toys Holdings LLC (fka The Step2 Company, LLC)","S Toys Holdings LLC (fka The Step2 Company, LLC) (5)",Consumer Durables and Apparel,Toy manufacturer,Common units,,,,04/2011,,1116879.0,,,,,59
1276,ARCC,2026-06-30,2026-07-29,0001628280-26-050307,"S Toys Holdings LLC (fka The Step2 Company, LLC)","S Toys Holdings LLC (fka The Step2 Company, LLC) (5)",Consumer Durables and Apparel,Toy manufacturer,Class B common units,,,,10/2014,,126278000.0,,,,,60
1277,ARCC,2026-06-30,2026-07-29,0001628280-26-050307,"S Toys Holdings LLC (fka The Step2 Company, LLC)","S Toys Holdings LLC (fka The Step2 Company, LLC) (5)",Consumer Durables and Apparel,Toy manufacturer,Warrant to purchase units,,,,04/2010,12/2050,3157895.0,,,,,60
1278,ARCC,2026-06-30,2026-07-29,0001628280-26-050307,"Shoes For Crews Global, LLC and Shoes For Crews Holdings, LLC","Shoes For Crews Global, LLC and Shoes For Crews Holdings, LLC (4)(13)",Consumer Durables and Apparel,Manufacturer and distributor of slip resistant footwear,First lien senior secured loan,10.49,SOFR (Q),6.5,04/2024,07/2029,,1.2,1.2,1.2,(2)(9),60
1279,ARCC,2026-06-30,2026-07-29,0001628280-26-050307,"Shoes For Crews Global, LLC and Shoes For Crews Holdings, LLC","Shoes For Crews Global, LLC and Shoes For Crews Holdings, LLC (4)(13)",Consumer Durables and Apparel,Manufacturer and distributor of slip resistant footwear,First lien senior secured loan,10.49,SOFR (Q),6.5,06/2024,07/2029,,6.4,6.4,6.4,(2)(9),60
1280,ARCC,2026-06-30,2026-07-29,0001628280-26-050307,"Shoes For Crews Global, LLC and Shoes For Crews Holdings, LLC","Shoes For Crews Global, LLC and Shoes For Crews Holdings, LLC (4)(13)",Consumer Durables and Apparel,Manufacturer and distributor of slip resistant footwear,First lien senior secured loan,10.96,SOFR (Q),7.0,06/2024,07/2029,,3.8,3.8,3.8,(2)(9),60
1281,ARCC,2026-06-30,2026-07-29,0001628280-26-050307,"Shoes For Crews Global, LLC and Shoes For Crews Holdings, LLC","Shoes For Crews Global, LLC and Shoes For Crews Holdings, LLC (4)(13)",Consumer Durables and Apparel,Manufacturer and distributor of slip resistant footwear,Class A common units,,,,06/2024,,8474.0,,10.5,12.6,(2),60
1282,ARCC,2026-06-30,2026-07-29,0001628280-26-050307,Sport Maska Inc.,Sport Maska Inc. (13),Consumer Durables and Apparel,Manufacturer of hockey equipment and related accessories,First lien senior secured revolving loan,7.77,CORRA (A),5.5,12/2024,12/2030,,3.9,4.2,4.1,(2)(6)(9)(12),60
1283,ARCC,2026-06-30,2026-07-29,0001628280-26-050307,Sport Maska Inc.,Sport Maska Inc. (13),Consumer Durables and Apparel,Manufacturer of hockey equipment and related accessories,First lien senior secured revolving loan,8.88,SOFR (M),5.25,12/2024,12/2030,,4.8,5.0,5.0,(2)(6)(9)(12),60
1284,ARCC,2026-06-30,2026-07-29,0001628280-26-050307,Sport Maska Inc.,Sport Maska Inc. (13),Consumer Durables and Apparel,Manufacturer of hockey equipment and related accessories,First lien senior secured loan,7.78,CDOR (M),5.5,12/2024,12/2030,,35.2,34.8,35.2,(2)(6)(9),60
1285,ARCC,2026-06-30,2026-07-29,0001628280-26-050307,St Athena Global LLC and St Athena Global Holdings Limited,St Athena Global LLC and St Athena Global Holdings Limited (13),Consumer Durables and Apparel,Designer and manufacturer of branded premium-quality tableware,First lien senior secured revolving loan,8.97,SOFR (M),5.25,06/2024,06/2029,,0.4,0.4,0.4,(2)(6)(9),60
1286,ARCC,2026-06-30,2026-07-29,0001628280-26-050307,St Athena Global LLC and St Athena Global Holdings Limited,St Athena Global LLC and St Athena Global Holdings Limited (13),Consumer Durables and Apparel,Designer and manufacturer of branded premium-quality tableware,First lien senior secured loan,8.92,SOFR (Q),5.25,06/2024,06/2030,,29.6,29.6,28.7,(2)(6)(9),60
1287,ARCC,2026-06-30,2026-07-29,0001628280-26-050307,St Athena Global LLC and St Athena Global Holdings Limited,St Athena Global LLC and St Athena Global Holdings Limited (13),Consumer Durables and Apparel,Designer and manufacturer of branded premium-quality tableware,First lien senior secured loan,8.98,SONIA (Q),5.25,06/2024,06/2030,,17.8,16.9,17.2,(2)(6)(9),60
1288,ARCC,2026-06-30,2026-07-29,0001628280-26-050307,Team Acquisition Corporation,Team Acquisition Corporation,Consumer Durables and Apparel,Provider of team uniforms and athletic wear,First lien senior secured revolving loan,,,,01/2024,11/2028,,5.7,5.5,2.7,(2)(8)(12),60
1289,ARCC,2026-06-30,2026-07-29,0001628280-26-050307,Team Acquisition Corporation,Team Acquisition Corporation,Consumer Durables and Apparel,Provider of team uniforms and athletic wear,First lien senior secured loan,,,,01/2024,11/2029,,34.1,33.7,16.0,(2)(8),60
1290,ARCC,2026-06-30,2026-07-29,0001628280-26-050307,"Apex Clean Energy TopCo, LLC","Apex Clean Energy TopCo, LLC (4)",Independent Power and Renewable Electricity Producers,"Developer, builder and owner of utility-scale wind and solar power facilities",Class A common units,,,,11/2021,,1335610.0,,134.7,212.5,,60
1291,ARCC,2026-06-30,2026-07-29,0001628280-26-050307,"Apex Clean Energy TopCo, LLC","Apex Clean Energy TopCo, LLC (4)",Independent Power and Renewable Electricity Producers,"Developer, builder and owner of utility-scale wind and solar power facilities",Class B common units,,,,07/2025,,113136.0,,11.3,18.0,,60
1292,ARCC,2026-06-30,2026-07-29,0001628280-26-050307,BNZ TopCo B.V.,BNZ TopCo B.V. (13),Independent Power and Renewable Electricity Producers,Developer and operator of solar photovoltaic plants,Senior subordinated loan,8.88,Euribor (Q),6.75,10/2024,10/2030,,13.4,12.4,13.1,(2)(6)(9),60
1293,ARCC,2026-06-30,2026-07-29,0001628280-26-050307,"Sunrun Luna Holdco 2021, LLC","Sunrun Luna Holdco 2021, LLC (13)",Independent Power and Renewable Electricity Producers,Residential solar energy provider,Senior subordinated loan,10.41,SOFR (Q),6.75,03/2022,04/2027,,85.5,85.5,82.9,(2)(6)(9),60
1294,ARCC,2026-06-30,2026-07-29,0001628280-26-050307,"Sunrun Luna Holdco 2021, LLC","Sunrun Luna Holdco 2021, LLC (13)",Independent Power and Renewable Electricity Producers,Residential solar energy provider,Senior subordinated loan,10.41,SOFR (Q),6.75,02/2026,02/2030,,31.2,31.2,30.2,(2)(6)(9),60
1295,ARCC,2026-06-30,2026-07-29,0001628280-26-050307,"Sunrun Luna Holdco 2021, LLC","Sunrun Luna Holdco 2021, LLC (13)",Independent Power and Renewable Electricity Producers,Residential solar energy provider,Senior subordinated loan,10.39,SOFR (M),6.73,02/2026,02/2030,,5.8,5.8,5.6,(2)(6)(9),60
1296,ARCC,2026-06-30,2026-07-29,0001628280-26-050307,"Sunrun Xanadu Issuer 2019-1, LLC and Sunrun Xanadu Holdings 2019-1, LLC","Sunrun Xanadu Issuer 2019-1, LLC and Sunrun Xanadu Holdings 2019-1, LLC",Independent Power and Renewable Electricity Producers,Residential solar energy provider,First lien senior secured loan,3.98,,,06/2019,06/2054,,0.2,0.2,0.2,(2)(6),60
1297,ARCC,2026-06-30,2026-07-29,0001628280-26-050307,"Sunrun Xanadu Issuer 2019-1, LLC and Sunrun Xanadu Holdings 2019-1, LLC","Sunrun Xanadu Issuer 2019-1, LLC and Sunrun Xanadu Holdings 2019-1, LLC",Independent Power and Renewable Electricity Producers,Residential solar energy provider,Senior subordinated loan,,SOFR (Q),6.9,06/2019,07/2030,,89.5,89.5,89.5,(2)(6)(9),61
1298,ARCC,2026-06-30,2026-07-29,0001628280-26-050307,"Automotive Keys Group, LLC and Automotive Keys Investor, LLC","Automotive Keys Group, LLC and Automotive Keys Investor, LLC",Automobiles and Components,Provider of replacement wireless keys for automotive market,First lien senior secured loan,10.38,SOFR (M),6.5,12/2021,08/2026,,0.1,0.1,0.1,(2)(9),61
1299,ARCC,2026-06-30,2026-07-29,0001628280-26-050307,"Automotive Keys Group, LLC and Automotive Keys Investor, LLC","Automotive Keys Group, LLC and Automotive Keys Investor, LLC",Automobiles and Components,Provider of replacement wireless keys for automotive market,First lien senior secured loan,10.38,SOFR (M),6.5,12/2022,08/2026,,4.2,4.2,3.6,(2)(9),61
1300,ARCC,2026-06-30,2026-07-29,0001628280-26-050307,"Automotive Keys Group, LLC and Automotive Keys Investor, LLC","Automotive Keys Group, LLC and Automotive Keys Investor, LLC",Automobiles and Components,Provider of replacement wireless keys for automotive market,Preferred units,,,,11/2020,,4113113.0,,5.1,,(2),61
1301,ARCC,2026-06-30,2026-07-29,0001628280-26-050307,"Automotive Keys Group, LLC and Automotive Keys Investor, LLC","Automotive Keys Group, LLC and Automotive Keys Investor, LLC",Automobiles and Components,Provider of replacement wireless keys for automotive market,Preferred units,,,,11/2020,,1095046.0,,1.1,,(2),61
1302,ARCC,2026-06-30,2026-07-29,0001628280-26-050307,"Automotive Keys Group, LLC and Automotive Keys Investor, LLC","Automotive Keys Group, LLC and Automotive Keys Investor, LLC",Automobiles and Components,Provider of replacement wireless keys for automotive market,Class A common units,,,,11/2020,,5208159.0,,,,(2),61
1303,ARCC,2026-06-30,2026-07-29,0001628280-26-050307,"Bolt Newco Holdings, L.P. and Bolt Purchaser, LLC","Bolt Newco Holdings, L.P. and Bolt Purchaser, LLC (13)",Automobiles and Components,Automotive repair services retailer,First lien senior secured loan,8.48,SOFR (Q),4.75,06/2026,06/2033,,18.4,18.4,18.2,(2)(9),61
1304,ARCC,2026-06-30,2026-07-29,0001628280-26-050307,"Bolt Newco Holdings, L.P. and Bolt Purchaser, LLC","Bolt Newco Holdings, L.P. and Bolt Purchaser, LLC (13)",Automobiles and Components,Automotive repair services retailer,Class A -1 units,,,,06/2026,,5696000.0,,5.7,5.7,,61
1305,ARCC,2026-06-30,2026-07-29,0001628280-26-050307,"Churchill OpCo Holdings LLC and Victory Topco, LP","Churchill OpCo Holdings LLC and Victory Topco, LP (13)",Automobiles and Components,Operator of collision repair centers,First lien senior secured revolving loan,8.48,SOFR (Q),4.75,11/2023,11/2029,,0.9,0.9,0.9,(2)(9),61
1306,ARCC,2026-06-30,2026-07-29,0001628280-26-050307,"Churchill OpCo Holdings LLC and Victory Topco, LP","Churchill OpCo Holdings LLC and Victory Topco, LP (13)",Automobiles and Components,Operator of collision repair centers,First lien senior secured loan,8.48,SOFR (Q),4.75,12/2025,11/2029,,6.7,6.7,6.7,(2)(9),61
1307,ARCC,2026-06-30,2026-07-29,0001628280-26-050307,"Churchill OpCo Holdings LLC and Victory Topco, LP","Churchill OpCo Holdings LLC and Victory Topco, LP (13)",Automobiles and Components,Operator of collision repair centers,First lien senior secured loan,8.48,SOFR (Q),4.75,11/2023,11/2029,,21.8,21.8,21.8,(2)(9),61
1308,ARCC,2026-06-30,2026-07-29,0001628280-26-050307,"Churchill OpCo Holdings LLC and Victory Topco, LP","Churchill OpCo Holdings LLC and Victory Topco, LP (13)",Automobiles and Components,Operator of collision repair centers,Class A-2 common units,,,,11/2023,,20170.0,,2.0,5.7,(2),61
1309,ARCC,2026-06-30,2026-07-29,0001628280-26-050307,"Collision SP Subco, LLC","Collision SP Subco, LLC (13)",Automobiles and Components,Provider of auto body collision repair services,First lien senior secured loan,8.44,SOFR (Q),4.75,01/2024,01/2030,,10.0,10.0,9.7,(2)(9),61
1310,ARCC,2026-06-30,2026-07-29,0001628280-26-050307,"Collision SP Subco, LLC","Collision SP Subco, LLC (13)",Automobiles and Components,Provider of auto body collision repair services,First lien senior secured loan,8.46,SOFR (Q),4.75,04/2025,01/2030,,0.7,0.7,0.7,(2)(9),61
1311,ARCC,2026-06-30,2026-07-29,0001628280-26-050307,"Continental Acquisition Holdings, Inc. and Continental Group Holdings, L.P.","Continental Acquisition Holdings, Inc. and Continental Group Holdings, L.P.",Automobiles and Components,"Distributor of aftermarket batteries to the electric utility vehicle, automotive, commercial, marine and industrial markets",First lien senior secured loan,,,,01/2021,07/2028,,44.6,37.0,21.4,(2)(8),61
1312,ARCC,2026-06-30,2026-07-29,0001628280-26-050307,"Continental Acquisition Holdings, Inc. and Continental Group Holdings, L.P.","Continental Acquisition Holdings, Inc. and Continental Group Holdings, L.P.",Automobiles and Components,"Distributor of aftermarket batteries to the electric utility vehicle, automotive, commercial, marine and industrial markets",First lien senior secured loan,,,,12/2021,07/2028,,6.6,5.5,3.2,(2)(8),61
1313,ARCC,2026-06-30,2026-07-29,0001628280-26-050307,"Continental Acquisition Holdings, Inc. and Continental Group Holdings, L.P.","Continental Acquisition Holdings, Inc. and Continental Group Holdings, L.P.",Automobiles and Components,"Distributor of aftermarket batteries to the electric utility vehicle, automotive, commercial, marine and industrial markets",Class A units,,,,07/2025,,52073.0,,,,(2),61
1314,ARCC,2026-06-30,2026-07-29,0001628280-26-050307,"Faraday&Future Inc., FF Inc., Faraday SPE, LLC and Faraday Future Intelligent Electric Inc.","Faraday&Future Inc., FF Inc., Faraday SPE, LLC and Faraday Future Intelligent Electric Inc.",Automobiles and Components,Electric vehicle manufacturer,Warrant to purchase shares of Class A common stock,,,,08/2021,08/2027,27824527.0,,2.3,,(2),61
1315,ARCC,2026-06-30,2026-07-29,0001628280-26-050307,"Highline Aftermarket Acquisition, LLC, Highline Aftermarket SC Acquisition, Inc. and Highline PPC Blocker LLC","Highline Aftermarket Acquisition, LLC, Highline Aftermarket SC Acquisition, Inc. and Highline PPC Blocker LLC (13)",Automobiles and Components,Manufacturer and distributor of automotive fluids,Co-invest units,,,,11/2020,,59230.0,,5.9,15.7,(2),61
1316,ARCC,2026-06-30,2026-07-29,0001628280-26-050307,"Sun Acquirer Corp. and Sun TopCo, LP","Sun Acquirer Corp. and Sun TopCo, LP (13)",Automobiles and Components,Automotive parts and repair services retailer,First lien senior secured revolving loan,,,,09/2021,09/2027,,,,,(2)(11),61
1317,ARCC,2026-06-30,2026-07-29,0001628280-26-050307,"Sun Acquirer Corp. and Sun TopCo, LP","Sun Acquirer Corp. and Sun TopCo, LP (13)",Automobiles and Components,Automotive parts and repair services retailer,First lien senior secured loan,8.14,SOFR (M),4.5,09/2021,09/2028,,21.9,21.8,21.6,(2)(9),61
1318,ARCC,2026-06-30,2026-07-29,0001628280-26-050307,"Sun Acquirer Corp. and Sun TopCo, LP","Sun Acquirer Corp. and Sun TopCo, LP (13)",Automobiles and Components,Automotive parts and repair services retailer,First lien senior secured loan,8.14,SOFR (M),4.5,11/2024,09/2028,,42.3,42.3,41.9,(2)(9),62
1319,ARCC,2026-06-30,2026-07-29,0001628280-26-050307,"Sun Acquirer Corp. and Sun TopCo, LP","Sun Acquirer Corp. and Sun TopCo, LP (13)",Automobiles and Components,Automotive parts and repair services retailer,First lien senior secured loan,8.14,SOFR (M),4.5,11/2021,09/2028,,9.1,9.1,9.0,(2)(9),62
1320,ARCC,2026-06-30,2026-07-29,0001628280-26-050307,"Sun Acquirer Corp. and Sun TopCo, LP","Sun Acquirer Corp. and Sun TopCo, LP (13)",Automobiles and Components,Automotive parts and repair services retailer,Class A units,,,,09/2021,,79688.0,,8.0,10.9,(2),62
1321,ARCC,2026-06-30,2026-07-29,0001628280-26-050307,"Telle Tire & Auto Service, LLC, Telle Tire Holdco, LLC, and Next Horizon Capital TireCo SPV, LP","Telle Tire & Auto Service, LLC, Telle Tire Holdco, LLC, and Next Horizon Capital TireCo SPV, LP (13)",Automobiles and Components,Provider of automobile parts and auto repair services,First lien senior secured revolving loan,9.13,SOFR (S),5.5,03/2025,03/2031,,0.2,0.2,0.2,(2)(9),62
1322,ARCC,2026-06-30,2026-07-29,0001628280-26-050307,"Telle Tire & Auto Service, LLC, Telle Tire Holdco, LLC, and Next Horizon Capital TireCo SPV, LP","Telle Tire & Auto Service, LLC, Telle Tire Holdco, LLC, and Next Horizon Capital TireCo SPV, LP (13)",Automobiles and Components,Provider of automobile parts and auto repair services,First lien senior secured revolving loan,10.5,Base Rate (Q),3.75,03/2025,03/2031,,0.1,0.1,0.1,(2)(9),62
1323,ARCC,2026-06-30,2026-07-29,0001628280-26-050307,"Telle Tire & Auto Service, LLC, Telle Tire Holdco, LLC, and Next Horizon Capital TireCo SPV, LP","Telle Tire & Auto Service, LLC, Telle Tire Holdco, LLC, and Next Horizon Capital TireCo SPV, LP (13)",Automobiles and Components,Provider of automobile parts and auto repair services,First lien senior secured loan,8.6,SOFR (S),4.75,01/2026,03/2031,,7.9,7.9,7.9,(2)(9),62
1324,ARCC,2026-06-30,2026-07-29,0001628280-26-050307,"Telle Tire & Auto Service, LLC, Telle Tire Holdco, LLC, and Next Horizon Capital TireCo SPV, LP","Telle Tire & Auto Service, LLC, Telle Tire Holdco, LLC, and Next Horizon Capital TireCo SPV, LP (13)",Automobiles and Components,Provider of automobile parts and auto repair services,First lien senior secured loan,8.41,SOFR (Q),4.75,07/2025,03/2031,,8.0,8.0,8.0,(2)(9),62
1325,ARCC,2026-06-30,2026-07-29,0001628280-26-050307,"Telle Tire & Auto Service, LLC, Telle Tire Holdco, LLC, and Next Horizon Capital TireCo SPV, LP","Telle Tire & Auto Service, LLC, Telle Tire Holdco, LLC, and Next Horizon Capital TireCo SPV, LP (13)",Automobiles and Components,Provider of automobile parts and auto repair services,Senior subordinated loan,,,,06/2026,06/2033,,10.9,10.9,10.7,(2),62
1326,ARCC,2026-06-30,2026-07-29,0001628280-26-050307,"Telle Tire & Auto Service, LLC, Telle Tire Holdco, LLC, and Next Horizon Capital TireCo SPV, LP","Telle Tire & Auto Service, LLC, Telle Tire Holdco, LLC, and Next Horizon Capital TireCo SPV, LP (13)",Automobiles and Components,Provider of automobile parts and auto repair services,Limited partnership interests,,,,03/2025,,330000.0,,0.3,0.6,,62
1327,ARCC,2026-06-30,2026-07-29,0001628280-26-050307,"Truck-Lite Co., LLC, ECCO Holdings Corp., and Clarity Technologies Holdings, LP","Truck-Lite Co., LLC, ECCO Holdings Corp., and Clarity Technologies Holdings, LP (13)",Automobiles and Components,Provider of global transportation safety and productivity applications,First lien senior secured revolving loan,,,,06/2025,02/2031,,,,,(2)(11),62
1328,ARCC,2026-06-30,2026-07-29,0001628280-26-050307,"Truck-Lite Co., LLC, ECCO Holdings Corp., and Clarity Technologies Holdings, LP","Truck-Lite Co., LLC, ECCO Holdings Corp., and Clarity Technologies Holdings, LP (13)",Automobiles and Components,Provider of global transportation safety and productivity applications,First lien senior secured loan,8.41,SOFR (Q),4.75,06/2025,02/2032,,143.6,143.6,143.6,(2)(9),62
1329,ARCC,2026-06-30,2026-07-29,0001628280-26-050307,"Truck-Lite Co., LLC, ECCO Holdings Corp., and Clarity Technologies Holdings, LP","Truck-Lite Co., LLC, ECCO Holdings Corp., and Clarity Technologies Holdings, LP (13)",Automobiles and Components,Provider of global transportation safety and productivity applications,Class A units,,,,09/2025,,55220.0,,5.5,5.3,(2),62
1330,ARCC,2026-06-30,2026-07-29,0001628280-26-050307,"Beacon Wellness Brands, Inc. and CDI Holdings I Corp.","Beacon Wellness Brands, Inc. and CDI Holdings I Corp. (13)",Household and Personal Products,Provider of personal care appliances,First lien senior secured loan,,SOFR (M),9.0,12/2021,12/2027,,3.4,3.4,3.4,(2)(9),62
1331,ARCC,2026-06-30,2026-07-29,0001628280-26-050307,"Beacon Wellness Brands, Inc. and CDI Holdings I Corp.","Beacon Wellness Brands, Inc. and CDI Holdings I Corp. (13)",Household and Personal Products,Provider of personal care appliances,Common stock,,,,12/2021,,6149.0,,6.1,3.5,(2),62
1332,ARCC,2026-06-30,2026-07-29,0001628280-26-050307,"Foundation Consumer Brands, LLC","Foundation Consumer Brands, LLC (13)",Household and Personal Products,Pharmaceutical holding company of over the counter brands,First lien senior secured loan,8.72,SOFR (M),5.0,06/2023,02/2029,,0.1,0.1,0.1,(2)(9),62
1333,ARCC,2026-06-30,2026-07-29,0001628280-26-050307,"Foundation Consumer Brands, LLC","Foundation Consumer Brands, LLC (13)",Household and Personal Products,Pharmaceutical holding company of over the counter brands,First lien senior secured loan,8.72,SOFR (M),5.0,02/2021,02/2029,,9.6,9.5,9.6,(2)(9),62
1334,ARCC,2026-06-30,2026-07-29,0001628280-26-050307,"LifeStyles Bidco Ltd., Lifestyles US Holdco, Inc. and LifeStyles Parent, L.P.","LifeStyles Bidco Ltd., Lifestyles US Holdco, Inc. and LifeStyles Parent, L.P.",Household and Personal Products,Provider of intimate wellness products,First lien senior secured loan,9.48,SOFR (Q),5.75,11/2022,11/2028,,18.0,18.0,18.0,(2)(6)(9),62
1335,ARCC,2026-06-30,2026-07-29,0001628280-26-050307,"LifeStyles Bidco Ltd., Lifestyles US Holdco, Inc. and LifeStyles Parent, L.P.","LifeStyles Bidco Ltd., Lifestyles US Holdco, Inc. and LifeStyles Parent, L.P.",Household and Personal Products,Provider of intimate wellness products,First lien senior secured loan,9.48,SOFR (Q),5.75,12/2023,11/2028,,9.0,8.6,9.0,(2)(6)(9),62
1336,ARCC,2026-06-30,2026-07-29,0001628280-26-050307,"LifeStyles Bidco Ltd., Lifestyles US Holdco, Inc. and LifeStyles Parent, L.P.","LifeStyles Bidco Ltd., Lifestyles US Holdco, Inc. and LifeStyles Parent, L.P.",Household and Personal Products,Provider of intimate wellness products,Preferred units,,,,11/2022,,3178.0,,4.2,4.2,(2)(6),62
1337,ARCC,2026-06-30,2026-07-29,0001628280-26-050307,"LifeStyles Bidco Ltd., Lifestyles US Holdco, Inc. and LifeStyles Parent, L.P.","LifeStyles Bidco Ltd., Lifestyles US Holdco, Inc. and LifeStyles Parent, L.P.",Household and Personal Products,Provider of intimate wellness products,Class B common units,,,,11/2022,,32105.0,,,1.4,(2)(6),62
1338,ARCC,2026-06-30,2026-07-29,0001628280-26-050307,"pH Beauty Holdings III, Inc.","pH Beauty Holdings III, Inc. (13)",Household and Personal Products,Beauty and personal care platform,First lien senior secured loan,9.18,SOFR (Q),5.5,02/2025,09/2027,,11.1,11.1,11.1,(2),62
1339,ARCC,2026-06-30,2026-07-29,0001628280-26-050307,"Premier Specialties, Inc. and RMCF V CIV XLIV, L.P.","Premier Specialties, Inc. and RMCF V CIV XLIV, L.P. (13)",Household and Personal Products,Manufacturer and supplier of natural fragrance materials and cosmeceuticals,First lien senior secured revolving loan,10.74,SOFR (M),7.0,08/2021,08/2027,,1.9,1.9,1.8,(2)(9),62
1340,ARCC,2026-06-30,2026-07-29,0001628280-26-050307,"Premier Specialties, Inc. and RMCF V CIV XLIV, L.P.","Premier Specialties, Inc. and RMCF V CIV XLIV, L.P. (13)",Household and Personal Products,Manufacturer and supplier of natural fragrance materials and cosmeceuticals,First lien senior secured loan,10.74,SOFR (M),7.0,08/2021,08/2027,,28.0,28.0,26.9,(2)(9),62
1341,ARCC,2026-06-30,2026-07-29,0001628280-26-050307,"Premier Specialties, Inc. and RMCF V CIV XLIV, L.P.","Premier Specialties, Inc. and RMCF V CIV XLIV, L.P. (13)",Household and Personal Products,Manufacturer and supplier of natural fragrance materials and cosmeceuticals,Limited partner interests,,,,08/2021,,2.69,,5.0,1.8,(2),63
1342,ARCC,2026-06-30,2026-07-29,0001628280-26-050307,RD Holdco Inc.,RD Holdco Inc. (5),Household and Personal Products,Manufacturer and marketer of carpet cleaning machines,Common stock,,,,12/2025,,206254.0,,,,,63
1343,ARCC,2026-06-30,2026-07-29,0001628280-26-050307,RD Holdco Inc.,RD Holdco Inc. (5),Household and Personal Products,Manufacturer and marketer of carpet cleaning machines,Class B common stock,,,,12/2025,,350.0,,,,,63
1344,ARCC,2026-06-30,2026-07-29,0001628280-26-050307,RD Holdco Inc.,RD Holdco Inc. (5),Household and Personal Products,Manufacturer and marketer of carpet cleaning machines,Common stock,,,,01/2017,,458596.0,,14.0,,,63
1345,ARCC,2026-06-30,2026-07-29,0001628280-26-050307,RD Holdco Inc.,RD Holdco Inc. (5),Household and Personal Products,Manufacturer and marketer of carpet cleaning machines,Class C common stock,,,,12/2025,,649880.0,,17.5,23.7,,63
1346,ARCC,2026-06-30,2026-07-29,0001628280-26-050307,"Salt & Stone, Inc. and Leila Parent, LLC","Salt & Stone, Inc. and Leila Parent, LLC (13)",Household and Personal Products,Producer of personal care products,First lien senior secured loan,9.23,SOFR (Q),5.5,04/2026,04/2032,,6.1,6.1,6.0,(2)(9),63
1347,ARCC,2026-06-30,2026-07-29,0001628280-26-050307,"Salt & Stone, Inc. and Leila Parent, LLC","Salt & Stone, Inc. and Leila Parent, LLC (13)",Household and Personal Products,Producer of personal care products,Common units,,,,04/2026,,681000.0,,0.7,0.7,(2),63
1348,ARCC,2026-06-30,2026-07-29,0001628280-26-050307,Silk Holdings III LLC and Silk Holdings I Corp.,Silk Holdings III LLC and Silk Holdings I Corp. (13),Household and Personal Products,Producer of personal care products,First lien senior secured revolving loan,8.11,SOFR (M),4.5,12/2025,12/2032,,0.7,0.7,0.7,(2)(9),63
1349,ARCC,2026-06-30,2026-07-29,0001628280-26-050307,Silk Holdings III LLC and Silk Holdings I Corp.,Silk Holdings III LLC and Silk Holdings I Corp. (13),Household and Personal Products,Producer of personal care products,First lien senior secured loan,8.11,SOFR (M),4.5,12/2025,12/2032,,81.4,81.4,80.6,(2)(9),63
1350,ARCC,2026-06-30,2026-07-29,0001628280-26-050307,Silk Holdings III LLC and Silk Holdings I Corp.,Silk Holdings III LLC and Silk Holdings I Corp. (13),Household and Personal Products,Producer of personal care products,First lien senior secured loan,8.11,SOFR (M),4.5,05/2023,12/2032,,62.5,62.5,61.8,(2)(9),63
1351,ARCC,2026-06-30,2026-07-29,0001628280-26-050307,Silk Holdings III LLC and Silk Holdings I Corp.,Silk Holdings III LLC and Silk Holdings I Corp. (13),Household and Personal Products,Producer of personal care products,Common stock,,,,05/2023,,15786.0,,18.1,43.0,(2),63
1352,ARCC,2026-06-30,2026-07-29,0001628280-26-050307,"TCI Buyer LLC and TCI Holdings, LP","TCI Buyer LLC and TCI Holdings, LP (13)",Household and Personal Products,Contract formulator and manufacturer of beauty and personal care products,First lien senior secured loan,8.65,SOFR (M),5.0,11/2024,11/2030,,14.8,14.8,14.6,(2)(9),63
1353,ARCC,2026-06-30,2026-07-29,0001628280-26-050307,"TCI Buyer LLC and TCI Holdings, LP","TCI Buyer LLC and TCI Holdings, LP (13)",Household and Personal Products,Contract formulator and manufacturer of beauty and personal care products,Common stock,,,,11/2024,,24010.0,,2.4,2.1,(2),63
1354,ARCC,2026-06-30,2026-07-29,0001628280-26-050307,"Walnut Parent, Inc.","Walnut Parent, Inc.",Household and Personal Products,Manufacturer of natural solution pest and animal control products,First lien senior secured loan,,SOFR (Q),6.25,04/2022,11/2029,,0.1,0.1,0.1,(2)(9),63
1355,ARCC,2026-06-30,2026-07-29,0001628280-26-050307,"Walnut Parent, Inc.","Walnut Parent, Inc.",Household and Personal Products,Manufacturer of natural solution pest and animal control products,First lien senior secured loan,,SOFR (M),6.25,11/2020,11/2029,,14.5,14.5,13.6,(2)(9),63
1356,ARCC,2026-06-30,2026-07-29,0001628280-26-050307,"WU Holdco, Inc.","WU Holdco, Inc. (13)",Household and Personal Products,Manufacturer and distributor of household cleaning products with focus on specialized surfaces,First lien senior secured loan,8.48,SOFR (Q),4.75,04/2025,04/2032,,10.5,10.4,10.5,(2)(9),63
1357,ARCC,2026-06-30,2026-07-29,0001628280-26-050307,"Astra Energy Group Limited, GNZ Energy Bidco Limited, and Galileo Co-investment Trust I","Astra Energy Group Limited, GNZ Energy Bidco Limited, and Galileo Co-investment Trust I (13)",Energy,Independent fuel provider in New Zealand,First lien senior secured loan,8.49,BKBM (M),6.0,05/2022,07/2027,,27.6,30.5,27.6,(2)(6)(9),63
1358,ARCC,2026-06-30,2026-07-29,0001628280-26-050307,"Astra Energy Group Limited, GNZ Energy Bidco Limited, and Galileo Co-investment Trust I","Astra Energy Group Limited, GNZ Energy Bidco Limited, and Galileo Co-investment Trust I (13)",Energy,Independent fuel provider in New Zealand,Common units,,,,07/2022,,17616667.0,,5.1,16.7,(2)(6),63
1359,ARCC,2026-06-30,2026-07-29,0001628280-26-050307,"HighPeak Energy, Inc.","HighPeak Energy, Inc.",Energy,Oil and gas exploration and production company,First lien senior secured loan,11.38,SOFR (Q),7.5,09/2023,09/2028,,156.7,155.8,156.7,(2)(6)(9),63
1360,ARCC,2026-06-30,2026-07-29,0001628280-26-050307,"Murchison Oil and Gas, LLC and Murchison Holdings, LLC","Murchison Oil and Gas, LLC and Murchison Holdings, LLC",Energy,Exploration and production company,Preferred units,,,,06/2022,,41000.0,,,0.8,,63
1361,ARCC,2026-06-30,2026-07-29,0001628280-26-050307,Phoenix Operating LLC,Phoenix Operating LLC,Energy,Oil and gas investment company,First lien senior secured loan,10.83,SOFR (Q),7.0,08/2025,10/2028,,46.0,43.9,44.4,(2)(9),63
1362,ARCC,2026-06-30,2026-07-29,0001628280-26-050307,Phoenix Operating LLC,Phoenix Operating LLC,Energy,Oil and gas investment company,First lien senior secured loan,10.83,SOFR (Q),7.0,02/2026,10/2028,,33.0,33.0,33.0,(2)(9),63
1363,ARCC,2026-06-30,2026-07-29,0001628280-26-050307,Phoenix Operating LLC,Phoenix Operating LLC,Energy,Oil and gas investment company,First lien senior secured loan,10.83,SOFR (Q),7.0,10/2025,10/2028,,28.0,28.0,28.0,(2)(9),64
1364,ARCC,2026-06-30,2026-07-29,0001628280-26-050307,"VPROP Operating, LLC and V SandCo, LLC","VPROP Operating, LLC and V SandCo, LLC (5)",Energy,Sand-based proppant producer and distributor to the oil and natural gas industry,First lien senior secured loan,,SOFR (M),9.5,11/2020,11/2026,,6.3,6.3,6.3,(2)(9),64
1365,ARCC,2026-06-30,2026-07-29,0001628280-26-050307,"VPROP Operating, LLC and V SandCo, LLC","VPROP Operating, LLC and V SandCo, LLC (5)",Energy,Sand-based proppant producer and distributor to the oil and natural gas industry,First lien senior secured loan,,SOFR (M),9.5,06/2020,11/2026,,7.6,7.6,7.6,(2)(9),64
1366,ARCC,2026-06-30,2026-07-29,0001628280-26-050307,"VPROP Operating, LLC and V SandCo, LLC","VPROP Operating, LLC and V SandCo, LLC (5)",Energy,Sand-based proppant producer and distributor to the oil and natural gas industry,First lien senior secured loan,,SOFR (M),9.5,12/2024,11/2026,,7.8,7.8,7.8,(2)(9),64
1367,ARCC,2026-06-30,2026-07-29,0001628280-26-050307,"VPROP Operating, LLC and V SandCo, LLC","VPROP Operating, LLC and V SandCo, LLC (5)",Energy,Sand-based proppant producer and distributor to the oil and natural gas industry,First lien senior secured loan,,,,03/2017,11/2026,,34.4,30.3,0.6,(2)(8),64
1368,ARCC,2026-06-30,2026-07-29,0001628280-26-050307,"VPROP Operating, LLC and V SandCo, LLC","VPROP Operating, LLC and V SandCo, LLC (5)",Energy,Sand-based proppant producer and distributor to the oil and natural gas industry,Class A units,,,,11/2020,,347900.0,,32.8,,(2),64
1369,ARCC,2026-06-30,2026-07-29,0001628280-26-050307,American Seafoods Group LLC and American Seafoods Partners LLC,American Seafoods Group LLC and American Seafoods Partners LLC,Food and Beverage,Harvester and processor of seafood,Class A units,,,,08/2015,,77922.0,,0.1,0.1,(2),64
1370,ARCC,2026-06-30,2026-07-29,0001628280-26-050307,American Seafoods Group LLC and American Seafoods Partners LLC,American Seafoods Group LLC and American Seafoods Partners LLC,Food and Beverage,Harvester and processor of seafood,Warrant to purchase units of Class A units,,,,08/2015,08/2035,7422078.0,,7.4,8.0,(2),64
1371,ARCC,2026-06-30,2026-07-29,0001628280-26-050307,"Badia Spices, LLC","Badia Spices, LLC (13)",Food and Beverage,Spices and seasonings brand,First lien senior secured loan,7.91,SOFR (Q),4.25,11/2024,11/2030,,5.9,5.9,5.9,(2)(9),64
1372,ARCC,2026-06-30,2026-07-29,0001628280-26-050307,"Berner Food & Beverage, LLC","Berner Food & Beverage, LLC (13)",Food and Beverage,Supplier of dairy-based food and beverage products,First lien senior secured revolving loan,9.81,SOFR (Q),6.0,07/2021,07/2027,,1.3,1.3,1.3,(2)(9),64
1373,ARCC,2026-06-30,2026-07-29,0001628280-26-050307,"Berner Food & Beverage, LLC","Berner Food & Beverage, LLC (13)",Food and Beverage,Supplier of dairy-based food and beverage products,First lien senior secured loan,9.81,SOFR (Q),6.0,12/2024,07/2027,,1.4,1.4,1.4,(2)(9),64
1374,ARCC,2026-06-30,2026-07-29,0001628280-26-050307,"Bragg Live Food Products, LLC and SPC Investment Co., L.P.","Bragg Live Food Products, LLC and SPC Investment Co., L.P. (4)",Food and Beverage,Health food company,Common units,,,,03/2019,,14850.0,,8.4,14.0,(2),64
1375,ARCC,2026-06-30,2026-07-29,0001628280-26-050307,CHG PPC Parent LLC & PPC CHG Blocker LLC,CHG PPC Parent LLC & PPC CHG Blocker LLC,Food and Beverage,Diversified food products manufacturer,Common units,,,,12/2021,,59.0,,3.0,5.0,(2),64
1376,ARCC,2026-06-30,2026-07-29,0001628280-26-050307,"Demakes FinanceCo, LLC","Demakes FinanceCo, LLC",Food and Beverage,Value-added protein manufacturer,First lien senior secured loan,9.23,SOFR (Q),5.5,12/2023,12/2029,,6.1,6.1,6.1,(2)(9),64
1377,ARCC,2026-06-30,2026-07-29,0001628280-26-050307,"Demakes FinanceCo, LLC","Demakes FinanceCo, LLC",Food and Beverage,Value-added protein manufacturer,First lien senior secured loan,9.17,SOFR (A),5.5,06/2026,12/2031,,12.1,12.1,12.1,(2)(9),64
1378,ARCC,2026-06-30,2026-07-29,0001628280-26-050307,"Florida Food Products, LLC","Florida Food Products, LLC",Food and Beverage,Provider of plant extracts and juices,First lien senior secured loan,9.23,SOFR (Q),5.5,10/2021,10/2030,,0.1,0.1,0.1,(2)(9),64
1379,ARCC,2026-06-30,2026-07-29,0001628280-26-050307,"Florida Food Products, LLC","Florida Food Products, LLC",Food and Beverage,Provider of plant extracts and juices,First lien senior secured loan,9.23,SOFR (Q),5.5,10/2025,10/2030,,0.1,0.1,0.1,(2)(9),64
1380,ARCC,2026-06-30,2026-07-29,0001628280-26-050307,"Florida Food Products, LLC","Florida Food Products, LLC",Food and Beverage,Provider of plant extracts and juices,First lien senior secured loan,9.23,SOFR (Q),5.5,06/2022,10/2030,,0.1,0.1,0.1,(2)(9),64
1381,ARCC,2026-06-30,2026-07-29,0001628280-26-050307,"Florida Food Products, LLC","Florida Food Products, LLC",Food and Beverage,Provider of plant extracts and juices,First lien senior secured loan,,SOFR (Q),5.0,10/2025,10/2030,,13.9,8.5,9.5,(2)(9),64
1382,ARCC,2026-06-30,2026-07-29,0001628280-26-050307,"Florida Food Products, LLC","Florida Food Products, LLC",Food and Beverage,Provider of plant extracts and juices,First lien senior secured loan,,SOFR (Q),5.0,06/2022,10/2030,,0.4,0.4,0.2,(2)(9),64
1383,ARCC,2026-06-30,2026-07-29,0001628280-26-050307,"Florida Food Products, LLC","Florida Food Products, LLC",Food and Beverage,Provider of plant extracts and juices,First lien senior secured loan,,SOFR (Q),5.0,10/2021,10/2030,,0.4,0.4,0.2,(2)(9),64
1384,ARCC,2026-06-30,2026-07-29,0001628280-26-050307,"Florida Food Products, LLC","Florida Food Products, LLC",Food and Beverage,Provider of plant extracts and juices,First lien senior secured loan,,,,10/2025,04/2031,,60.5,34.5,28.4,(2)(8),64
1385,ARCC,2026-06-30,2026-07-29,0001628280-26-050307,"Forward Keystone Holdings, LP","Forward Keystone Holdings, LP (13)",Food and Beverage,Provider of better-for-you breakfast and snacking brand,Senior subordinated loan,,,,03/2025,03/2029,,28.6,28.6,28.6,(2),64
1386,ARCC,2026-06-30,2026-07-29,0001628280-26-050307,"Forward Keystone Holdings, LP","Forward Keystone Holdings, LP (13)",Food and Beverage,Provider of better-for-you breakfast and snacking brand,Common units,,,,03/2025,,3852000.0,,3.9,4.6,(2),64
1387,ARCC,2026-06-30,2026-07-29,0001628280-26-050307,"Gotham Greens Holdings, PBC","Gotham Greens Holdings, PBC",Food and Beverage,Producer of vegetables and culinary herbs for restaurants and retailers,Second lien senior secured loan,,,,11/2025,02/2029,,3.3,3.1,3.0,,65
1388,ARCC,2026-06-30,2026-07-29,0001628280-26-050307,"Gotham Greens Holdings, PBC","Gotham Greens Holdings, PBC",Food and Beverage,Producer of vegetables and culinary herbs for restaurants and retailers,Series E-1 preferred stock,,,,06/2022,,188605.0,,16.5,,(2),65
1389,ARCC,2026-06-30,2026-07-29,0001628280-26-050307,"Gotham Greens Holdings, PBC","Gotham Greens Holdings, PBC",Food and Beverage,Producer of vegetables and culinary herbs for restaurants and retailers,Warrant to purchase shares of Series E-1 preferred stock,,,,06/2022,06/2032,78216.0,,,,(2),65
1390,ARCC,2026-06-30,2026-07-29,0001628280-26-050307,"HBH Buyer, LLC","HBH Buyer, LLC (13)",Food and Beverage,Food retailer specializing in fully cooked hams and catering services,First lien senior secured loan,8.73,SOFR (Q),5.0,09/2025,09/2031,,23.7,23.7,23.7,(2)(9),65
1391,ARCC,2026-06-30,2026-07-29,0001628280-26-050307,"KNPC HoldCo, LLC","KNPC HoldCo, LLC",Food and Beverage,Producer of trail mix and mixed nut snack products,First lien senior secured loan,10.52,SOFR (Q),6.75,12/2022,10/2029,,1.3,1.3,1.3,(2)(9),65
1392,ARCC,2026-06-30,2026-07-29,0001628280-26-050307,"KNPC HoldCo, LLC","KNPC HoldCo, LLC",Food and Beverage,Producer of trail mix and mixed nut snack products,First lien senior secured loan,9.77,SOFR (Q),6.0,11/2023,10/2029,,2.7,2.7,2.7,(2)(9),65
1393,ARCC,2026-06-30,2026-07-29,0001628280-26-050307,"KNPC HoldCo, LLC","KNPC HoldCo, LLC",Food and Beverage,Producer of trail mix and mixed nut snack products,First lien senior secured loan,9.27,SOFR (Q),5.5,04/2022,10/2029,,5.4,5.4,5.4,(2)(9),65
1394,ARCC,2026-06-30,2026-07-29,0001628280-26-050307,"KNPC HoldCo, LLC","KNPC HoldCo, LLC",Food and Beverage,Producer of trail mix and mixed nut snack products,First lien senior secured loan,9.52,SOFR (Q),5.75,12/2024,10/2029,,27.3,27.3,27.3,(2)(9),65
1395,ARCC,2026-06-30,2026-07-29,0001628280-26-050307,"Manna Pro Products, LLC and MP Blocker A LLC","Manna Pro Products, LLC and MP Blocker A LLC",Food and Beverage,Manufacturer and supplier of specialty nutrition and care products for animals,First lien senior secured revolving loan,,,,12/2020,12/2029,,1.1,1.1,0.8,(2)(8),65
1396,ARCC,2026-06-30,2026-07-29,0001628280-26-050307,"Manna Pro Products, LLC and MP Blocker A LLC","Manna Pro Products, LLC and MP Blocker A LLC",Food and Beverage,Manufacturer and supplier of specialty nutrition and care products for animals,Common units,,,,10/2025,,998.0,,,,(2),65
1397,ARCC,2026-06-30,2026-07-29,0001628280-26-050307,Max US Bidco Inc.,Max US Bidco Inc.,Food and Beverage,Manufacturer of premium dry dog food,First lien senior secured loan,8.73,SOFR (Q),5.0,10/2023,10/2030,,1.0,0.9,0.9,(2)(16),65
1398,ARCC,2026-06-30,2026-07-29,0001628280-26-050307,Primo Water Holdings Inc / Triton Water Holdings Inc,Primo Water Holdings Inc / Triton Water Holdings Inc,Food and Beverage,Producer and provider of bottled water brands,Senior subordinated loan,6.25,,,03/2021,04/2029,,0.1,0.1,0.1,(2)(6)(16),65
1399,ARCC,2026-06-30,2026-07-29,0001628280-26-050307,"RB Holdings InterCo, LLC","RB Holdings InterCo, LLC (13)",Food and Beverage,Manufacturer of pet food and treats,First lien senior secured revolving loan,8.8,SOFR (Q),5.0,05/2022,05/2028,,0.5,0.5,0.5,(2)(9),65
1400,ARCC,2026-06-30,2026-07-29,0001628280-26-050307,"RB Holdings InterCo, LLC","RB Holdings InterCo, LLC (13)",Food and Beverage,Manufacturer of pet food and treats,First lien senior secured loan,8.8,SOFR (Q),5.0,05/2022,05/2028,,11.1,11.1,10.6,(2)(9),65
1401,ARCC,2026-06-30,2026-07-29,0001628280-26-050307,"Spindrift Beverage Co., Inc. and SBC Aggregator LP","Spindrift Beverage Co., Inc. and SBC Aggregator LP (13)(14)",Food and Beverage,Premium flavored sparkling water brand,First lien senior secured revolving loan,8.66,SOFR (Q),5.0,02/2025,02/2032,,0.3,0.3,0.3,(2)(9),65
1402,ARCC,2026-06-30,2026-07-29,0001628280-26-050307,"Spindrift Beverage Co., Inc. and SBC Aggregator LP","Spindrift Beverage Co., Inc. and SBC Aggregator LP (13)(14)",Food and Beverage,Premium flavored sparkling water brand,First lien senior secured loan,8.68,SOFR (Q),5.0,02/2025,02/2032,,12.6,12.6,12.6,(2)(9),65
1403,ARCC,2026-06-30,2026-07-29,0001628280-26-050307,"Spindrift Beverage Co., Inc. and SBC Aggregator LP","Spindrift Beverage Co., Inc. and SBC Aggregator LP (13)(14)",Food and Beverage,Premium flavored sparkling water brand,Limited partnership units,,,,02/2025,,8739.0,,8.7,12.6,(2),65
1404,ARCC,2026-06-30,2026-07-29,0001628280-26-050307,Sugar PPC Buyer LLC,Sugar PPC Buyer LLC,Food and Beverage,Manufacturer and distributor of food products,First lien senior secured loan,8.5,SOFR (S),4.75,10/2023,10/2031,,15.5,15.5,15.5,(2)(9),65
1405,ARCC,2026-06-30,2026-07-29,0001628280-26-050307,"Teasdale Foods, Inc. and Familia Group Holdings Inc.","Teasdale Foods, Inc. and Familia Group Holdings Inc.",Food and Beverage,"Provider of beans, sauces and hominy to the retail, foodservice and wholesale channels",First lien senior secured loan,,,,12/2020,03/2029,,83.2,76.3,62.4,(2)(8),65
1406,ARCC,2026-06-30,2026-07-29,0001628280-26-050307,"Watermill Express, LLC and Watermill Express Holdings, LLC","Watermill Express, LLC and Watermill Express Holdings, LLC (13)",Food and Beverage,Owner and operator of self-service water and ice stations,First lien senior secured revolving loan,,,,04/2021,04/2031,,,,,(2)(11),65
1407,ARCC,2026-06-30,2026-07-29,0001628280-26-050307,"Watermill Express, LLC and Watermill Express Holdings, LLC","Watermill Express, LLC and Watermill Express Holdings, LLC (13)",Food and Beverage,Owner and operator of self-service water and ice stations,First lien senior secured loan,8.18,SOFR (Q),4.5,08/2024,04/2031,,3.9,3.9,3.9,(2)(9),65
1408,ARCC,2026-06-30,2026-07-29,0001628280-26-050307,"Watermill Express, LLC and Watermill Express Holdings, LLC","Watermill Express, LLC and Watermill Express Holdings, LLC (13)",Food and Beverage,Owner and operator of self-service water and ice stations,First lien senior secured loan,8.23,SOFR (Q),4.5,04/2025,04/2031,,3.7,3.7,3.7,(2)(9),65
1409,ARCC,2026-06-30,2026-07-29,0001628280-26-050307,"Watermill Express, LLC and Watermill Express Holdings, LLC","Watermill Express, LLC and Watermill Express Holdings, LLC (13)",Food and Beverage,Owner and operator of self-service water and ice stations,First lien senior secured loan,8.22,SOFR (Q),4.5,01/2024,04/2031,,1.5,1.5,1.5,(2)(9),65
1410,ARCC,2026-06-30,2026-07-29,0001628280-26-050307,"Watermill Express, LLC and Watermill Express Holdings, LLC","Watermill Express, LLC and Watermill Express Holdings, LLC (13)",Food and Beverage,Owner and operator of self-service water and ice stations,Class E units,,,,07/2025,,45449.0,,,,,65
1411,ARCC,2026-06-30,2026-07-29,0001628280-26-050307,"EdgeConneX MCN US Finance Co 1, LLC","EdgeConneX MCN US Finance Co 1, LLC",Data Centers,Global data center developer and operator,Senior subordinated loan,9.85,SOFR (S),6.0,05/2026,06/2032,,85.4,85.4,83.7,(2),66
1412,ARCC,2026-06-30,2026-07-29,0001628280-26-050307,"Retained Vantage Data Centers Intermediate Holdco, LP and Retained Vantage Data Centers Assets, LP","Retained Vantage Data Centers Intermediate Holdco, LP and Retained Vantage Data Centers Assets, LP",Data Centers,Global data center developer and operator,Senior subordinated loan,9.5,,,12/2025,12/2031,,195.9,195.9,195.9,(2),66
1413,ARCC,2026-06-30,2026-07-29,0001628280-26-050307,"365RM Holdco, LLC","365RM Holdco, LLC (13)",Technology Hardware and Equipment,Developer and manufacturer of self-checkout kiosks,First lien senior secured revolving loan,8.48,SOFR (Q),4.75,05/2026,05/2033,,0.7,0.7,0.6,(2)(9),66
1414,ARCC,2026-06-30,2026-07-29,0001628280-26-050307,"365RM Holdco, LLC","365RM Holdco, LLC (13)",Technology Hardware and Equipment,Developer and manufacturer of self-checkout kiosks,First lien senior secured loan,8.48,SOFR (Q),4.75,05/2026,05/2033,,67.8,67.8,67.1,(2)(9),66
1415,ARCC,2026-06-30,2026-07-29,0001628280-26-050307,"Everspin Technologies, Inc.","Everspin Technologies, Inc.",Technology Hardware and Equipment,Designer and manufacturer of computer memory solutions,Warrant to purchase shares of common stock,,,,10/2016,10/2026,18461.0,,0.4,,,66
1416,ARCC,2026-06-30,2026-07-29,0001628280-26-050307,Excelitas Technologies Corp.,Excelitas Technologies Corp.,Technology Hardware and Equipment,Provider of photonic solutions,First lien senior secured loan,8.89,SOFR (M),5.25,05/2024,08/2029,,31.9,31.8,31.9,(2)(9),66
1417,ARCC,2026-06-30,2026-07-29,0001628280-26-050307,"FL Hawk Intermediate Holdings, Inc.","FL Hawk Intermediate Holdings, Inc. (13)",Technology Hardware and Equipment,Provider of variable data labeling for the apparel industry,First lien senior secured loan,8.23,SOFR (Q),4.5,10/2024,02/2030,,10.2,10.1,10.2,(2)(9),66
1418,ARCC,2026-06-30,2026-07-29,0001628280-26-050307,"PerkinElmer U.S. LLC and NM Polaris Co-Invest, L.P.","PerkinElmer U.S. LLC and NM Polaris Co-Invest, L.P.",Technology Hardware and Equipment,Provider of analytical instrumentation and testing equipment and services,First lien senior secured loan,8.17,SOFR (Q),4.5,05/2024,03/2029,,2.7,2.7,2.7,(2)(9),66
1419,ARCC,2026-06-30,2026-07-29,0001628280-26-050307,"PerkinElmer U.S. LLC and NM Polaris Co-Invest, L.P.","PerkinElmer U.S. LLC and NM Polaris Co-Invest, L.P.",Technology Hardware and Equipment,Provider of analytical instrumentation and testing equipment and services,Class A-2 units,,,,01/2022,,34832.0,,4.8,4.7,,66
1420,ARCC,2026-06-30,2026-07-29,0001628280-26-050307,"PerkinElmer U.S. LLC and NM Polaris Co-Invest, L.P.","PerkinElmer U.S. LLC and NM Polaris Co-Invest, L.P.",Technology Hardware and Equipment,Provider of analytical instrumentation and testing equipment and services,Limited partnership interests,,,,03/2023,,0.55,,9.9,13.2,(2),66
1421,ARCC,2026-06-30,2026-07-29,0001628280-26-050307,"Repairify, Inc. and Repairify Holdings, LLC","Repairify, Inc. and Repairify Holdings, LLC (13)",Technology Hardware and Equipment,Provider of automotive diagnostics scans and solutions,First lien senior secured revolving loan,9.2,SOFR (Q),5.25,06/2021,06/2027,,5.1,5.1,5.1,(2)(9),66
1422,ARCC,2026-06-30,2026-07-29,0001628280-26-050307,"Repairify, Inc. and Repairify Holdings, LLC","Repairify, Inc. and Repairify Holdings, LLC (13)",Technology Hardware and Equipment,Provider of automotive diagnostics scans and solutions,First lien senior secured loan,8.99,SOFR (S),5.25,05/2025,06/2027,,5.0,5.0,5.0,(2)(9),66
1423,ARCC,2026-06-30,2026-07-29,0001628280-26-050307,"Repairify, Inc. and Repairify Holdings, LLC","Repairify, Inc. and Repairify Holdings, LLC (13)",Technology Hardware and Equipment,Provider of automotive diagnostics scans and solutions,Class A common units,,,,06/2021,,163820.0,,4.9,2.0,(2),66
1424,ARCC,2026-06-30,2026-07-29,0001628280-26-050307,FTAI Infrastructure Inc. and FIP RR Holdings LLC,FTAI Infrastructure Inc. and FIP RR Holdings LLC,Transportation,Platform acquiring and developing infrastructure assets,First lien senior secured loan,9.75,,,02/2026,02/2028,,111.1,111.1,110.5,(2)(6),66
1425,ARCC,2026-06-30,2026-07-29,0001628280-26-050307,FTAI Infrastructure Inc. and FIP RR Holdings LLC,FTAI Infrastructure Inc. and FIP RR Holdings LLC,Transportation,Platform acquiring and developing infrastructure assets,First lien senior secured loan,9.75,,,06/2026,02/2028,,7.0,6.8,7.0,(2)(6),66
1426,ARCC,2026-06-30,2026-07-29,0001628280-26-050307,Marco Polo Fund SCSp-RAIF,Marco Polo Fund SCSp-RAIF (14),Transportation,Operator of airports in Italy,Limited partnership interest,,,,02/2026,,10269171.0,,7.8,10.5,(2)(6)(16),66
1427,ARCC,2026-06-30,2026-07-29,0001628280-26-050307,Nordic Ferry Infrastructure AS,Nordic Ferry Infrastructure AS,Transportation,Private passenger & freight ferry transportation company,Senior subordinated loan,7.23,Euribor (Q),5.0,11/2024,11/2031,,0.1,0.1,0.1,(2)(6),66
1428,ARCC,2026-06-30,2026-07-29,0001628280-26-050307,Nordic Ferry Infrastructure AS,Nordic Ferry Infrastructure AS,Transportation,Private passenger & freight ferry transportation company,Senior subordinated loan,9.56,NIBOR (Q),5.0,11/2024,11/2031,,0.1,0.1,0.1,(2)(6),67
1429,ARCC,2026-06-30,2026-07-29,0001628280-26-050307,Zeppelin US Buyer Inc. and Providence Equity Partners IX-C L.P.,Zeppelin US Buyer Inc. and Providence Equity Partners IX-C L.P. (13)(14),Transportation,"Specialty logistics platform for high-stakes projects in music, sports, production, fine art, and automotive industries",First lien senior secured revolving loan,8.44,SOFR (Q),4.75,07/2025,08/2032,,0.7,0.7,0.7,(2)(9),67
1430,ARCC,2026-06-30,2026-07-29,0001628280-26-050307,Zeppelin US Buyer Inc. and Providence Equity Partners IX-C L.P.,Zeppelin US Buyer Inc. and Providence Equity Partners IX-C L.P. (13)(14),Transportation,"Specialty logistics platform for high-stakes projects in music, sports, production, fine art, and automotive industries",First lien senior secured loan,8.48,SOFR (Q),4.75,07/2025,08/2032,,11.0,11.0,10.9,(2)(9),67
1431,ARCC,2026-06-30,2026-07-29,0001628280-26-050307,Zeppelin US Buyer Inc. and Providence Equity Partners IX-C L.P.,Zeppelin US Buyer Inc. and Providence Equity Partners IX-C L.P. (13)(14),Transportation,"Specialty logistics platform for high-stakes projects in music, sports, production, fine art, and automotive industries",Limited partnership interest,,,,07/2025,,1475181.0,,1.5,1.7,(2),67
1432,ARCC,2026-06-30,2026-07-29,0001628280-26-050307,"Ferrellgas, L.P. and Ferrellgas Partners, L.P.","Ferrellgas, L.P. and Ferrellgas Partners, L.P.",Gas Utilities,Distributor of propane and related accessories,Senior preferred units,9.71,,,03/2021,,64155.0,,64.2,73.4,,67
1433,ARCC,2026-06-30,2026-07-29,0001628280-26-050307,"Ferrellgas, L.P. and Ferrellgas Partners, L.P.","Ferrellgas, L.P. and Ferrellgas Partners, L.P.",Gas Utilities,Distributor of propane and related accessories,Class A units,,,,09/2022,,476770.0,,15.4,11.4,(2)(16),67
1434,ARCC,2026-06-30,2026-07-29,0001628280-26-050307,"Opal Fuels Intermediate HoldCo LLC, and Opal Fuels Inc.","Opal Fuels Intermediate HoldCo LLC, and Opal Fuels Inc.",Gas Utilities,Owner of natural gas facilities,First lien senior secured loan,7.23,SOFR (Q),3.5,09/2023,09/2028,,0.1,0.1,0.1,(2)(6),67
1435,ARCC,2026-06-30,2026-07-29,0001628280-26-050307,"Opal Fuels Intermediate HoldCo LLC, and Opal Fuels Inc.","Opal Fuels Intermediate HoldCo LLC, and Opal Fuels Inc.",Gas Utilities,Owner of natural gas facilities,Class A common stock,,,,07/2022,,3059533.0,,23.3,6.7,(6)(16),67
1436,ARCC,2026-06-30,2026-07-29,0001628280-26-050307,"Expereo USA, Inc. and Ristretto Bidco B.V.","Expereo USA, Inc. and Ristretto Bidco B.V. (13)",Telecommunication Services,Global internet managed service provider,First lien senior secured revolving loan,9.69,SOFR (Q),6.0,12/2024,12/2030,,3.5,3.5,3.4,(2)(6)(9),67
1437,ARCC,2026-06-30,2026-07-29,0001628280-26-050307,"Expereo USA, Inc. and Ristretto Bidco B.V.","Expereo USA, Inc. and Ristretto Bidco B.V. (13)",Telecommunication Services,Global internet managed service provider,First lien senior secured loan,,SOFR (Q),6.5,12/2024,12/2030,,4.4,4.4,4.2,(2)(6)(9),67
1438,ARCC,2026-06-30,2026-07-29,0001628280-26-050307,"Expereo USA, Inc. and Ristretto Bidco B.V.","Expereo USA, Inc. and Ristretto Bidco B.V. (13)",Telecommunication Services,Global internet managed service provider,First lien senior secured loan,,SOFR (Q),6.5,12/2024,12/2030,,58.3,58.3,55.9,(2)(6)(9),67
1439,ARCC,2026-06-30,2026-07-29,0001628280-26-050307,Odevo AB,Odevo AB (13),Real Estate Management and Development,Technology-enabled provider of residential property management services,First lien senior secured loan,8.5,SONIA (Q),4.75,09/2025,12/2030,,2.4,2.4,2.4,(2)(6),67
